vibration_rms,vibration_kurtosis,vibration_skewness,temperature_mean,temperature_slope,motor_current_mean,motor_current_variance,door_signal_variance,acceleration_peak,fault_class
0.9168375633380856,3.606834049208493,0.27737278510245755,49.54572104740679,-0.010363232431571221,15.043479437929763,0.2767074859744416,0.29986142665016174,0.5349281792526638,0
0.8728784318529428,2.741189576546485,-0.055942439753352544,37.04849791442898,0.028546533222090133,13.839534293505638,0.6191451646262472,0.18225354883601808,0.7432242383064002,0
1.0568620904274055,3.3927379989342348,0.031953148155439884,43.225001415644364,0.07627404534783419,13.615692900830563,0.1158320709883333,0.16995721100455266,0.40363853385958265,0
1.5227079635569558,3.257445219763484,-0.2572295584608371,38.48738382925409,-0.03090091630577324,10.224976134198199,0.4380403146458275,0.3146585609514396,0.6759716973680266,0
1.135150787831639,3.164836723143285,-0.018929034241138346,49.116188406440244,0.025874307332313662,14.378833897704038,0.3120115728820686,0.2574119393614807,0.5398886910844428,0
1.1212448747969375,3.4291501246951572,-0.12344726456817716,46.82874386195337,-0.09211450400221943,11.10715454382357,0.9005104331634474,0.3060665364224283,0.25109421890671846,0
1.8588456690943218,2.633176577054213,0.1588653549938266,40.54735007827245,-0.057375559086082745,10.822369751511522,0.5656894806788928,0.31534702730985564,0.402952413459401,0
0.9321184775157147,3.05362695603104,0.2618816497637944,48.772004705532815,0.04135176746188025,12.426357705594967,0.15198696168126416,0.2672006872817721,0.3507160892140416,0
0.5701495418587479,2.8050760089419793,-0.1457697906045224,41.55935183871549,0.05471150519141509,13.624736577111218,0.6227250828056236,0.2212738061667277,0.44879292347996846,0
1.1507854781071938,3.314008549051574,-0.2340958537935984,41.288168686371506,-0.010491710577712088,13.537983147900837,0.46581127012354495,0.3648087817407436,0.6417169629864512,0
1.9919446673434287,3.2702316847951702,-0.22770179225531362,38.143468796142216,-0.03204132492031438,10.61960917858275,0.6029064647941365,0.16832226438601178,0.9118959831445914,0
0.6736683288075362,3.346858003501927,-0.08072433048711775,33.23263405685294,-0.018377252313277963,13.280091328143515,0.36061980391416526,0.24786272511900914,0.31177533107380867,0
1.6001820371287374,2.3219530888384514,-0.21465833040113508,43.8959802543759,-0.04654494615156737,12.669337039326882,0.36828252503009534,0.4660709516502262,0.49982642762823887,0
1.0923840266054792,3.2199093104219627,0.23311345763218647,34.974367972483634,-0.056480797463395925,15.176197740625007,0.6800906601581114,0.24219069533828347,0.6631540940646877,0
12.042149686375014,15.362429205053395,3.0943931964325606,56.08736085787571,0.2723168208650707,13.25611312137667,2.8965232314235383,0.42241600836929066,6.147044216531334,1
2.490550803354638,3.405961534768039,0.3740115310073075,85.72395816103442,1.7167012998314228,26.197153895000955,6.273782999884212,0.3539722242814778,1.7727142831640608,2
0.6752726174863006,3.2361244526079496,0.2829376772386524,33.74030692862787,0.10132292768970114,14.851401665511512,0.2678862637521529,0.273957637948958,0.729730285136573,0
9.986145623787362,8.997760114098096,2.62259414377583,61.6103507406013,0.11204586356855321,16.139674775070947,3.1765280183954845,0.27370453760986047,3.828786504106213,1
0.529959535200927,2.973080850472681,-0.08806752118896224,38.31179175326408,-0.00673523510914505,11.395056282978885,0.5361757897199539,0.3109369444954148,0.53851995679396,0
1.9201278390221979,3.1174062932186106,-0.24569701849703918,44.68368357701767,0.0657907066907425,10.226511079608096,0.804961310834733,0.4396401995940578,0.6075742424765911,0
0.9097138309047393,2.891008437411467,0.1012237558980357,33.437539660510666,-0.014169432843707992,9.663269374720397,0.9623565600559765,0.12453069889602703,0.36903681316738823,0
6.282515129399335,14.226794676929579,2.50736933646267,46.660549523792106,0.1929110067404113,16.904313217477167,3.4281607998843397,0.11848639055765052,5.775780448347615,1
1.6394229215010372,3.1523509121949616,-0.04163711333045039,36.916365001063916,-0.0005285613906265614,13.435589574263505,0.9198612179056246,0.15035795245336686,0.5323907489036306,0
1.1078153083295017,2.9816978651420376,0.017340657812671207,44.097222126793696,-0.05362680010119237,12.585849228824875,0.3510231404131352,0.11798606153381276,0.289546983341465,0
2.2265792325853284,3.313659196947448,0.009086643481265299,51.07549436565778,0.1254898046425021,16.749695112016546,3.7623365881334028,6.662551824783403,0.5863843768473622,3
0.904722456105022,2.858063534514824,-0.2950994815845402,44.01413578591749,-0.0831828385786729,14.178174033832464,1.0061445079730824,0.42844327320387193,0.5032180306578485,0
4.486681710214704,3.4449540227699202,0.14077215291797748,100.20808358590025,1.4513051114224105,19.79912219258943,6.708915191563192,0.1736686908856901,1.3050100268151827,2
1.2713474783790997,2.52691177490423,-0.021740636056716996,39.9074360148504,-0.014142947202992312,12.293934632028877,0.14159170309846142,0.10454250446190606,0.3266726108597175,0
1.073279016603751,3.6117596872050894,-0.2228333098250181,51.54400419550951,-0.0740745687975611,17.582205950698025,4.07447208466787,9.321277463306993,1.1019828441349453,3
0.9520031201885715,3.021052004962745,0.21050201125845605,36.76745424429547,-0.03367481101805606,11.128390737398503,0.532301485983115,0.21631721894150127,0.35416570628179567,0
1.1595694386987494,2.896859203401516,0.19706501271422958,29.927050799144418,-0.07644427801698067,14.14393376508141,0.2339823448624862,0.1983105037999438,0.4372637559998308,0
1.0829001258704598,3.3493067988998555,0.16944667491783125,34.69222345892485,-0.07534161865683096,13.7763666642195,0.8482480548187911,0.23343326547026608,0.3059647806068936,0
1.7341066015982955,3.6626817222398578,0.046075004984636445,35.483320399915854,-0.058297308073307574,18.24085650843004,3.5827791618606133,5.958297800276099,0.5113641138231819,3
3.577616782502847,2.5229761435900686,0.04815035783071404,33.89888601659285,-0.01900019405553271,17.921295127380855,2.7241953727895556,9.31820953482546,0.5824990752952227,3
0.463374715774638,3.4169497289064776,0.21437085156341232,35.91222211068569,0.060664659474627486,11.231840221425724,0.23549644597258718,0.32572976033276396,0.38519702586403815,0
1.924765213907456,2.5042895347732004,-0.20832203076640157,32.204002303430215,0.012609421201767817,15.275692235437887,0.5030134870201672,0.1891578569469905,0.2877969853806887,0
4.840893561672993,3.802535795968864,0.06603521423465787,82.51752440936401,1.1209608011525156,31.32013688370744,5.283808529382602,0.34410709123590605,1.8390812737501425,2
3.498435135877441,3.9854371401189588,-0.42926929958538335,60.233132836828055,-0.09446809782544746,14.168590415959692,3.9818316885793257,8.869129902019491,0.3328111886017365,3
2.185843198613227,2.8650854346281593,-0.1699448079366451,50.41427976624488,0.1800510141253358,17.89866350868892,3.601892913225718,4.563962979199286,0.933786859189211,3
1.5201930249560593,2.5701421219780656,-0.054991119347264784,35.31782538454403,0.07532231986186104,12.98237747168608,0.4690277484473619,0.4054328752501221,0.7438551548310588,0
3.882117860076034,4.623094668334149,0.04877532553565542,97.31046312986477,1.432670950269928,28.736083228677956,3.870917717302857,0.2981599197416549,1.2828982028633282,2
3.1519358986394685,3.628441936794579,0.47056209634586216,84.06693261099825,0.9356767742173042,25.64455438270086,6.871776687210091,0.49354250770500946,0.5161113309008425,2
1.1514553693053016,3.02057104389873,0.13220571630431546,32.0420002034785,0.07513598958704328,11.947879993560505,0.5046688863176364,0.3003597786679885,0.4791302339992363,0
1.220367189054611,2.7257021866577538,0.00936373413494171,35.03619555677696,-0.02143568028733738,15.446358957107211,0.3682109982261269,0.3775392852746206,0.25527235705034,0
0.9687084797461157,2.884382177560131,-0.24907396885147207,45.98400498967354,0.01292774054403768,12.870668148075797,0.20501255452058406,0.3289358870884217,0.8128149417053776,0
3.9819148550082057,4.155899646488937,0.23765820676652433,93.51603731593661,1.5370065011041425,25.28905454467594,5.193936867508699,0.5204082727422528,1.017713103485936,2
3.635723902195152,2.917071932678431,0.3773202829194871,77.55182312083309,1.6689091213629388,30.718033407192813,4.1464308355741855,0.17930154202631102,0.9708127727771174,2
1.0681747950506173,3.1876269880310995,0.2426327586724944,36.89955664343961,-0.00614008013985865,11.374005585633487,2.8167250574506695,4.330095874010135,1.5709463813561273,3
10.257033677509314,8.40867235262312,1.5341464815675332,61.54385991400824,0.15972441747286853,18.77973230242355,3.5350365233843553,0.48821646031807436,6.827068872041147,1
1.5839360983578241,3.2620898826134406,-0.06986408538045887,47.47361314915185,-0.0155430645965577,13.328966758758238,0.4885735263279471,0.474284231739519,0.9460140515825383,0
1.3877391291413836,3.8938548418742496,0.3893428073372225,35.58506323017345,0.19040388750082934,15.180352422607859,5.213672094621896,4.80250707108038,1.1044729406574567,3
2.9813597962746115,3.0513437550053495,-0.5021384474123487,48.152586417158815,-0.059756914079651044,14.046523845624435,2.546678108721474,3.1093003516832867,1.0238809661394894,3
1.1941035924585048,2.7196296313428054,0.23756222136139224,38.011773221474925,-0.09270939971973162,10.800318302625099,0.31703917389047526,0.09805927525203996,0.370641710579861,0
6.08163083145414,11.205345666902913,3.682351028262788,56.89175279910389,0.09010213641635903,16.63225999175021,2.2842194178468063,0.37049674031042285,3.927331841417085,1
0.6198518919533835,3.1430567880256732,-0.14761905356537966,36.03939302321686,-0.09431931846492367,10.024963764962553,0.7868654099046456,0.19808278230079943,0.5872090224387291,0
9.989918601477864,14.043882959279003,2.6139495135308786,51.7422766280854,0.15689319000430632,14.987065022011087,1.7752524731957968,0.40663826994939356,5.70777697123678,1
1.0865103134473397,2.7781120365122725,0.18266712597913,43.0572422852654,-0.008771056195121777,16.18917830817645,0.7183118560150122,0.45523465344898667,0.8699033005787374,0
1.3201294437392017,3.3182967791699443,-0.13210247568190486,39.84060888823153,-0.06540440998434069,14.552601733522083,0.875956701105327,0.4051340414437908,0.8278559566986836,0
0.9077450697749293,2.513820064616233,0.22939614182577675,32.74468916177172,0.06605825003701125,14.320447705698356,0.47690982775969826,0.27541137052425396,0.7993915356175916,0
1.7621230365891636,3.3754705269048895,-0.1032518409993359,39.59207505546823,-0.08754667075927348,12.73988321168199,0.17915555104830816,0.1422514531590462,0.404137905323456,0
1.0221290251351318,2.639529071267496,0.16988944182572097,47.02724427041523,-0.017823086411460964,12.004355578773188,0.9684073151375524,0.4816696803545886,0.21962765702058112,0
1.1146636976874034,2.5439016845990627,-0.4429282790044892,44.05456904194143,0.11034279472624452,16.47513975070317,2.4979940719842544,9.496610503642309,0.6367147904676145,3
1.6177987126825082,2.656803937328609,-0.2779923673786933,49.71888070560843,0.14292375541869798,14.03632930912786,5.042912555983392,9.295250683203127,1.0960504986052821,3
2.4228530116653837,4.868802350818029,0.39542936293657666,96.66122994465047,1.6729356415782324,24.582019023817516,6.439563696699537,0.2930130500669805,0.9429189376105757,2
1.5000156847881148,2.755478047569162,-0.09395150514449212,37.68769769985307,0.0638967994931897,13.921649414572105,0.5115956008652295,0.4713500804637184,0.8364699575243736,0
1.5776752991302825,2.9129610085524558,0.0521303176667766,33.064205654908484,0.06928603295884908,10.387840758129242,0.14385055087161563,0.3607836521093209,0.9139964645376527,0
7.102162270522413,11.511691194617171,2.460689586350538,52.65317413862502,0.26245541239746684,13.51826559993705,1.779563363391249,0.30032799696670637,4.340539430239211,1
1.1947813611597353,2.629981146935608,-0.24236648707042333,39.5416694900171,0.05394653033840942,12.782718383585705,0.7978414331927665,0.2301947524154311,0.3900694300517767,0
4.0950712509756695,3.7489735044055426,0.11971052295543763,89.30397517577777,0.6063381636407278,28.503316519261517,4.456670339539197,0.1489733508521264,0.9948052951536932,2
2.5740408733761893,3.7045504841338923,0.4648545199041972,49.96400313207602,0.10497026004707713,16.022659875944456,1.9037306735048498,5.232553313846552,0.8994765571789566,3
0.5874282157682067,3.222809958010652,-0.09358518796333491,38.28079667449995,0.034557087014595776,10.202779321596966,0.6306914218430548,0.23235203380880942,1.0236325643087694,0
0.49242381171184246,3.0432444175367053,-0.029007709579161742,36.420369953723444,0.04200349850509019,11.706027930937205,0.5208169542403637,0.4871264300056624,0.8769031380874835,0
0.9290389724343927,3.3386839236329853,0.22838015545637702,38.306210627270204,0.009618167285448948,10.99583846151695,0.7020432198756117,0.28974562961144795,0.7820108405446963,0
1.740161124868517,2.9985936145426026,-0.0052092137400926745,46.83946186901889,-0.002803297767999817,11.020994421728917,0.9121457595992839,0.27686915371638954,0.4445143224886058,0
1.3712494194684273,2.8681517503324434,0.09161405171479438,32.570136734631014,-0.08177765677119678,14.87031557120927,0.7853982852005654,0.417624237406095,0.6093758077858178,0
1.26494299620798,2.891558317808463,-0.21917590796888192,45.609261341089336,0.05901954363915115,13.021717562359047,1.0079843556561527,0.22493944651609,0.6167383028725905,0
1.7000565222797672,2.656226457464902,-0.1326548386776462,41.75217405355964,0.039915067561821324,12.631656551948238,0.44899895683137475,0.3893283430394015,0.903662905070858,0
10.194241035982609,11.803153962628425,3.3374911027902385,43.73897204549319,0.2406470699346846,19.512410365300774,2.5108801902283484,0.4901576063487731,6.517460952400525,1
0.8867257261122405,2.6483397139730043,0.01928314999171088,37.50340085473101,-0.029556281220264234,14.499673844430506,0.460633771595205,0.4118354104517584,0.5311062908512604,0
2.7382483195864222,3.1139715624328335,0.06757603350179432,96.22026947877993,1.6537436240046808,25.148694889892507,4.821835297432739,0.4535365678815611,0.6825621537364475,2
7.575639239110099,11.886006913784184,1.9319785446395747,58.90410934230541,0.15132834492599248,16.27272923626128,3.022986063250003,0.5507520917582797,3.8733894247463474,1
6.468931134235466,9.24425027904485,3.340482605135401,54.31418287117141,0.27644015458235865,17.97061552701057,2.462863986021414,0.3122286162051426,4.890072901035584,1
2.3060740665439554,3.0416194778405106,0.27538955610194,100.55345475387686,1.9017706080801198,34.892921448108005,3.306960975274942,0.2898996777091511,1.9211860027841408,2
1.1767003364117976,3.322410413256844,-0.04522660128787013,50.728091365355716,0.020734983913464126,10.39247187984584,0.2403334112567106,0.27394630584585766,0.5483959566768997,0
10.481621852082453,14.851600211802895,2.6558013845912445,55.460320203359615,0.1291317524188427,16.323390828490936,3.2220644973393857,0.20867334673194246,6.377860066067329,1
1.4129328084170032,3.0923177390994074,0.1991361255200452,45.01037443516035,-0.026938210707099806,16.021385010740016,0.1003841847637939,0.37353524120957976,0.6145163308010397,0
1.749001601910706,3.3783323465853585,0.23702986972048118,34.09658287163784,-0.07515552904110953,12.099555192968518,0.7392946598141485,0.3154973172629545,0.2948408485593386,0
1.648696978905665,2.692160917190101,0.04776408476169332,47.92394778593759,0.018646838883579223,14.253532984178467,0.7977846737331413,0.1050782718066894,0.7577880811935626,0
2.623172823538559,2.5706913852139435,0.13796382074486768,51.052999438241216,0.08980046719676786,11.970229431888884,4.212797653530597,6.977308104361352,0.8476897797603989,3
3.986177472288347,4.565349321501262,0.23985108400340896,104.12255526250453,0.7530657449285988,24.91007019663353,6.943022758200948,0.1269921280695079,1.2937116672869982,2
3.353736615986802,3.0345372490561764,0.31286850345323725,83.93781012789333,1.6354708196477548,25.369691035489936,3.55184569654785,0.3996774139795772,1.035262111490885,2
1.767393604878078,2.963124147336537,-0.06831838270565285,44.172160557231884,-0.0007789217774380927,11.139067146157545,0.15426533785538615,0.2287267168878161,0.7462824359549642,0
0.7477805095212695,3.05350460867027,-0.2227543131692645,42.80494732574531,0.07405150406577601,9.5420486626531,0.11782146780683876,0.41615011399352764,0.6237353762128255,0
2.0847503115511516,3.5983518318180887,-0.2600546358460217,33.7768276143683,0.08198202175228882,10.503187093605728,0.5192251552685833,0.40113017091111364,0.2971204468040335,0
0.6816404873599473,2.9146940843184623,-0.02817052015369962,40.4620812778412,-0.054464081650167744,11.973210049728547,0.7131943480778702,0.32826152175471934,0.4853598658685994,0
3.5541951714648325,4.022215187559899,-0.3237050987775626,54.909227082000136,0.13385483640237994,12.60039115469013,2.259864907172836,10.128606740636585,1.1420652079684224,3
11.747809350607463,8.547960672433724,2.232870667691341,48.28046263471536,0.19485946632428264,15.709268866883177,3.86420296134515,0.16319957858758777,4.521060854768089,1
6.552482125186779,10.526002437295293,3.070134112549618,59.8488174907041,0.2455677205074451,14.800110106142581,1.875995245814309,0.5695501698206604,7.109987269824704,1
0.8635074209778912,2.6112847403858503,-0.0318525781958268,38.4123803301703,0.013048134740571987,10.860546884812742,0.7526151215801087,0.47650572914931555,0.7951562382029014,0
1.6086352816569487,2.4003993627180606,-0.08765233785021274,31.891275884717935,-0.03751736857838712,13.276728870556061,0.5321970712935669,0.47363453657505744,0.881071654012579,0
1.7492462618014617,3.2123400577935217,0.22953408144535714,35.67379340039588,-0.0288245847242402,12.154608020258776,1.0133107517784512,0.20762901715009668,0.8295742058130509,0
1.9269885952643744,2.505013206014585,0.254619932167842,38.025745462017646,-0.07276491608349193,12.119820676340897,0.4538308844221752,0.48465734906473534,0.746670093887882,0
0.6263898476041744,3.2146860133520954,-0.11478703535273892,31.745898244347202,-0.07053018227520981,10.987405227123833,1.0319327919512407,0.48403946589796015,0.40016010031140503,0
1.7239337228858749,2.802951417933196,-0.2711980545795886,45.73985436820483,0.014823787486251726,12.966933136331644,5.236906121708077,4.720892138985582,0.5181857990101066,3
2.0500096484197834,2.7526864973046443,0.06514807208314803,36.05006836193351,0.0060668787469805065,10.85881542672501,0.29009919954578034,0.2912053860339058,0.5624779294631634,0
2.1928332140138385,2.788207855435467,-0.010278360046613257,31.91964854816821,0.065080646992982,12.142619795088915,0.7965529772129928,0.1427051390388408,0.2426628461752859,0
1.7469789691638435,2.6058384341753738,0.240467440964726,44.96323874570466,-0.054635963740568956,13.43234721694535,0.6072639950742215,0.14754328676524503,0.33250642118850704,0
1.4515987621378001,2.586570708740539,-0.17077222900735314,33.20646012544249,-0.02484689515308387,14.250867908130207,0.3468710795979291,0.4721433808334102,0.6854825216605883,0
2.5297792115415554,3.0183658846028,0.42516458442867405,44.32126599734794,0.13995576827125922,15.85476037778602,3.2399558042825967,4.2897520984684725,0.8659649853315486,3
1.3456049569292472,3.0311275187697793,0.15952295413314482,41.843818674328745,-0.07416822409520571,11.772636234784478,0.8898457460786035,0.4755759699042032,0.7828656302787625,0
1.2616950613691766,2.7274090423533677,0.034827460607664736,50.60595904090078,-0.02715212096280318,14.248410735680299,0.6635392621521051,0.4818643597309776,0.20701776867387922,0
1.1119467606072255,3.4278823806854115,-0.16734249689070213,32.997847460520795,0.0722140489745132,11.5991894196897,0.5701530644322078,0.1026212656524771,0.9302563191451709,0
4.1619519183305895,3.6845718707052226,0.08913618809700855,76.44343755041447,1.1336568474894186,23.199278473142748,7.8346094385549145,0.5045356443163741,1.7383230860958703,2
1.4981790275946434,3.0585832934075787,0.10273478266328434,41.70046480319342,0.026097978494100418,12.70831572499987,0.2854711105561231,0.4262844061809793,0.436194561864478,0
0.9804678421037573,3.365581825547749,0.16157382523446095,31.323803837806466,0.06037960872310294,11.06990033538345,0.23370499144580686,0.10759070185434716,0.32268078713023396,0
3.963247662501603,4.087763371276578,0.053159188157437295,76.15241080576973,0.7130675265481432,32.863134836248264,6.834939416702565,0.3227802508138501,0.6631749919057598,2
0.7853359252939988,3.5200356080772854,-0.22123764930519174,45.49947954230264,-0.0404101568249533,13.817408083844587,0.4725374034927807,0.3060934981204163,0.5483572765584814,0
1.6598034689310412,2.680030112318497,-0.02933385640411786,37.77833458597461,0.01409122955487772,11.56320587750967,0.40346195398134016,0.45839729600475854,0.9118522600118754,0
0.7401177934735145,2.9576281437636744,0.1588662647034349,44.45435978751574,0.019251458205025534,10.205201163129994,0.7640080425113442,0.24617435939169544,0.9413316134142,0
1.7934273229096576,2.464568218531706,-0.0376442837514675,39.99030789599183,0.054697752015115925,10.999947405552133,0.8097391297197424,0.4177572361089273,0.2934559092720758,0
0.5856873161780831,3.443817381519914,-0.1738760585487095,44.949478515226886,-0.05880063471369853,14.63708553160802,0.8360526875260261,0.18522738935042152,0.8107399683344876,0
1.9084508368248505,2.9732632089790556,0.22465794476690332,33.02132232321773,0.04887983357041056,14.258940064208787,0.794767034916415,0.4337999739948351,0.23358324165104413,0
1.3350564782421703,4.0217985977213875,-0.42146422345157125,45.63276071909495,0.06837024661849317,13.738133777016978,2.3855038032369107,3.5544601634172457,1.2964628142404648,3
1.4255564829981415,3.0635025152895996,-0.17052641850068428,45.203343149457815,0.04616211994754027,11.688677696894947,0.14278361193434166,0.38802755296612784,0.8433603118690659,0
1.9713161809582707,3.2525581510872166,0.01631575096202597,30.816502922347727,-0.056000096201102474,10.919307593151151,0.1657873996252975,0.39845791696440613,0.48393892024279567,0
1.550531533719025,2.663090754546056,-0.483047553563806,38.727744470136194,-0.0868733214101123,13.290901952739,3.137510102419192,3.74825944186507,0.8421931655545932,3
0.8313958642192593,3.0949690123212803,0.2529159102023509,42.255530848941525,0.043257560707160525,12.684000092500675,0.19682565132840144,0.3964125853959728,0.6689916598461365,0
1.4123322688468367,2.490807575286917,0.30142804721188193,44.13635340355199,0.062033618894081724,18.766306072701106,4.131509557718521,8.538175190977398,1.502434440140454,3
9.236766098838475,8.738687331121868,2.74437745519754,56.811923596941796,0.1001004398219174,16.190806325735913,2.470551771220619,0.36713106377165355,3.1365761884517465,1
5.1858825076331385,7.965703705609232,2.077592224497123,51.6798488015657,0.14077755839830053,15.573588081282269,2.390098169877518,0.2855170381236566,5.0680138556978465,1
1.2033444800896211,2.7065536860979593,-0.3148649990298696,37.60959336273291,0.1743631883390164,15.218707561998333,4.342932036394682,5.825991455943598,0.8276149683387943,3
4.947767095611995,12.672939947828361,2.3103511021980943,63.85285084580007,0.1754149758368685,17.387142170901885,3.324291298595766,0.2919656470825895,6.673346771540661,1
1.8279884170819025,2.8701821173986786,-0.16511251731428775,40.67821018248382,-0.08457360381527845,11.61111295626543,0.8975608064194861,0.19587489074403275,0.7226177477800836,0
0.8702037428547497,2.6837767555309444,0.2377295960431811,47.38790342759082,-0.018714517535275307,14.11165679967205,0.7093869357024505,0.14017279437153518,0.27060667627310936,0
2.5442911190571125,4.865506505804375,0.47242417405999093,96.72284968853666,1.326646856011909,27.401754381438806,6.5942238714604295,0.12022864104847776,1.6326861302986657,2
5.302937748076437,3.616592588329877,0.21179567483824302,86.87492833404387,1.8597952303103649,22.014071243672827,6.072088822737915,0.27811390798575436,0.83897001577624,2
2.317271860963891,3.5185688976168996,0.030910108476923992,46.60800688580073,0.011783217303826173,14.753455156053237,2.7486538349992387,3.2466781770267383,0.8655618445857163,3
3.6831616303098187,4.6137506026215975,0.20447788814272172,85.15447468938575,0.5528750972302388,28.498386460281033,6.468247568814595,0.3908047454465709,0.6871804463843786,2
1.1045609237643246,2.8143618238105246,0.20050562834063615,41.26581165183601,-0.03642859696904617,13.257972573224922,0.3484644504965979,0.3256756727705093,0.5167139831757266,0
0.5657619292162909,3.264773591922681,-0.13723996039661698,35.513655282010866,-0.022107446574167494,13.977358326464175,0.3062504935788954,0.38473645037168375,0.5127609895666798,0
5.003903512554828,4.181801166643822,0.04604392217128588,92.92670134159117,0.5694228214636156,26.085924981469756,5.585392596815493,0.12977791310981668,0.9253645593553524,2
2.2652965975632795,3.474823559153258,0.44498383463598185,99.24116294036249,0.6096076856182652,24.31060009169397,6.0353558965211205,0.5107613881339363,1.9907389907763877,2
1.6690067660022585,2.8200914245491666,0.22790418820204447,48.54006355662209,-0.014777871470680406,12.374618318259827,3.282646014019099,3.3757003947332183,1.1337523871206272,3
4.182887194692937,4.592219452767727,0.11844134359747288,101.48506734183941,1.0269381277050018,25.91343594412899,4.511606124315839,0.4211796481352634,1.3513599996858183,2
2.582516245261813,3.729331296648032,-0.4717335129615513,36.97059302562462,0.15614897792611449,11.017832859582942,5.274565521504398,4.235960480344724,1.3903975470553855,3
5.699532251009651,12.573077880241103,1.868669808672788,60.839013025246786,0.13507898994967804,14.330073103952431,3.215429572767235,0.18431508492805143,7.257239669212873,1
10.777339939412789,13.917310752227866,1.6363592786128374,53.671594208692476,0.08005690104109806,17.237711923363715,3.7198745530931374,0.3913916941927818,5.008948325413932,1
4.251393602569108,3.6079384575146074,0.3434709257033553,88.69641242701063,1.8966569986246626,20.736155797898387,7.443722451532151,0.44131295492709116,1.2562557685897027,2
10.442271388558682,14.658550450293557,1.4572337841737804,58.53109756946687,0.20815889346153846,20.297934747063696,3.694773490582412,0.5515920447859968,7.4299129106527335,1
1.088608928235481,3.0871934064036566,0.07925119494924218,52.75550794578362,-0.008595436393209852,11.1176433543358,0.21379809840731034,0.4462081456984506,0.5701759998949736,0
0.7956657964889445,3.285207908099351,0.21252436528184665,46.57874829396167,-0.10004862794734119,11.44031568561803,0.25108459696498636,0.26929180331797714,0.5531289880115658,0
4.044924252032953,3.85193294680983,0.3051394162905614,87.68885713611384,1.6819021375471734,22.961836221572742,5.6510798914139375,0.18357181956104737,0.6032682280521635,2
2.6152991858127894,3.312088603206279,0.39584012945363334,51.087402194545476,0.03278108622842687,14.422009943500194,2.75612005467704,4.149111098138172,1.3643904351834968,3
1.5739124674019034,2.9431576891601203,-0.0139298989654202,41.240159573336086,0.048659468631144724,15.787165616767986,2.853784010297903,3.2689759373179754,0.7471766578541089,3
0.6278939474997282,3.3003420888365866,0.005380953784976019,28.9824314847079,-0.032930936728621636,13.387744354539088,0.16005003415927196,0.2702199213386111,0.9183578808835561,0
0.6197569566923835,2.810524105333446,-0.25202174591394005,31.65663252737935,0.0024977551835785637,10.207087130885073,0.7442415340526495,0.15376088463641338,0.46441832486973555,0
11.569581487995794,9.244116160308128,2.549460861401017,50.495924063974606,0.30306711664921215,16.433295864169107,2.8745466729219853,0.5995414413976079,7.329776727361862,1
8.597504863271853,11.767251275493333,2.9502692343973314,53.27150747597429,0.1826992402545689,16.000228508506854,3.4967869786358095,0.43032057832692633,6.575976144549977,1
4.0359332979647045,4.502052443114404,0.09825110646192899,115.41691043346604,1.890997975911497,32.929329186008516,7.348507665083739,0.4602573410464015,1.6556817384871552,2
0.6300352515144897,3.3693550983628766,-0.1901020327513159,40.56113614290765,-0.07777237504192647,13.630533294106398,0.6825269387717845,0.3634601266039088,0.6596894239767305,0
1.376023903186279,2.651319005889121,0.27391259179997884,48.98206433210806,0.011681018236436204,14.351637305513242,0.5240507559706,0.11508979998136684,0.6687601423619254,0
6.1213057930576005,8.213959734231915,3.4998046320637637,46.185292319396346,0.09149420518842592,15.706049630837063,1.5351479959467633,0.5868770359751827,3.9610477405454105,1
1.9999243020856947,2.4841324331008754,-0.08973957176979895,43.00414285366687,-0.0213108408124308,14.331337039190347,0.2564293481363882,0.19629377022940683,0.5539652962905237,0
1.0777540294180232,2.959613289668069,0.0027541997295751908,38.797154243832196,0.10145449703240138,12.561666264978738,0.628995093641185,0.42721257053423456,0.5418228864121961,0
1.7737213992577858,3.192347360686097,0.0707948086303639,45.203788926906256,-0.07891882849705494,11.94675305762172,0.6068994762853606,0.2159512232813551,0.7232855049534572,0
4.09317362551164,3.201923086472408,0.22617572780749243,103.54014764598479,1.3805504621126765,35.692848924074305,5.225029993347485,0.5324084276799979,0.6511854861610812,2
1.2811689134696587,3.1328253072197514,-0.21992831353038766,42.88465598323381,0.017071215994373015,9.659389909628079,0.7128975032667139,0.47407092765226666,0.8980035079866845,0
0.9097296231311024,2.6765478362853514,-0.2515879136006814,38.52866007552911,-0.11119193365298498,12.634319410390127,0.7521178686842743,0.41188092664968917,0.4887296662493734,0
11.382211242254495,16.36847738808801,2.4796142197975084,47.573189218297124,0.2646496545965519,14.676523092590008,2.905770082765647,0.3782286093618392,4.191476022168557,1
1.3727791850863293,3.0123572348494654,0.03075384394828583,42.39870058257122,0.030804984717257913,10.1128728106981,0.692669859082393,0.4781771882960896,0.8062479041497217,0
7.174949428093453,13.502823358278409,2.1371885075386876,65.1422552225979,0.20610414065907434,14.773279354578548,3.0541879423679332,0.16165211086682788,7.043899930411571,1
1.2764652139468564,2.7388368238950744,0.05949474791871736,49.908465919190284,-0.09209046756543089,11.892251902747141,1.014588572927364,0.13787763800366848,0.4595998805323591,0
0.6755093096083988,3.056919723147147,0.08951235540280994,43.617144465231796,0.07533915169128773,12.800121113256447,0.5671245047399489,0.43235880712785424,0.8595603557221375,0
8.431943213948745,11.29076730432559,1.9596198599941967,45.980679323103146,0.049810219242226526,16.384850814664272,2.3080521429048106,0.47044025757120644,3.4600981348143107,1
1.1009711299666818,2.6337313449883135,-0.07009669982073209,41.97447436616068,0.017388209456804405,10.319921624164598,0.3261302040112833,0.3000626970017669,0.9814091431723759,0
6.654860822654313,14.860936412403255,3.0598482259187283,54.70948504024834,0.23409925145708316,17.185210248407227,2.736425386399789,0.28176904026838206,5.87006151562257,1
2.5935444170394857,3.7991761170380114,0.3444165103529478,74.37015102432889,1.7309148575189572,25.691881914579426,5.432668501159082,0.1813337419155007,1.713122455923099,2
6.713607332480808,7.42358272671481,2.99488093549207,49.187044566716054,0.08127550572347651,17.42504980894431,3.1022607640383604,0.5979401195002885,5.7395204073348705,1
0.6455706836963526,3.148796733036358,0.27396931636209426,41.51648226112205,-0.04041286858538541,11.175972804405284,0.22322057353042205,0.14342864912754782,0.2856198312606938,0
0.5260677225715086,2.8966038423323015,0.1980385997099847,40.58619898487751,-0.05055979126688797,11.041951371118877,0.10691076408237273,0.25683602560129876,0.8214699379511197,0
2.444960769975697,3.6387598612265006,-0.40043522905992956,53.097133945174875,0.18262097265472915,15.355557062868735,3.877577001649763,5.071782110437706,0.5395152347249494,3
7.277822047813872,8.059427389043794,3.5349706935273004,59.72640418091124,0.07050928887835257,17.81276827787863,1.6476741060078242,0.2842739266454923,6.53619472322865,1
0.7656105140800511,2.695694169553207,0.23178226144185216,36.29537181402912,0.09140141253859345,12.426285249449403,0.4024894405914434,0.373516005912412,0.6724148790022022,0
1.2443857417121098,3.1559281828111274,0.20591676659207853,47.889359001904374,-0.06467188914276376,14.104370115162189,0.6566578753453151,0.2653231364457233,0.8752557025751061,0
6.998940044523348,10.90890053201479,1.8840349249025432,62.02493088344866,0.21044187978860582,16.75067247246638,3.852529097925995,0.22595797984181157,7.006577845609943,1
4.20507671902492,4.275073458140537,0.07962501948720276,107.18201934850083,0.7427792174940279,23.922397901272994,6.2980582974619255,0.278162253005069,1.7833027114097777,2
4.396815827380698,5.132819053362613,0.27989444906710376,84.77132277274873,1.7422944045227828,24.87799849842997,4.953813725654956,0.18067599456054828,1.932792324999373,2
3.446155323350861,3.4251768035386134,0.45787985164593625,80.61814348596829,1.3448756285128685,34.49388115784758,7.215373262141279,0.21834953439921492,1.9702232505410822,2
1.9068802762000934,2.7781268942126762,0.07299516903048356,42.97224604697869,0.04226755262005248,12.841041080325498,0.9185697725357811,0.29792508828329783,0.2708226767404435,0
1.7174277712751005,2.597196251760349,0.2507806645670599,30.061561517007885,-0.0023635940373882896,12.564253367722072,0.8222160097128747,0.4775932088022907,0.41287343832356527,0
0.642437684423986,2.415082076574945,-0.08167914577761766,49.14742558378876,-0.00041556644789524425,11.888891237351976,0.18146034026602792,0.38733270558097443,0.929930112083,0
4.466609418787732,4.900727703467716,0.41965824139857877,96.31962843568938,0.6209292143311279,22.64939728201443,6.347570987491057,0.3383255736898528,0.9311022731811864,2
3.5758445968646058,4.34109755383697,0.4572060554129435,99.65329809190914,1.424688940866455,22.263825123557478,7.390083002112405,0.2050599480758847,1.3244219902382381,2
1.1992688563895728,3.018934508465203,-0.011773605179908971,53.275033517953425,0.1497762830274411,17.07611218748338,4.276637154464494,6.014137484913619,0.436890196768767,3
2.0886475075633553,3.474421692304333,0.04939856600030507,40.041159541998766,0.0577034974868298,14.156094518462773,1.0066546127500178,0.15657297485377294,0.8366651367230435,0
1.851223460623126,2.376209953071204,-0.15382404115222023,44.21958101472724,0.03218723611858386,11.834163806412096,0.5015777513104336,0.4801826628159376,0.4622096470384487,0
0.7165469074103146,2.8296951897582563,0.1366353403346729,35.196359627528615,-0.10457736104290843,14.537544936229327,0.8043508660147712,0.36801790335915846,0.49928894419109326,0
6.278945985859678,13.360334631671542,2.689610055199007,65.46489498613099,0.07261400735925304,17.59742847770062,2.6087928969060443,0.46273512508721026,3.654439963218605,1
2.51143218364165,3.393103792678039,0.03744320667806086,94.755219670297,1.6772604171219851,24.514181338239453,6.3926755167317,0.2535971812721508,1.7225479426629926,2
2.9923037615132078,3.7728051566141305,-0.09657546166890323,39.207005270826826,0.005021823011000924,15.760289732791744,3.7405836796620164,2.8566134925146502,1.3013137017868976,3
4.577880434709856,4.923247258056008,0.24223165212757156,77.8179281004226,1.5008954465148943,30.20102738108976,7.219593269046279,0.30093608163016505,1.675117017454895,2
1.0067812390180864,2.3418317654122425,0.05129294761100353,49.09396262889592,-0.08289699663566856,14.574283865940782,0.4608779357668186,0.3765267054347631,0.5325015621366408,0
8.217566621412473,11.4791918010219,1.9906009875809971,43.667579875305925,0.2778708826078513,20.388268406467596,3.422719860492111,0.25455925382341216,6.5970959319620395,1
1.097859637065627,3.0827938256896874,-0.01725867627253357,38.735286989553295,-0.060443494532594566,12.588600049435565,3.1178150533504176,6.692587050594539,0.33960465140288276,3
5.732208346978084,8.605770711615525,1.7737479264074338,60.51104577939835,0.17671963696532808,18.97177941862372,3.0834689630933942,0.4343362986395359,3.876908198708359,1
1.740795720359354,3.709017375811475,-0.21412236457519393,39.07479637835093,0.04041690071943878,14.693872799488,0.6159592202535111,0.21920975544902002,0.4639822483070113,0
0.8660175135646621,2.639322093525963,0.0054465340434264676,34.01947555589014,0.014316245870426398,9.714826317387269,0.47872693531934013,0.27750782167127097,0.56858027731516,0
5.756639736918214,15.491721829935614,1.9259989472921721,62.535267534088504,0.1636996891941748,13.429708256109562,2.5004806796063224,0.18700606357859825,4.793301566653827,1
4.736542983744187,5.054220844608446,0.26906746773971935,95.14343996708602,0.9217155222644197,30.28369356965441,3.7821747754417774,0.23213992230113498,0.9826201461441808,2
1.331707638151865,2.919017191186375,0.3107879353452519,49.29099565795565,0.09955316371031009,12.032452208200402,0.5689892148354815,0.48981125471860026,0.8525342488617366,0
10.07891246616415,9.199628986300462,1.92125845490035,46.37863331459598,0.2733158778990127,16.794833785220376,2.510497845711341,0.2212306918950069,7.7622985915703815,1
0.8737224909708761,3.7445018291072225,0.28580609139613744,38.23623847486097,-0.04276054297668156,11.713334112517705,0.5368556067368355,0.2829808293306572,0.3715576909860836,0
4.26522468430594,3.803590940210334,0.14587896038368717,85.89834844374128,1.7120688315781383,33.26168109384266,6.561677564439102,0.2572945494517531,0.9896957097800704,2
0.5287710050747118,2.6590960270233297,0.27458460520718875,40.095496128775956,-0.08545219707843943,13.8628515596934,0.5174348405675899,0.3287992115484175,0.7624897484693411,0
2.167831150818446,3.8585043394445555,0.44981147887196005,107.00877658216221,1.4548424834246183,22.583744065475607,5.185685899295063,0.1625383756067802,1.5211783150249667,2
0.9478410522318518,3.1466138572592324,0.025774653293355727,29.234437078851542,0.05317963023611524,12.721360290270255,0.45771019368669685,0.17929587700104938,0.6531656113371144,0
1.1025780151839195,4.104014194031316,0.40913565235938004,53.811848896199486,0.07175599846905606,15.571504175015969,2.4473755347995354,4.054414263595847,0.5809744422537807,3
1.3942153084051467,2.629797142657694,-0.011164183162315324,40.34984448647229,-0.07460708653286158,10.006352474134319,0.7404695593013552,0.3894756747520066,0.5939079746501105,0
4.099941263687837,3.620889035730094,0.38104792872082405,77.92566306999792,1.4952414286995217,35.63417027966246,7.305902037245861,0.15263857374071668,2.1074577054021257,2
1.813977559644184,2.931814237774002,0.25029586691173544,32.18627721773289,-0.08646240673340713,12.00212247118326,0.6610069189204617,0.15553630210588995,0.27470715735387113,0
1.774164881401574,2.803030694848584,-0.2727114906973094,30.979591674122872,-0.027349335170438718,12.756261114028128,0.26719752442774997,0.40966310048674887,0.9503474567258468,0
1.949313351710373,3.528305329036139,-0.3020397911860289,47.185451806185085,-0.0314526995803102,11.223348932920334,0.4962799863538383,0.2493293003436852,0.2732514725343305,0
2.9456472799947155,2.730571446355508,-0.22525311198315284,43.30027189580408,-0.00413014658830227,14.397884352580464,2.104542119146428,3.61539862457414,1.265249446094022,3
8.7734767918843,9.696819060202959,2.0765081508552603,55.34405378251162,0.07598609786690622,15.315623081077417,3.4847862288184484,0.44522313938060454,3.7382629515492223,1
0.7041709062493101,2.831648654431628,0.17388106433680905,29.039793971885857,0.057130694670495134,12.102349296561847,0.3554518174608057,0.3273432508312467,0.3581621929739381,0
6.408177250440567,9.110536069467843,2.7411235665587843,55.304248102383156,0.2399244972047135,18.54730855300216,2.3303090935062998,0.4823681963852487,7.455222918227725,1
1.1354631617871391,2.8011125862331854,0.04899628374116511,34.64380213006292,0.07192367746221696,10.854404154334754,0.2505160747397257,0.18588502260687476,0.9617229684409052,0
0.9333690943723765,3.0218351955492464,0.27703526751394975,40.51012129708659,0.09284313993449199,10.475577730308736,0.2782361042865729,0.2264838669359587,0.5700742285372963,0
1.30719111948463,2.9371351608367364,0.2507640323512154,35.93154021927596,-0.008790407134670728,14.254474588564637,0.11349697116682862,0.2585369271826727,0.6885952687835447,0
1.4041416641636293,2.784772998006715,0.1167772142873585,35.27392011510227,-0.092526389718225,13.560839203859674,0.3534100099718557,0.1663392669400672,0.4351651240310934,0
1.1428922654726705,2.3917934369634377,-0.01647233290186656,37.57901048940327,0.07149082102828375,10.480126417147103,0.9600203594700901,0.4642748140988127,0.7344281641876418,0
5.190643680941833,4.012130350519022,0.10738497122841022,106.78545145226829,1.498479550352254,27.018403852034556,7.401429606943694,0.2189614249190997,1.110859022332709,2
1.3523173193120026,3.071554277518246,-0.10415060258692185,36.26721701861143,0.07468354160755647,10.081630064589588,0.7777099153251688,0.11657423130769742,0.96417745824418,0
3.3534785932633646,3.9776578258469253,-0.4164694575982144,55.59787062625371,-0.08433939823833436,14.290541109387929,3.8963283823784325,4.7139101915571056,1.1135363581156539,3
1.6442576597578067,3.2282850349276213,-0.14539597819871064,39.423754131690906,0.019207378792251973,14.618834610018666,0.38159075931654374,0.09804537156931638,0.9543146921355932,0
6.316242652939386,7.923713020965639,2.1454479183840136,49.8381707157115,0.25998192845570045,19.65163757747735,2.514738185197592,0.3129438073191559,5.670430814078686,1
10.625290592117569,9.962041487837627,3.679508126431027,55.12136412576523,0.04746216452362655,14.940058868656582,2.6646582093550055,0.18831020654654962,5.465999396103058,1
0.6466576373953583,3.1063350432888472,0.040813899476346706,39.90841001964334,0.06364395846329156,13.629218960086046,0.97097386577735,0.46369500727714763,0.30941779828086746,0
8.753735127565744,12.90121170608267,2.56106171425509,65.58245560902168,0.0714247731797012,14.206042906117139,2.673093643443294,0.10338650272536803,4.202061816013977,1
2.32225363764828,2.628187532382498,-0.0692786125118047,43.12684462810507,-0.07562288868532772,14.574588402187612,4.0635507332312635,3.6202463494625,0.619945298147081,3
0.7420630348328952,2.624072651307025,-0.29228842173486164,50.835025789956134,-0.06249881753902267,13.257893655735975,0.7737783852449529,0.3273571171572457,0.21409914777018157,0
1.7376268199448242,3.262326923225328,-0.2767901837297802,32.01722605224931,0.0023649478358325413,10.34681599415656,0.9455662275475208,0.47760924464028354,0.2175659426608978,0
4.635682928676635,3.242159727039078,0.08790276123680675,96.21078531941663,0.9119216635991708,35.056357364588834,7.045229189914722,0.13829607787112458,0.668983833496382,2
3.340090953659987,3.553963559568724,0.4760190128839214,98.37047942706091,1.7338400088502768,32.86529818306423,6.119667283557029,0.29335662039792,0.7927483505813131,2
1.1385697591806576,3.441906423888567,-0.03349497818848346,37.601062051908855,-0.022038018671325117,13.085052389303097,0.6247158002473223,0.4779003501106199,0.6251262935969135,0
1.075238676534492,3.3718360609346827,0.2709753563762351,46.360588361683114,0.014049861679366449,12.350391372946495,0.6467740590181218,0.37741702663815574,0.8435503039651502,0
0.7936286868153687,2.9996308708664654,-0.19044085054882604,45.180937917610805,0.032468255626945344,11.109824683667979,0.13878422506996513,0.35502117468651023,0.6898240394330797,0
1.6385678238929362,3.163848093164358,-0.1929354451697668,38.54799552476449,-0.07115798220210619,13.01471797874662,0.734140159307898,0.40709928071050683,0.7361280184395166,0
0.8305020184418073,3.449205071018757,-0.023886347877212503,34.63887033657724,-0.04923976389301867,13.50078017179352,0.4110255702046832,0.3412217870129992,0.41431980261359547,0
1.2229334613855674,3.330709446067452,-0.11279902551683506,34.789662083702474,-0.003095850347772108,13.878411206316082,2.1245974035387145,5.120393710759704,0.6128051220008723,3
3.0282059178516842,3.7519246728069944,0.26287435405664544,35.900678279121415,0.019043683438393206,15.49867139069527,3.8491465477627504,9.168833164368266,0.4708936694546658,3
3.4200591747700253,3.8944339645476873,0.3137674463379103,82.00912202308902,0.6125654025729803,30.044823779944906,7.214280144368553,0.43876968023095647,1.3545548067843098,2
1.1216157291883375,3.2185702048315745,-0.15169020518124715,31.54226674661894,0.029575038073144527,14.701196955131596,0.28965347010900083,0.24019552147777776,0.4269414347136611,0
0.5235387511203109,2.801277768360417,0.29953934453469927,31.55296565817622,-0.03711252008713195,12.398316705763232,0.36486222113932987,0.12952721687063817,0.7037450517633478,0
1.8939438282228303,3.0759167289195575,0.12853074899030084,37.499852785745745,-0.03499528296193367,10.21736594374235,0.3046771880247274,0.29963000288540154,0.20456407061751644,0
0.7739859604826375,3.3193095323218786,-0.012871186887741302,39.970509797483196,-0.08980957001753138,12.46687791557853,0.6709241245450238,0.4231593307499244,0.9044544871401524,0
3.53538878817484,4.396995033106164,0.017547358634032735,102.44045409637815,1.087861364579883,26.976128911501995,6.523539559791047,0.10723752226200647,1.0091653157166087,2
1.8009944844938504,3.3001206226835467,0.19929414964535222,45.85071691707835,-0.03410821736567035,13.869439494025185,0.7239692580376773,0.2983410421651835,0.9019239025919056,0
0.6272730765848654,2.87614788502438,0.10314978695467361,46.484577766147886,0.005265819568949496,12.69761731348105,0.3669404982477081,0.2644936617377443,0.8628116689312652,0
1.6417254675335593,2.5796835199039174,-0.09042629979251778,36.2168185720604,-0.03863293037668852,12.14345153843326,0.2825654399710808,0.3212854743174709,0.5593003461846792,0
0.6644925080215298,2.7191464418189577,-0.18714380527263846,43.1390264233083,0.04889246132056928,10.683987527922241,0.4263235355050811,0.10016410881378056,0.7529823070180882,0
0.7160310705530984,2.50821007118764,-0.013391187315497084,47.483418470883784,0.08410456253065267,10.331362338002547,0.9309035067714782,0.18174764816333014,0.48272978585971793,0
0.6344780655596207,2.7019655225009203,0.18914288864095913,44.41386505588917,0.011451402954754136,11.684568140585732,0.9750932581874384,0.12658955646204303,0.30864624248135575,0
1.3151198496108112,3.4789458161246705,0.14264306681072597,38.622422438768034,-0.08038433949840887,15.554313171779846,2.3060899106017128,3.4248078059965126,1.0502312723942417,3
0.7328104483638991,2.4681897347632678,-0.24865740399729566,35.235945754049716,0.06584985679545859,14.946797927320198,0.5668688350828212,0.2751124055196114,0.860516026894003,0
1.717667041188868,3.420501864258291,-0.02348035712281842,42.725039307976495,-0.021575684470962513,9.956257514470991,0.6125322528200057,0.24597503684144253,1.023556356634014,0
1.2257488974512452,2.9039390036220296,0.28260144431315143,33.53510299048723,0.051309224740698184,14.374779832730082,0.3549700604023521,0.14626845600578267,0.31459229743688927,0
1.1616773482794607,2.6831068076455646,-0.1718219287899161,38.297008566254455,-0.08275766346498248,11.31986638655704,0.5812800955392311,0.11841182822286819,0.672834601565421,0
8.174328874939533,7.34556684351083,1.8182062202666356,46.349323612384424,0.23170004700468771,15.261446979922647,2.801415162136631,0.18349325121738122,7.872130225105581,1
1.7791795926545966,2.843172938392799,0.10565206257615367,47.39903553037845,0.04932668612394126,13.402940180753667,0.4801857644501466,0.3896868993339693,0.6876374404315501,0
1.4470864823050347,2.6876413033668127,0.010262510652733245,46.14948208001099,-0.00257463562224191,10.27644959833756,0.33206857404938944,0.10847592953150496,0.38358339581788187,0
1.3800198772026462,3.3774338461528886,-0.2733016540105,49.211874343356854,-0.03636508568153236,14.705706896985049,0.17139006610261484,0.3137842285856259,0.2339115786985705,0
1.0249253743485098,3.5956967710762933,-0.3835658805599726,41.59561284478002,0.021772836097758888,15.535064439257686,3.714076344688979,6.261730560805007,0.2804694774956855,3
1.6944384979624971,2.978399097965737,0.26993780034790393,34.75925392910322,0.02421861621535048,13.739035198092548,0.692438199152699,0.23246304834167847,0.860390091688363,0
0.9029490530895038,3.1882675112460253,-0.09449105060240988,41.800797709724705,-0.03701932039606566,10.744052746703096,0.792540305680162,0.18327980898134563,0.7958980280036094,0
7.218509578414207,12.220319808896582,3.1801103205008534,53.48155572072392,0.25505623773878583,19.498817438810985,3.326459670434059,0.19127740713939836,4.668745944838508,1
1.4266080270647963,3.1545715392944285,0.029436232169603806,48.2328955432856,-0.011991733271262245,12.008664483199343,0.7918281853283464,0.11327716682069963,0.6417402714920114,0
1.2127917802408503,3.679085840836417,0.18140094790766184,31.144622635393684,-0.04749971708045423,11.710344816356077,0.22203490650799337,0.4010579889031355,0.9169448396381831,0
4.292027316627721,4.462671259904735,0.10649547217493466,108.8475192057124,1.7547167294672978,22.0320464958581,3.5548850771817975,0.12503913078240636,0.7184560932322949,2
1.5792185275299537,3.2674499140541857,0.20868305635940126,36.959647195587884,-0.10516455211701652,14.617950880217371,0.18478929999830823,0.45905122159900036,0.7001425951132715,0
3.063851477653115,3.4730217965907295,-0.39257272091794904,46.038138586811364,-0.06294195119868685,12.293569363657825,2.2532736087416128,7.446912991590361,1.4661460682106897,3
1.772969047825916,4.178111873378424,-0.40943720317313037,45.97298414417449,0.11850965445403473,14.033145211310005,3.4190777303950393,3.0022717595756,1.2979185068255785,3
1.1626915542143428,3.1755527316329166,0.19116702709892797,39.73968541818613,-0.017101644811111042,13.533555176920961,0.6520159122602899,0.14138283539952248,0.5737580921186888,0
0.6679935061873244,3.023316274242158,-0.005845908105897735,48.57967384227184,0.06297934696832932,12.956195346541007,0.8148946381970746,0.4367765683132567,0.4085749191113724,0
0.8875046323113899,2.9308736613195805,-0.13343249684153247,38.09264979100266,-0.020898374093649797,10.525813010047775,0.10984058373272466,0.2788672374367308,0.8268384990143367,0
1.8558861272149019,3.2666922230642252,0.29203363916492525,106.40254241199766,1.3890931901019195,19.7504776766758,8.140835963082173,0.40142362334751164,1.728197851052092,2
1.4506255637929915,2.817408606002259,-0.03331332588050778,35.35650673115059,-0.047967272034493524,11.819627332927613,0.7721001561630029,0.488472178867174,0.7367783155474423,0
8.802804661242362,13.147092822739092,3.6054919717150136,49.175574252430025,0.24288165591986835,14.577364079193133,3.0944872371845533,0.28059493643295885,6.639297224347512,1
1.1983832518799526,3.189296001078477,0.2417930749676031,50.591256591769884,-0.022934949484311906,10.3772966660727,0.3497718310667589,0.5202015063133146,1.1207762813498152,0
0.6096311352130407,3.2116752967436555,0.04050696821395922,36.76679349588531,-0.019540616772231113,11.753774262039721,0.834706086308216,0.2419032682352262,0.8767670641495356,0
0.5163218073304837,3.405316557613299,-0.05433398812783549,35.032729155821386,0.051793386250747114,11.922287794780676,0.1282532631245059,0.32412585372387026,0.7078258861045128,0
6.803930765143615,14.628620548853723,2.9091291236213745,53.85660921010684,0.13816117696918703,16.26629082862032,2.0964436057215097,0.48061384474517954,3.334057750139811,1
1.10542943904228,3.459532485297189,0.18390507018331403,45.41103036149879,-0.05655433861185749,14.663663800707162,0.1746398559774406,0.14520682074392208,1.017452394268116,0
1.4310145990247665,3.2952468249721356,0.09327352852525467,43.43025004481445,0.07145164249486993,11.35291471545188,0.2568746399696226,0.19380097128575677,0.4196254498658894,0
10.023003341542696,8.444538444733826,3.901371594242867,63.4818581279118,0.13060401810975067,15.212317579476077,2.9847161629346037,0.14843052095527315,3.892462911076433,1
1.9692210978211586,2.864989119048676,-0.03601208694257218,45.88957300689669,-0.011318839325621954,14.004232868722939,0.18325749233843525,0.2362733887174266,0.7519582031195657,0
1.5967040478135393,3.028944449865421,0.01614581768260033,46.829353043799344,0.07902855451845939,11.469112800039026,0.216730243855736,0.30510839170077003,0.6973491068123301,0
2.0306292811102944,2.6796378503525022,-0.2195552244139405,39.146892807174545,0.07416662042559435,13.424184254882062,0.7604490046862284,0.2707259733790558,0.7458632708445742,0
1.2300209563711277,2.8977879758411427,-0.44948145577382387,51.37665771041631,0.06282232809392271,12.63358126824536,2.6711824259129475,5.825440480220188,1.3208849995462413,3
0.8874795423714847,3.650036884600619,0.06711402802016952,41.34423399624211,-0.06517048448776151,12.544973928495473,0.38954997955967907,0.2549864370181856,0.3538546458266364,0
1.013807551398207,2.561867643589124,0.0748928237416461,35.26640527612004,0.058184674556507235,14.425668861944096,0.34457563784806206,0.21364207556589315,0.5854966617239352,0
0.5666647558282157,2.7922866528166055,-0.09452215895787583,39.633906413226846,0.03836025267624824,9.873959648239524,0.29239881626426323,0.4734968573084448,0.2136015629533138,0
5.216489031706128,6.636838476359735,1.6821085779168876,65.22385836893558,0.1593589754472431,15.018803185277438,1.9440924259179528,0.5371883247775681,5.279838479585614,1
1.6761361792048568,2.752114095762237,-0.10457881383249004,40.551565983306936,-0.08017066188001021,11.494976990390688,0.32133972318262,0.4628703599676919,0.9109740387673418,0
7.452820770926449,9.878101146000787,2.0514219974835557,62.220422435639406,0.06869114592457609,18.126005234626394,3.4318454624674457,0.4268390638413991,7.182685966382632,1
1.6205428450404173,2.7586092058745226,0.5033362206597234,45.258729357933696,-0.09196042824140759,14.01759287219763,2.248104937831731,4.1009546815080835,0.8194162074618333,3
1.57131200295517,3.635434260283913,-0.4880980825045923,41.682218304780804,0.12141890660396609,16.281624886798124,2.6194886785104194,9.007054377614603,0.8560812190509004,3
9.25363997072335,9.647835953804107,3.971610122259136,55.17010038700952,0.2806648117682192,16.188270329605285,3.5917344722206024,0.21810369462441248,3.707421339669579,1
1.6301030045472449,3.003114556421345,0.09955365878871046,36.142960932462046,0.025285401465083377,11.789511853854723,0.5420838442119302,0.3548740392383409,0.6559182523993071,0
1.867220250530848,3.196626526180312,0.26943633867765515,47.21415880037065,-0.03944934728079468,13.371343352197417,0.4935780605029964,0.4962562821259256,0.7915948379781518,0
6.153508809014149,9.503002841613146,2.04489112481125,47.50449946293891,0.11437506939603803,15.395652637923973,2.546255467892562,0.10905418877964121,4.289960223499452,1
4.868586098043226,4.212457261825904,0.47714379779519045,101.75276400784323,1.8375727482167128,30.62621966234759,6.985956499649195,0.279620255698888,0.6043660793510225,2
1.6549523156424422,2.683547514262285,-0.22060066076584536,34.273166064038726,0.08555371844524572,9.989768581677744,0.24757425559424004,0.48145738156719053,0.9209042100362349,0
1.436468554580075,2.800714862721025,0.15963782540099097,52.49106877486558,-0.01781995335435407,17.590758959832005,3.149002359947488,3.7655486785152252,1.1568098506079747,3
1.8148246291672503,3.319655090641583,-0.14350610047104284,47.38168207214254,-0.017715040099123506,14.452924977090605,0.8004605555550454,0.3014231442295618,0.6717635666708751,0
1.0048781113279983,2.5269219648174994,0.2620904650286791,31.144395606374214,-0.03304443239109713,11.983845173436094,0.9150830940574596,0.24840133021669084,0.9254947140982531,0
0.9221377874504673,3.2852776952005427,-0.24802182534241068,40.870374603465216,0.06001105224860256,13.27423046354336,0.8174177486945192,0.15271744151522249,0.7149717548420519,0
1.432100362934234,3.5392528922486672,0.14185965880696944,47.2514505829824,-0.05411058977859848,13.16462820345258,0.9243070882334004,0.47878642301947855,0.7334462327061109,0
2.395011800487293,3.4113141046068334,-0.40306406317457966,36.53154932141191,0.03764950746848773,14.436927264407972,3.161094382737176,3.4407416471020875,0.7452583413933638,3
4.066782749895723,4.519591364579429,0.28204307314799515,83.22413546046847,1.478908184878942,24.542083495165855,4.648247708279401,0.23278951121384364,1.7294862547515286,2
2.702986511182992,2.6823621860695823,0.09701192298652818,52.777107259841415,0.059626604085256156,13.30563949834059,2.380520272674853,9.828133197600469,0.7551148676886019,3
4.638674272213695,4.378385135407432,0.3089720540546596,77.42677531553018,1.8647930839272115,20.476187763633934,5.547479442777393,0.22895795066113164,1.0596338415481172,2
2.039881133752074,2.90640872500499,-0.10087053592479388,41.05843411062718,-0.06508513239402368,13.746516027761931,0.6015117201778113,0.18095047542067808,0.8750420334174479,0
6.567537266494932,11.744541758913066,2.785303131753042,53.43125860551189,0.09865476487517426,18.600040864942198,2.2726867326014686,0.21890772429365496,5.650648177815678,1
0.9750285587254547,3.479977441686756,-0.030265673380688165,38.036019616242186,0.007466106891257819,13.633132572428222,0.7380417985281108,0.10850496057607448,0.6524165948211251,0
0.6594173697276049,3.1145498698844305,0.18592714799389637,42.37587422350376,-0.09209525169792118,11.466413459347839,0.37836456855830664,0.12214418772960757,0.3712070574695863,0
1.5018344072945067,2.820322560097531,0.19711539083176285,31.82968010397102,0.04343009020097946,12.612667473942151,0.9142340864483833,0.4078876329963098,0.817673529568102,0
1.7225255053319029,2.5009559304596354,0.20446936356147083,30.727349022332223,0.04137583061002748,14.155735984948727,0.8040520815466643,0.34973222111316327,0.73543918024467,0
3.922794422835526,4.158238817013022,0.09067822312022747,79.95238471478717,1.0684071639862962,33.47027156789321,4.220247945874833,0.16196353457776982,1.1315301721282465,2
0.9864765154406091,3.6706711946831287,0.3518186975425439,44.98802192466554,0.0563469745724336,11.77438323871372,3.5733492949262704,3.767881127576272,0.8602572537436558,3
2.15094547971043,4.854795850719097,0.37482587710816967,103.62786925068269,0.5608110324417294,21.000685566151752,5.552754261070593,0.3442012104776877,1.162097996083457,2
0.9213234267660326,2.440170694401158,0.2183576258914274,43.53251212149959,0.030952342730684965,14.598573908984672,0.7384860772272593,0.30821709296688193,0.394451882539963,0
2.9164512632220325,4.068994930506593,0.4981330969962843,97.7040308512844,0.9076728553149169,24.856604185314826,7.463086446793029,0.34432610443609124,1.650344720189527,2
1.8271836251404,2.9440680552656584,0.3000549704103508,40.34989879698706,-0.07787857011142928,14.862962343920373,0.3783496524394082,0.2826460881874848,0.5720587203498744,0
0.4918136306901621,2.535101882099394,0.29193787154732864,29.723096721494137,0.07213175060774453,13.445695298383557,0.20377695614626165,0.27495339696270565,0.1992572816084134,0
0.8332001579096702,2.640930189817595,0.09751946046235539,39.758748118870365,-0.038772728870331445,11.75698791368345,0.30874653513657063,0.46254103115964174,0.7307136708166875,0
1.2993941398776285,3.191079562134531,-0.2671132165169936,37.69433237437143,0.09105545351237533,15.611274615620939,0.5398480724889724,0.4428901572701679,0.6330978354013745,0
1.112969744490881,3.696832403062502,-0.02015057870328632,33.98039047437062,0.04766571585909595,12.294318327346296,0.5592297084408359,0.11699388964775753,0.33541914935897804,0
3.6354261238734913,3.958403757817824,0.28958309492672274,75.87493505474633,0.5604250547327674,24.419768687410034,6.37684050038504,0.30632966207066886,1.24885849981595,2
1.332012464156594,2.583654629885948,0.20268420411328178,30.088671327417313,0.06208530486839053,12.314505630421753,0.11970536878477059,0.10791709843817093,0.4610269299701366,0
1.21080951955309,3.205659670719798,-0.000976644832818712,46.935117809575004,0.12446995611835064,16.67922585420142,2.66664148622022,5.459268725916405,1.2763859059548555,3
2.77941574757805,3.647388361177814,0.36297188387098583,100.59010644828103,0.8088464938302059,20.404873260800805,3.890913510209004,0.3099120228354664,0.759555484300768,2
1.66613643792818,3.3599809751516387,-0.1509139568318755,39.7388525424199,0.03571197638860654,12.184437213146847,0.6306656593986641,0.4252675046129452,0.32524342433426445,0
1.5329141095076637,3.5026103898913123,-0.26674875991453406,44.36251512831952,0.04168502778508227,11.67072172750721,0.3004015230352542,0.2095896484472868,0.6854915944046998,0
4.302837195106177,4.844350778526399,0.17202735258301116,82.86311012977353,1.7310796990339095,20.630369283973614,4.963462130892425,0.44994632878671975,1.605199253636637,2
3.9129387388965666,5.047614113108275,0.4789729465631006,83.01758594208094,1.3024646407578613,29.970168005790555,5.21718856122475,0.3530189331861235,1.7915173445977772,2
2.425147108285522,3.4939991352534654,0.14507807432333428,43.54450505959205,0.1877295630680906,16.478400088650353,3.3127563356708665,8.421416228376884,0.9438939490035059,3
7.323077711882401,6.365561806263141,2.5263210028560485,53.41487239821601,0.10183614210908645,16.03095757096757,3.8449306332983477,0.2474447202797394,3.3824460389885407,1
1.5014433022891467,2.9092686196603337,-0.19295256402226263,42.266035432278755,-0.030302429833725872,10.746146889240823,0.4113872801406352,0.12194306326640274,0.8060645516922649,0
1.2010920041688804,3.161161347807675,0.024051201869680364,46.67711058980592,-0.004400944930177319,10.295588049036466,0.4691879403513923,0.5050714995561718,0.9140286632214994,0
7.42325026363372,9.482839392801623,1.5210754145387566,48.45968460767356,0.12572988095996349,18.512519142290056,3.2150505509916476,0.4723613460411695,4.539951228220517,1
4.5528042382079095,4.0444706731906646,0.358497052775648,99.07827501325282,1.617010529184963,21.40704508327067,3.0732031823131525,0.11745255502752255,1.8659455719249365,2
0.8538570406695046,2.934624640237296,0.042325357616616814,33.10418883459983,-0.0883369875678298,11.865479032207373,0.703538656571385,0.42443741895088694,0.7128909022377763,0
0.5816635200632884,3.350468238026238,-0.0633869098942091,36.17665394535624,-0.053903408509871485,10.275047745429465,0.11020367697913154,0.09642210327368453,0.7332568442580413,0
2.9616786599757963,3.5724057289245086,0.42964207828216344,56.64912074714477,0.016487653714914143,15.672713087569552,2.238696776180501,4.504150401898483,1.1294708851030313,3
1.0013690871808087,2.9588542786499334,-0.19112046729647386,37.31126904243276,0.023215864279358463,12.191043296494643,0.22978091792528557,0.4002535786452719,0.53057682318553,0
10.356590160609533,13.218256446077291,1.6836511912630896,59.93901603472373,0.19125447698824083,18.11905810898805,2.414509290744709,0.6263134778029597,6.060322280089328,1
1.2422017717206977,2.679718765059798,0.2729872365551141,47.71617003349704,0.003309243383219199,12.648558184100743,0.8239862961541891,0.3565264014410428,0.7042419324596253,0
1.7963303590492343,3.2303742781496925,-0.1588926825445189,37.3878479007891,0.02874213430295336,12.30382352043111,0.5186421667144838,0.37451211865981304,0.44175634345583686,0
2.0513251920359665,3.641291025217639,0.18825573016414338,45.812283227272765,-0.09172961951857979,11.407956510037371,0.3930326070759265,0.4143696201392475,0.5805344127584866,0
0.5074412373335904,3.193521972391374,0.2004902773445335,40.17533499798074,0.06006382415843603,11.014968882918708,0.5221608899710947,0.12443666225795229,0.7508627162972524,0
1.0320317516601478,3.4784951218169198,0.07922944700288015,40.168950972815715,-0.09406788322743517,14.265911459513228,0.2014497744123771,0.1777743970979952,0.6672498860322035,0
2.648689530539401,3.74624918741392,0.31033481703836663,103.14927565663223,1.6162223919901404,30.804978321648697,5.994145166264515,0.13206636056839652,1.5653505982749816,2
1.3694633826579266,2.9856890280964477,0.08533873275824472,42.89859177357137,0.0335650307240018,11.280848142188322,0.8095520724752575,0.4385504194258026,0.897488565712158,0
0.6797286377653562,2.8351752904420415,-0.2646480744521028,33.237605030650535,-0.06703256193676049,14.658774468390716,0.26135984110112437,0.2923368311505895,0.23401129469411053,0
8.069624338449497,10.1008256822448,3.3163119278426088,45.469194760839684,0.2410946278556663,17.809966771834798,2.744475070520683,0.2773352315190321,6.261949221395855,1
0.7532170657546059,2.8320404504419328,-0.23706069050110656,41.54787007318418,0.08164079968893283,12.407528592156883,0.4793123712688614,0.4877422229326791,0.3174250008173962,0
0.8630858163399346,3.1467831424839923,-0.22549215840616155,51.287921185661375,-0.03337244856506099,10.484677446055544,0.7209094275826337,0.3184861498944728,0.654263339114739,0
1.6462841115572788,3.4635319397993807,0.14872947380574453,36.95462574372925,-0.08215376962129178,10.32097696163615,0.15767270558736365,0.17067350676672544,0.34934277241645323,0
3.161457150525141,3.722017738336725,0.27609536598772916,50.59761956076949,-0.01794539419124896,13.86861587883185,3.815097404658311,4.66707752084028,0.6812999519641253,3
3.9030953256493595,3.421189091813671,0.464451678448719,102.23892989272132,1.0064231300150988,34.686147540446356,3.2184747840798047,0.17789017293950565,1.48598093881877,2
3.008825455830685,2.9980066386550814,0.13518106684048808,81.386438126247,1.6693027099133186,31.313109163911232,8.262191387182364,0.2107462431471243,0.6063387076497871,2
0.7726925747701459,2.6480564006121763,0.27398977844695876,48.0964623584427,0.056462565630711954,9.83355201137425,0.2856277977549907,0.31243946821498747,0.9280905147024902,0
0.9064901815203312,2.4894110384035057,0.1581257037007887,50.21182017902155,0.09673710312090501,13.883023967281233,0.4093142174860744,0.10444905499500771,0.841950729563459,0
0.6838794153808935,3.0094569037084757,0.04592918048949698,41.34881307516552,-0.07984515079846768,12.381441255774483,0.25365716674575794,0.3179896666427904,0.9862010753471003,0
4.593750263680492,2.7037074659980087,0.43223908946960676,83.13370706421962,0.6612459186252816,21.754677061484866,3.7677221942520553,0.47882411745171805,1.820476563841266,2
6.83255370098192,7.582213528946372,3.539746048413942,60.3184392807902,0.2834743704580439,16.37050757594516,2.2145707578728944,0.3147947212090139,4.387897260598805,1
1.701481919055677,2.6677833268945275,-0.07098411372162344,46.95413832697913,0.030287383677458497,11.872510218195671,0.852737769813458,0.3804529720664188,0.48708439650643376,0
1.4061907865966332,3.1678009273781913,0.04867847123837866,31.92661041349569,0.0041401643892537655,11.27645735947741,0.11444985225125139,0.3526013769358902,0.7943081046000564,0
3.1859541800080695,3.822852069683452,-0.29836849355743283,37.33457020917795,0.1996143163855584,16.071380316255947,3.830152366735544,5.869249919121687,1.01681172290462,3
3.3413396727050846,4.94741072784624,0.022557112648371375,107.93008762097105,1.5982451521961407,33.733389431060914,7.524127866943159,0.3549016582991357,1.4717387440382548,2
2.250695444819878,2.984638676101618,0.24346043532866377,45.772781784331436,0.07790108829109132,12.713627176059079,4.10902007154097,6.720954469372391,0.4747987736181081,3
0.9524672462668112,3.5481371210594297,0.24124457434598587,40.568728458026975,0.03500756866327234,11.775795514530081,0.43928258043244034,0.1537159995454082,0.48045057153129256,0
1.070711695900352,2.78512032679839,0.07220827575358534,45.18784707310941,-0.07000020376630085,12.693420457140546,0.9336970238016765,0.3318861137736759,0.4863355799018146,0
1.3947951413490318,3.1943537201439756,0.03383135437141739,49.99619793146656,-0.01891511963183464,14.060201452773349,0.25733242664721323,0.22484429521907945,0.6044262753455916,0
0.9247619801641122,2.802560686846938,0.2953480577195606,38.777893368757454,-0.026598721373701985,13.760110612373897,0.4410782051776555,0.4378297284157293,0.33263893454787785,0
2.749616350768077,2.638273757776002,0.04957696157570256,48.25193183270849,0.028524196551648055,14.205041634278736,4.919124136129884,3.584227929543483,1.100319581563342,3
1.447862095006763,3.4700978933563804,0.03744613130985662,37.49577648554713,-0.09473152680991298,13.673029982743268,0.5728631349885571,0.4695976218153332,0.6404971879364494,0
1.8380918361547056,3.0467733929638894,-0.05867898614519938,37.96449353889902,0.04903068378658614,10.879106684220403,0.3604198710536623,0.2631066690642872,0.5063947139775944,0
1.1340833108333268,2.8084985375161122,-0.22681988319471333,32.48567458321474,0.03221012747355815,12.620730967393664,0.6929627397695759,0.1262763798635455,0.2666954552637474,0
1.000776286384573,2.893634638074046,-0.0026109152966278123,33.71811789977516,0.06915905201055904,12.383142238088332,0.6770390535636969,0.45298045731250536,0.6327332460545306,0
2.3251549003317193,2.9204547630830806,-0.31729618129343967,48.46801760254181,-0.08409965565239236,12.736658211469113,2.5259542906520824,6.347218563609731,1.1594160529130908,3
6.529230037482875,6.328056221085063,1.950739001045167,61.215276005698854,0.20753583833456488,14.899638549207497,1.7761979204385503,0.20978512999275956,7.4351400593864225,1
1.9028233996999881,3.0178237997404582,0.09851795994300262,36.41592792723489,0.032037571423658616,15.75077924165754,0.7939991513438143,0.3360295971748202,0.5326158130017924,0
1.9976454507236199,3.3053350079031762,0.03258935729080853,43.461126012486744,-0.0006066513788442729,11.896815701350125,0.5660809473093904,0.10627708030679803,0.8020631904100066,0
7.104962895154355,8.912970219049082,2.0561320524625892,71.94802469623941,0.11373112743456348,16.72636972666762,3.762119348742672,0.16135316884344755,7.605425406677282,1
1.6277982379531664,3.1611544948550043,-0.1883554859687319,48.78022721591685,-0.02279036049501868,12.123739248343615,0.20349639050812096,0.447289791487412,0.34914738591708133,0
1.1465665943234387,2.834460475933354,-0.19867659509908975,43.68761834970482,-0.04291057503531738,13.362488691175965,0.7493446139485384,0.38548419736484335,0.6085314402442218,0
3.3851553099849863,2.8897268773252027,0.3516215432937855,109.36813700441849,1.7681641114741564,25.174678861371245,5.718493225229156,0.48025605542946787,1.554992738436971,2
9.302487123017814,10.846678560210835,1.8008922713046747,65.86764206395276,0.24599183555609566,11.855386179398575,2.652657887981663,0.6152362719510365,8.262828729361308,1
1.7002960439448647,2.5761242636904242,-0.2043279733472432,44.533213839294426,0.016601947040585874,13.9351520401062,0.45837364642023737,0.2807291206423327,0.4000938969220084,0
3.2630149943937172,4.238139435287751,0.3167816480581471,93.43443874362404,0.5459594636511296,32.54175899111141,4.980623737540669,0.18248554906536218,0.908999289732646,2
1.9531195663410792,3.5979581139366,-0.03202989828527015,41.5991762680165,0.08129745097656331,11.814833361769105,0.6999102099598717,0.22788503584937075,0.739378773091984,0
1.1376921746587243,3.557159892614906,-0.1259784624650246,49.77666653328802,0.018008692126227802,11.204264021962038,0.9749763964553665,0.45011061372536215,0.3352628001607581,0
4.616088956433318,4.032008198633932,0.41956588879349077,109.12310238318796,1.903654765043652,25.29594508883867,4.830996994423424,0.43643049246970445,0.5010411036621016,2
1.4504827538853218,2.6827703649972228,-0.014085996621656618,47.22957656928716,-0.00298671073136182,12.788068981415968,0.6731451806730426,0.4505272149791588,0.6151164711791623,0
1.663074507396723,2.9022495565855886,-0.14647174847393485,33.71428419126633,0.05062849699226511,13.96031941920216,0.3571890707357579,0.17960326600814466,0.19981760649816993,0
0.7607250384989589,3.1727887588469077,-0.08846268336773458,43.10045996251235,-0.014264788623541042,12.9952299861295,0.4544619581917679,0.45530144465240374,0.9178548597269593,0
1.6300874337121094,2.4860753267899973,-0.004369070912538956,50.04074414740371,-0.10081813547513985,10.40802986092845,0.19743843676875655,0.15836207637305533,0.7287013283436757,0
5.80187180470505,10.645405074337678,3.444172883252237,46.10587841775357,0.25344733720152773,15.098687577864363,2.8446835303908142,0.5519021955065772,3.933785098144437,1
0.5674732221561309,3.266325471281564,-0.2101239888161275,47.55760007726862,-0.07815878502514996,10.078788798005126,0.786328318428474,0.16471675896273347,0.5531148052327602,0
7.008488775874993,12.780742656724684,1.5943166456584033,48.96325532929644,0.2514108839114673,18.488597774607115,2.6750045092516084,0.11630816446222529,5.875737889209799,1
0.5261158191520066,2.824609225961664,-0.008854425469030978,51.0310714442817,0.016636624239343305,14.363308161301273,0.600657822952254,0.44366534758429954,0.5631755264365262,0
1.7793965617091678,2.7475542192647993,-0.10976113967446519,45.237467593460465,-0.03330306849529974,11.41868294094964,0.6984833842826872,0.2863720156402642,0.564787008428092,0
2.058417391941521,2.370004570150788,0.06652967277198406,45.59645542682737,0.01895759434655055,14.667810926660625,0.5528715891460548,0.3264733298521922,0.565305990726155,0
3.798795588387079,4.855110174256977,0.12367061610663826,92.46783635196655,0.5034615338151065,28.72556310080235,7.942605004035623,0.4089335362655925,1.6436047832155567,2
1.3182017819281782,2.570813913626334,0.08035942981504633,52.63515148436119,0.0012921176676967008,13.101025767498948,0.4217438651802173,0.2858153387115507,0.31997749178645307,0
3.417212333160022,2.627593146320318,-0.1025108871607924,41.61995627800234,-0.07399840882885576,18.828567093869108,2.343811963124352,9.500696183290005,1.1543973473638263,3
9.110403601241774,6.355588453842657,3.145026835663122,44.80503644735884,0.17243331903786713,14.35202230705925,1.8431097624273496,0.27016524511821854,5.100514949213922,1
5.657497784343333,12.199533617523045,2.3098739499937317,47.405312747093184,0.10077328190786013,17.334882060804503,1.5777188670166786,0.32016045344748817,4.511109828256882,1
0.7774551043063139,3.4632154514838067,-0.05492679765898377,33.87639441917538,-0.06199247093712903,11.12905124190604,0.25277873350977503,0.15355880526795823,0.9205892065100503,0
7.599788562668023,11.880279904777787,3.176257000084873,67.12594702369884,0.29737226054632493,16.19277415448447,2.6830193072144826,0.43668337569034993,6.044919720863309,1
0.7498075834616051,2.847245694456392,0.21368345195996866,41.4633611103454,-0.019751605187398425,13.90808160499696,1.0543390342098624,0.1644213447224824,0.8843559758850844,0
0.8515668669059162,3.0678792742864127,-0.14215572208239022,44.8831014758579,0.031062535926219104,13.402010774391542,0.29638182789877443,0.403873178383247,0.8478507319326405,0
2.0114671614081576,3.0002406113752977,0.09145639153719332,39.411978898426064,-0.05234406884298243,10.184990765135883,0.7894104173891706,0.3227934069128687,0.7900637265647278,0
1.4430247604722422,3.2310153364334377,-0.16749653024060637,44.797813467998424,-0.029320122226434993,14.447462988217007,4.1684338822158855,9.010451382989167,1.3979729683821291,3
1.5934437983233478,3.187887356635749,-0.2965304167344268,38.86440681352337,-0.006048686707395176,11.269344283880491,0.6708959225507244,0.1421591705253996,0.6666226287797056,0
1.4749825895536248,3.225188542054431,0.0484403156309213,43.70138178849806,-0.044806964456046726,14.879585593127125,0.19017592454502114,0.3946977144965956,0.9530124837291724,0
1.8478479387357873,3.80135379017738,-0.46719377188398337,52.86203396132711,-0.03974729567023107,17.0887333611886,3.987452925415008,7.851225990857351,1.1097496197004786,3
1.4935749487749337,3.5697064580316127,0.1038865446090532,38.96552610060874,-0.06566316415924588,10.017746285659399,0.3602859643458277,0.4935722514527402,0.695249689006281,0
1.1463810467579052,2.8886002123326673,0.14398808277443323,31.562597184808823,-0.029130823415154876,11.900561786133089,0.822397316100782,0.2461158377548527,0.5229922119869471,0
1.0383174170477492,2.954729399113155,0.19536694406977465,42.03415625639173,0.1591258177050625,10.995482665579166,3.6476678613831934,7.689552379436721,0.30917511907890044,3
1.66098957446137,3.182879865857365,0.2910641166567855,37.171269788553076,0.08905506581431465,12.752373177736011,0.1638050228307158,0.20379326981585638,0.43499980438757957,0
5.711473033140159,10.92281827057597,1.7623631859131865,58.631079053666056,0.0676126808045908,17.008898834093447,1.8262876371995536,0.4504600865992843,6.4988441134406525,1
0.6197639940466999,2.7610280424436,0.046613749504115655,36.7807346295973,0.030705188688573894,15.019131241972376,0.6558220604470345,0.13134471839021206,0.716116877206312,0
8.659579114171573,13.352614564644956,4.152097212210736,63.13604694017124,0.17329854687246324,16.115694896864007,3.8133656656626838,0.13270976523538255,6.036707716384587,1
0.5520079609243171,3.1592496511457058,0.13275730137954492,33.91295067522128,0.0862200338475515,11.470283614145782,0.8433486831195162,0.1947824753162858,0.5024045078877292,0
3.351602424218351,4.6697554821068445,0.2550053101258693,99.46812082308858,1.7988028676561019,31.009581735584227,3.901724554788963,0.18775126594656236,1.461728025255744,2
0.966045510769848,2.7013062295550414,-0.2763416881170416,34.65366820890454,0.07869278970941351,13.32203324050898,0.23658340085557955,0.3235020707550955,0.9296194060497663,0
10.235379341283402,13.993193730199218,3.0425058054012166,54.09447502618013,0.22603348653187838,19.236462476809045,3.226849138751731,0.4310233156666925,8.53351732461944,1
3.6292495878326076,4.177797374301392,0.12066692712956316,91.74301568030663,0.5656952067705902,24.50765491031767,7.7895031403977235,0.3271026637683108,1.5542832281977683,2
0.7949418994948209,3.5749625232493374,0.2271111379639961,37.17565836972003,-0.0887956448177414,13.2369148398781,0.41252955293587784,0.43264949536566466,0.3437372635113211,0
0.7371322163313636,3.427250259859794,-0.21150102629967565,48.15800760704971,0.05027847876785651,10.412731806129017,0.4035244108606995,0.49743793586193485,0.2441905640461904,0
1.1291572109626746,2.660395529187988,0.03637390399654304,50.560489221360825,-0.05369485849861287,11.149613780889423,0.4233515421305065,0.2820919884137792,0.7159349310609793,0
1.3281532463226995,2.546092776979305,-0.18999324499391743,37.90623703545209,0.0190893092075183,10.5200994737832,0.9429013979378322,0.1367408837037799,0.6618806686495318,0
1.2151598339857692,2.7359258227099335,-0.17272583019605858,41.44092707577539,-0.07223282058070807,13.249307859554218,0.2954041941205557,0.4372467097862803,0.7658620173722479,0
1.5614989786102085,3.214937461514007,-0.10908430666052746,43.43446509570152,0.095091883255267,11.477404924554987,0.8683659135294693,0.49943740547191917,0.7069840933964151,0
2.2407758247003478,2.694381912770571,-0.17427322561429673,42.11993725285539,0.060856514663333694,17.475250949459102,4.850033062209408,8.191739250789604,0.6023294798843513,3
1.828548622205194,2.9842298643754277,-0.18795628314118687,35.84998203831157,0.01598201360192823,11.692636258570149,0.18079984042569572,0.1561669783995269,0.4286354170784169,0
1.5108286480548072,2.832553174287703,-0.2030566373824982,35.02221130275159,-0.05625559718585653,13.114443522684153,0.4929407346209432,0.34827422814413356,0.5348310804253983,0
0.928528115076954,2.8092265309304816,0.18603121153520308,41.44759581774662,0.05933263963496924,11.507708046199616,0.6642341012760923,0.2330881737055121,0.5364879989380965,0
10.732357474721786,11.764146226886858,3.5861544093088638,64.32629664727465,0.0656233100644632,16.86080775435052,1.5760622451118969,0.20508939361423387,3.812222729261865,1
3.456462554668349,2.7932847239404386,0.12819822266861772,59.1930776449303,0.054318660914502326,16.10243557430486,3.433429368206328,8.863593662137326,0.9500418559224912,3
1.9033119358898494,2.799332072562874,-0.2598367670646643,39.58889197433672,0.08284738728110444,11.020255278417556,0.8652225947663682,0.3342370208146411,0.5364154207866647,0
2.9380293609182306,3.9435849058244195,0.4431983555978975,45.79396213357787,0.012416099097143984,16.666301265224313,3.8495701970805687,9.16237320867235,1.3804149102654761,3
0.6023345585035347,3.0382356595769204,-0.01460831801570383,33.08358674712971,-0.06482463163553169,13.041421205119526,0.43751752939872224,0.19517999200765487,0.7147451984733312,0
0.9650810634284388,2.669319829322512,0.04065272995044545,41.21587181067628,-0.06985149877572912,10.730330526600262,0.8143655693581692,0.42558117206955043,0.3576621562870565,0
9.729434608200245,13.39426940345912,1.4720120905531076,62.65807726997114,0.171574515231948,19.73210868754373,3.7884696695250177,0.33014473603919325,7.555703650639566,1
4.373132097651406,3.939468986918485,0.3190594397227101,102.32879163745814,1.7060892721732892,20.29656213642057,7.124499962248715,0.3319576497851973,0.9772171948735358,2
0.8667468565859895,2.9199085358361083,0.029257693136868358,36.20009900133395,0.05784680597417091,12.930265014950017,0.7890932345547834,0.1304061065061099,0.9508179261650545,0
1.019512270279966,3.298284421855795,-0.16215350896659628,31.175600910735028,0.07152086725173881,11.273934413375027,0.7116154205045285,0.2618621284078473,0.8748330640119919,0
1.2469247025118546,3.346993762018198,-0.1576107882948011,36.435220993239646,-0.03514038698166762,10.004931856547232,0.26304420214580887,0.16577931482180502,0.445849434930208,0
1.8454930641604768,3.078648851490514,0.08659747374781729,41.39934851009244,0.017270142353356957,14.636515639601773,0.6482234503174851,0.2512347587380797,0.9436009381998276,0
11.983861722410603,5.953510850853343,3.1930806099045825,70.32774178353314,0.27664070704976423,16.844905171690307,3.281963915819703,0.4851272332058429,4.632670066945859,1
1.8104740634828274,3.22120748207588,-0.28265946556887434,48.050007842087425,0.06837675774909659,14.146776883030489,0.23498022801481194,0.3001063064052441,0.2581074488372032,0
4.715412377770221,3.3939421870303557,0.15123214683475253,95.24547474614953,1.2114173071948628,31.982670416185677,6.407284273725433,0.4722950533889244,0.9483169436430556,2
0.5769374470919457,2.9645102444881464,-0.04329700514400669,41.34789578705159,-0.07829783975602425,10.247937727640638,0.6849817176653092,0.10981768762247311,0.6281051261936482,0
1.4458673689335688,3.782554729778499,-0.40392628148234705,41.250076182161614,-0.06813460715989757,15.71264439496406,4.595231877341294,7.030543989904177,1.1355340297808802,3
2.4955259595796995,2.834831480829241,0.5064810653910671,43.084047493943494,0.0033823974471712567,13.440425232799749,4.624559670798715,4.430449376488951,1.3758672070799591,3
1.162149470000852,2.53436575460916,-0.5210946532484027,55.003647470789545,-0.06255734860713119,17.619363428193676,2.321999924495573,3.1267058084021584,1.4335160416462236,3
11.166834616752343,6.65897766408222,3.7326711304328577,47.2986753228319,0.0860102826241408,17.497831690104462,3.5250194511129522,0.14120259903859997,5.636497989188709,1
1.4514015708335215,2.797602354417885,-0.03669438216762762,33.53405846823739,-0.03409932381042916,9.476594524426513,0.8008793699753846,0.179335358026299,0.39708446063096653,0
0.9391899583744119,2.949715800933594,0.030270564528642005,28.70605275278263,0.0965099455741631,11.738494670819122,0.4219536128034533,0.31016142434420496,0.4455345637886617,0
7.596570879360939,7.353595615974333,4.217443150630372,65.79987620863695,0.14797382821125515,21.349851563153692,1.8687796243017305,0.5621420478135765,7.103082579839869,1
7.182301614911891,7.447222035757939,2.3702736013617822,52.944650768346364,0.12726950512850488,15.982125106252157,2.061647100515417,0.3224925808074391,5.539641734731912,1
10.161137139452729,10.543454878251989,3.2364660211526513,59.20780768038152,0.049526178827645,18.19696862931423,1.6336417737595175,0.6029866937092702,7.285057944386846,1
9.472229370610346,15.127490360867649,1.7339043354415153,59.97241000832896,0.09505580083177656,14.339095737633805,3.2720906982557523,0.11727276184233527,7.292112439694767,1
1.165868624455157,3.322630475820793,-0.27011625684019014,37.00260908187254,-0.0732350981848387,12.507814590683438,0.3144260104774569,0.21837287448973458,0.8341870224523704,0
1.9424563644010073,3.0471916729116804,-0.24348440454321893,31.948043587588664,-0.10372013578113319,10.68014164179629,0.17481494278370763,0.4044044610692772,0.5474322061369986,0
1.303841926232229,2.84604689576153,0.19355540076887273,44.1146024626692,-0.06440525903247199,12.329645856842413,0.5208846818841271,0.21525511724816956,0.4236180539458318,0
3.7180406999151536,3.724964874730652,0.29836602628514314,95.54050919415904,1.6714818224911412,29.114040803067482,7.925941374686659,0.20831947689660207,1.8145092126128977,2
3.886621668025488,4.434255831801667,0.4627259546133334,102.01670151917392,0.9164030266618948,21.798649860395937,7.622813256383021,0.23899853602277576,1.846680601374533,2
1.100303229437425,3.1980422619308873,-0.15026083898352105,41.65000272082964,-0.08907040582673256,9.778246502861116,0.5571532893614128,0.13164297069945868,0.9759868852267148,0
8.952842658349113,11.11936610028027,2.294008345996554,44.01273765393648,0.11895139935283083,18.80014853737884,4.0094842581466885,0.5331130737432815,4.373281493160797,1
5.062099552923267,3.884326464932768,0.34896104414929857,101.46624706541446,0.6497270658448742,27.287169003348353,4.517901793943141,0.3960192738398376,0.9758094423762496,2
3.0877989012742293,3.3209750258500925,-0.24544920125083283,39.743123501700204,-0.04254093600107814,16.355135413444117,2.1730516065542034,10.078033670117366,0.39888280120775194,3
2.0012729625432257,3.1115118069620844,-0.0751316035439516,43.386897466692275,-0.01939911799467791,11.641499980677317,0.9276253218586321,0.42514419167969475,0.838584106513772,0
8.668957151171304,12.647144561822161,2.361356957122111,51.353103904509766,0.12826002844056617,16.76594794751903,2.342555609089737,0.1529659743666223,4.233647317526849,1
0.7072763338235063,2.917774349579453,-0.2365005351307305,32.10488691859164,-0.004377477850986458,14.219010574555831,0.3591376414732026,0.11139027239070154,0.5933841287199306,0
1.8263143566125892,2.804957476115307,0.12231829301949437,41.19129294146082,0.061014025428528296,13.130996307788113,0.4667007802187352,0.4819416066345184,0.3045875313233439,0
1.8276762897683556,2.9386646322723853,-0.29986063862498197,40.551791125075425,0.02305751883135857,12.688439788646733,0.7619707013171715,0.12041243125133236,0.7299317378097429,0
1.31067485612603,3.737086004728448,-0.0842391121799689,39.65430585441042,-0.029630130025651902,11.499212741591405,0.7503715690154839,0.24604070905180017,0.7779407859823161,0
1.604316724061203,3.384990129863208,-0.12860085848138317,43.94118126922911,-0.020448257878403528,9.817428602246798,0.15776398888117737,0.15785942777613013,0.3118708293795332,0
4.814229203246824,12.473771948785602,1.6031538327520338,51.08338073190588,0.07404330697054992,16.80921002006261,1.5863925834872268,0.25957982722431217,7.493220360808371,1
0.9269411650156945,3.2880771470640124,0.19072713260095908,44.10589597699162,0.0816522178767948,10.792559126904218,0.797543036600016,0.41000576002549954,0.2916426905768618,0
3.1845469970445714,4.598845496565688,0.10628668833906832,84.70008654694719,0.5407670553707685,22.64310704096278,5.698218879494404,0.34494746319723313,1.4640217971245455,2
0.9793135125366716,3.5966987464031535,0.15728905309383062,40.67506081848674,0.06670805037458297,12.875125266262632,0.8637160809910943,0.17056044092277417,0.6875519359512132,0
1.510563217667055,2.9356520480095836,0.18881878546536277,29.52797879646108,0.01317270507155323,14.020523819152293,0.7189400583811626,0.319737250774484,0.906255404884238,0
1.8570973531047696,3.209352994328492,-0.11621849269078798,33.95484563527369,0.025387638644790062,13.68036400650817,0.7063385483666574,0.1901740163396259,0.5298384625983459,0
4.460295646951424,3.7392978275337003,0.27850195711064984,97.59317670877394,1.3873366178558335,20.966186563994146,5.414348240204791,0.20568951917308148,1.4245864420678407,2
2.650620964246206,3.8605588395466035,0.40058104252610416,110.47395622747261,0.6955651381187,30.845513389163393,3.9356728712205027,0.40522183311203325,1.4398786570308433,2
1.9102063292518645,2.9881722024040562,0.36182664586616015,78.13685011855826,0.8618063101570332,29.553013395876818,7.432190918995706,0.3378586717605943,1.4889607854188343,2
2.0221980632731538,3.243484498630145,0.12285377065956277,37.379930457819185,-0.06349464302151384,12.821353484664902,0.11955651004670387,0.10682025178443286,0.3789686293094263,0
1.118870167396898,4.105690421421621,-0.23012476297124765,40.72691663176416,0.17074521332908868,14.427969241095392,4.013540144268762,7.182002265340882,0.6043322117918664,3
1.0234849568121545,2.6232097646235735,0.04678857540013735,37.90595385009453,0.07640033834378245,12.295387776201363,0.9831197743959941,0.1125681291776057,0.21394314033395478,0
1.6940470446193785,3.1199627066559246,0.056655364398385706,34.76420463678501,0.008285164340289738,14.95131264748847,0.7143393478904652,0.3683591194984875,0.6102611176383846,0
0.8629892662080723,3.315090438192749,-0.13881988932861122,35.380977198062304,-0.07385016478594233,13.752500339976056,0.14382580979962697,0.13492191685156382,0.5132435628972914,0
1.73424849878421,2.6966109071481,-0.16978868366446195,42.032817780609136,0.01677660490332328,12.740444590931487,0.7013934957176804,0.1202663291543055,0.36792858987895655,0
1.6545706165416052,3.3123978324403875,0.3163571193523704,50.909066966913166,-0.009815049311788525,14.168429445218269,0.7151970481923312,0.1477778437387202,0.3350168822292319,0
1.5371186284194558,2.727734327556881,0.29726308622521086,36.45379945460302,-0.0837480331721331,14.231332604765464,0.3266896627747698,0.2794212131266681,0.7216996670172836,0
3.519720438322268,3.057444410933217,0.41580606870786846,87.72295415443581,0.8569828829100749,24.85511727805271,5.1977305785141015,0.13615514566624928,1.7836052403435516,2
1.9369147582012654,2.5957896620971557,-0.2650096625224482,37.86883768485924,0.0017690315867615052,10.413681568703272,0.7292138768018981,0.40427142063929755,0.8285580314220344,0
0.9630819766737382,3.544261051001049,0.03209301010545864,41.626329162253256,-0.04838789083298965,12.553644599536613,0.2247689187532181,0.2612115820895995,0.7453822157922569,0
1.4467040092628323,3.049252414649689,0.008589644521334969,41.22349703264264,0.020157307592877757,14.759526214555839,0.2377929141134334,0.3501523343374551,0.36257611869844614,0
1.5519415150848666,2.9255864442291357,-0.0894550408762682,30.38960029231998,-0.07614565030376214,13.47245443573593,0.28886639461530345,0.1692937256343662,0.73462821420912,0
1.4539803975887737,3.263718348785028,0.22557407500258764,33.95031424914238,0.05709900056743072,15.531054553660786,0.11348264213802702,0.48485543593122615,0.8975581022568928,0
1.5102271056495808,3.4270589583254822,0.079000326014188,41.219373922468,-0.03267778375046076,13.525713419713604,0.15574569379982556,0.3789008258252154,0.2870680704985432,0
1.309584801482391,2.6605637255552086,-0.002163865777772108,40.48052338206001,-0.06556352147645285,13.309087817881574,0.6714393460801582,0.45908269849821504,0.379840881551025,0
0.8966221725264102,2.6646029932393933,0.2906663128053081,42.43915205733735,0.09987651592068326,11.308086537893097,0.2756401653024607,0.28072895769093825,0.5813077506632495,0
2.584618406844403,3.0819481554494645,0.08568742519794177,56.435402339694896,0.19535269656249069,16.307494301756932,3.487629795952144,9.439390317270062,1.3405088637313396,3
2.385215396692399,3.65549052302933,0.10836297139824733,82.21979647374671,1.3414815354349399,23.08653382359521,4.337658763329246,0.2271986019626318,1.4169427354229736,2
3.731444364858274,5.027437458551464,0.46915073312952543,99.04366726769639,1.9632114427604013,29.79416280521161,6.630928548910092,0.14106259714861055,0.5898149839249132,2
1.4721302049936433,3.1430996457818217,0.30568106769069103,46.59819683863576,0.0391587819943322,13.872236695888711,0.3107403628313485,0.45991518585457847,0.3938124319621221,0
0.6395360671662895,2.5730067036788635,0.2847647851290034,36.999742128720676,-0.09991386088608235,12.958813980792062,0.6390340857298782,0.4019743083452386,0.30110443173950074,0
1.1157104422093136,2.817287891526317,-0.08187675650257072,37.308680140569365,-0.02853738458477203,13.175393233029226,0.8412325608684652,0.18198892887768855,0.49223457207601273,0
1.6298181223235237,2.819826217018468,-0.0177800581342144,38.62552543157488,-0.022690461743858525,11.71383193797382,0.20846684526634138,0.3300483155535214,0.5732186250722874,0
1.6525655338019565,4.373803452363047,0.13640649163692997,38.469731077530255,-0.06858126823524449,17.41411693670959,3.7872555624809645,9.347730529240742,0.3925867700490328,3
11.390400097726504,8.562481670802358,4.070879479428024,61.854949199663224,0.28242297422667817,18.95588836814424,3.9004667956911376,0.48608431491788084,5.720539255098284,1
2.0284137145491017,3.019023363104215,0.38958956977309256,90.64685900654206,1.769368976131776,29.258559816918797,7.349318928764438,0.39065590602750816,0.8384443772621013,2
2.654968996268603,3.585954189138831,-0.18607400909027633,56.32886997529104,0.060265631090113375,13.104900548991457,3.0832418947248077,5.921804870089326,0.6508562748909137,3
8.436675385344474,6.154844839224514,1.4994399982012485,62.15187664845684,0.099114899869994,14.647149479402627,1.6839850864823074,0.1386701052161213,5.310746887697619,1
0.9852416888372105,3.429787293254572,0.2612901084533543,37.16594872501278,-0.021877055232766826,12.702211794696957,0.5887155814169615,0.5091653034470968,0.9279488772418191,0
3.561877773625898,3.777654902069657,0.09462853747339055,89.92739174770757,1.7875342124408529,23.500302162040004,5.599865958500613,0.26727110806107846,1.6509975181750258,2
0.7495139686149802,3.2104648707604366,0.07398294826086975,38.50351195415199,0.06024126259276658,11.927941085678615,0.8180255536558493,0.30074456184532944,0.37060738731629356,0
2.973626215711667,5.417528965331605,0.06830165110944761,110.74577813648983,1.2723928620347638,32.603611010090056,7.591887476852197,0.33819376995442874,1.8215386186118392,2
2.903842248047511,3.2788370636105215,0.107394787027126,79.72651782453023,0.5563711376928715,25.788934133305958,3.111018313570537,0.21217755814391123,0.6905034595274571,2
0.9818727730252762,3.15280303423092,0.2408143546165744,52.99257399646005,-0.04526358085054369,12.438341985289519,0.12844841686116507,0.41098376332045117,0.5237454993745041,0
3.1275175226235854,3.6084881882067164,0.34759096946924833,85.35777587316143,1.4591650904974167,29.669429829344104,6.745565300463629,0.4181525502013728,1.829725326952675,2
0.9927540737180982,3.2741409614078485,-0.2410593917781529,38.61101366793779,-0.06367601875383794,11.630790761062062,0.7873770663404251,0.09992100423453548,0.9360657175111007,0
2.043962689341372,2.8529052570049207,-0.323740855733963,45.20197615981486,0.08455955972301986,15.545297091202771,3.4937095499745556,9.036413283070523,0.9579028893094732,3
1.3273851192071398,3.118363103470056,0.026560200158449725,39.922232290632984,-0.03170646022284649,11.887404014111342,0.4572815223547081,0.17778969789473062,0.3695456609022803,0
9.108478491038182,10.87726660540743,2.247225254962847,65.84040310838921,0.13135440446503788,19.07073923621693,1.535788161052741,0.32115210619181644,5.371715172274923,1
1.2881389271567127,2.711971435944265,0.25242387663806837,38.83679275783604,-0.08991822637250894,10.771069955128134,0.10728861825853467,0.23354033714977673,0.33415245617111117,0
2.093908517832939,3.836911047673191,-0.0018645085352813856,44.483695655418536,0.04074499628712448,15.146844597368714,3.418450801005386,8.965427317018676,1.001917388825766,3
4.561331915266247,4.591571505519643,0.2767137479691218,79.67321823793763,0.761601839731873,27.13583007676455,4.6685469929136225,0.404606011139741,1.262598297011779,2
8.672453629229215,9.384482099233196,2.675126288071304,52.221309714555765,0.12802511728728028,15.553820074853663,3.2520953033627014,0.3710848309994161,7.428062147349681,1
2.5875702835138568,3.9388865742678627,0.25606420095950244,79.85392057923171,0.5824808047590921,37.49120441231688,3.9872420010653933,0.15235014002117897,1.293054849691702,2
2.9030988458481684,3.776883182931404,0.16232904177199173,113.18718915188904,2.091173389771741,30.560836791260638,6.791448387048135,0.41022716331059894,0.6251966833107749,2
4.066726606977206,4.32068519581901,0.18499635964135175,99.61768455330511,1.5417105877979727,23.134373857900542,6.963640795928166,0.3643446043131227,1.012404301074871,2
0.7556853532208395,2.9703705281439596,0.2123795707975437,31.864309024862397,0.04565825661688878,12.753046175834767,0.5852091785306957,0.30562627529061415,0.8306919109137275,0
7.302675615306787,7.415262714715351,1.6281558839499148,56.743985315347196,0.06762520659542316,15.289412331812635,2.2132875288782463,0.598126823215484,6.977372805410142,1
0.583380159155912,3.157567265986746,0.0049264353139922955,45.41844146180592,-0.030943586541257243,12.381688589684662,0.45925071537746026,0.14184422541220676,0.3087733550641353,0
1.9722604801617492,5.0344389396072025,0.03848921221983573,109.37714671855053,0.8433225393221652,20.56551111591268,4.964326738276514,0.3688322491912609,1.3685725755952174,2
1.0232118699944202,3.4247450082465436,-0.03157687893845559,36.99630070713231,-0.07160011195027866,10.458357454653951,0.41667570113203534,0.17545681946892006,0.8353076933639689,0
1.6511856077778755,3.0977544773319443,0.026642928894626255,42.88187951238954,0.045669807297463345,10.45823297314668,0.9048845580920215,0.285987507432416,0.5031446718756436,0
1.071948786828729,3.0134871432589496,-0.03000885417171335,50.662775691685624,-0.08242735679377647,11.458358193217649,0.6540281760498059,0.1618249056215116,0.7047166294159244,0
2.775454983984757,3.041012389628124,0.37508061129002745,38.38334931646317,0.1388981918157573,13.992923046938529,2.299711267052303,5.426643475966472,1.4221118461502116,3
3.4479353871756957,3.5307299678600508,0.36677989971448566,37.2004736406636,0.1868990343116419,17.43658270420129,4.992302690789687,8.940120779943745,0.8171985185864219,3
1.946884801977592,2.3325879958503664,-0.14901761544238729,41.5470872203311,-0.08529138498745024,13.975085542805656,3.2043663515217737,4.872338674051945,0.7697818135814729,3
5.751100017271828,7.871892949265013,2.802965928955559,64.65068346456302,0.114750706900555,15.246452627809822,3.679382897685145,0.4288887046531363,6.616944717175015,1
1.4473962792820319,2.6559311916834805,0.09202343180898243,35.368976068066566,0.17053820038739534,19.691753422740874,3.9729196540049037,4.671043360763924,1.4083514480432262,3
6.396032524010997,9.549171118815673,1.7310421459250713,55.39112339383112,0.2788829346573415,18.076481991491463,2.8584529738899382,0.23482069160796962,4.175176538092468,1
12.078305401862593,13.061676632468204,2.202911685547628,48.949781073738045,0.29680157664735585,17.62167562346194,1.9711042229318496,0.10624658109569753,3.8636510089372846,1
1.8515550241516512,2.794253532434671,0.15277265456899983,47.59753588552685,-0.0421118900653149,11.037048872005693,0.9765977162585346,0.22819202398667013,0.8813009408053316,0
0.7328831431235389,2.646537309416342,0.11609108136317661,44.82939933737967,0.02959470138352318,13.791734389552254,0.2281507820669445,0.2986385227383356,0.9716004811510001,0
3.399924012325477,3.99997566356642,-0.17895753288097888,51.983035062322415,-0.07584201676413256,12.811970696906096,3.0220176812044386,3.8507308110991207,0.34763029352618435,3
1.8987750826556264,4.469379778931991,0.16816938232155193,71.49836545476398,1.5581782979987258,23.22872573432187,5.802690624564662,0.21075049298708046,1.8473288261602814,2
1.0206838171411956,3.674239796556855,0.09260775957241409,38.724688746151784,0.021220548988000618,12.78510533681585,0.7772008092443994,0.45164982317074776,0.37145343641359496,0
0.7803682865280896,3.5666140004759677,0.30062749872231703,35.16059531472106,0.08345044606855226,12.930897821538084,0.1541812828531806,0.3669998826346289,0.750495355239505,0
3.586991945824863,3.779992729906877,0.2064360545291878,116.51077371777484,1.1993683192309375,33.3548487364381,4.593517003262889,0.4819654511607058,0.8809490069840697,2
1.811406736174858,2.9290389039912745,-0.22776357613198817,52.515816736371306,-0.004765471550298407,15.165471471677662,3.047332734089037,6.247001965843827,1.1412131267433376,3
3.2477824343893866,3.1499398083177477,0.23252687113966083,101.26463758887995,0.7749448046812725,28.651882528004226,6.236611210208163,0.36836680872413036,1.6587296052665492,2
4.855760979018777,3.8017566343980396,0.2743900522833559,79.93091214221,1.0538254380953902,26.080144441114935,6.535343753073046,0.20143478963684247,1.3861849547103366,2
1.7228144460459436,2.9487274000101236,0.13524958998633646,46.08568429354463,0.03981955618491093,13.674506284244742,0.4306113048624541,0.3460069320207868,0.48367189206256217,0
1.042402112399954,3.3552527251607507,0.19021269200735047,31.980658320526757,0.008327960850479686,12.369672090916461,0.414787492420388,0.24551682617905113,0.3850554592253023,0
3.201252110891817,2.490429738275044,0.18824201274330452,51.38384804796198,-0.10153139557236557,11.78336453694059,2.380707779356497,10.062201959436345,0.6006470791484697,3
1.2997197633906588,2.6895503706546036,0.14866379888350098,40.77547205046887,0.06789243647500146,12.319354010369034,0.21475091449933317,0.435279056250856,0.9645854923885245,0
2.3757066418064103,3.404494257708631,0.4651746082043162,103.37840823938328,0.8443890964581349,25.60460564244442,7.000565839205354,0.18044562054828994,0.634255614983335,2
11.01191546896686,11.901060489493878,2.3008389651311743,61.47279940170429,0.12563660524265768,18.014651876376917,3.7909556120172803,0.1600131328234198,4.050981190110576,1
3.0278832400014597,3.164603282935837,0.11296021959006794,99.97886708924891,0.6564749676795245,20.747713496225334,7.550283035133703,0.40522336131403575,0.9665976073135163,2
1.037198621228727,3.3092156663824848,0.08886730598584093,51.03987417747943,0.08357000939968179,13.843641465152954,0.757461684178061,0.2793026260996623,1.0003482349029067,0
2.569643401110034,3.8914195926609656,-0.2922209208528966,52.01014120810497,-0.017011208702274825,13.660820670402371,2.44883886354169,3.0821302090810954,0.5125038829882607,3
1.3826066434129562,2.639675896407353,-0.0422217125813172,40.83914953870221,0.07681549474917734,11.234925332490283,0.7059623342949829,0.4911048283717753,0.4327399553276721,0
2.623682035014057,4.487647598285327,0.28403945091107957,93.00818306071012,0.718358354524971,33.70138132677195,5.201064428254719,0.30901892376653073,1.4646206880003505,2
1.0847110827948545,2.504518351253078,0.10607557437186253,41.59494461576586,0.05568683725802326,10.50661265575921,0.16589792654041627,0.3432712021769936,0.3222999439599152,0
8.621804853266598,13.399763924755735,4.157076856885726,47.900676516600015,0.2647943129135769,14.799741372630539,1.8635154194645078,0.43619913558216933,4.728455288327151,1
2.9831418701639643,2.6616371033578017,0.31047505461640645,36.84733017346055,0.14898962217977288,13.69881571043949,3.8717464654791205,3.691652662663912,0.768757015153315,3
1.42630532675839,3.656311501858742,0.2622749844610419,30.09854265532756,-0.07610609908899418,9.923932518640742,0.664484047063017,0.131479890898575,0.8391865647955212,0
1.8746919690185357,2.4849825351218797,0.16934432896062337,47.25189172539395,-0.09306378758333028,11.699199056768922,0.8490848923870922,0.2735323091619911,1.0261525402543985,0
1.642362330218639,2.743441384232946,0.11905870056679435,44.79433885728442,0.10037818179413607,13.141698743346861,3.58006528486661,8.516495636357076,0.5252357299493152,3
3.8244270419603286,4.677585377018538,0.12114195181873995,94.4747030889484,1.5813065588139263,34.226867781479406,6.788231663326402,0.13355627982058735,1.4914098970701102,2
1.5950357947524865,3.1310756232495374,0.2134217992985266,34.22371149372664,-0.01612341207671214,11.323088879290022,0.5261392324997423,0.4127641684830935,0.4446339514319132,0
1.9200496096586626,3.023335693046252,-0.15393996522176753,40.61220899780631,-0.015728677566637282,14.246927180055641,0.18299273491666665,0.15547524119160308,0.34748470162518763,0
3.3885384734469675,3.4224661176784563,-0.3066698540027175,47.3395993669522,-0.06324422118277788,16.72637242818051,3.5944046090270843,5.703288980018322,0.6339943493653407,3
1.670598105709537,2.9162469079391498,0.32695285099250376,50.86449498071454,-0.02525092105256257,15.274302543685607,4.1297661211537715,4.724276935951005,1.1842920211756351,3
1.6056117280282358,3.1059140223643715,0.18681152257424216,35.02359009288268,0.039032525741979136,11.29562431953659,0.11630534101357667,0.20778895426188543,0.3377953091370285,0
6.0741615149814105,8.492053716813285,2.206063125069144,49.93385633095653,0.1383337236059887,15.056034140639284,1.7931031590335975,0.24028157033145398,3.4236001180139697,1
1.084134154931383,3.1464685640511663,-0.01816666211202328,34.71508478137027,-0.050834909107662224,9.738657184575084,0.8716662940747122,0.46261666386795014,0.6140664541657626,0
1.5414441862752235,3.319919221688098,-0.2191126149278131,43.27262173840804,0.07446626483346279,12.023577106735038,0.3378378399564826,0.2904687748270304,0.7371933335118007,0
1.3075378474655996,2.81873569048191,-0.045004042195365516,30.78047452022536,-0.09146978837229795,14.683843936308879,0.7923253972539835,0.3315809287296554,0.7800579123742711,0
1.1566207610888124,2.7943194024103306,0.2338988791698337,45.57230508877325,0.03458849832304903,13.471779553667435,0.4663827328026203,0.11545070388075972,0.608873567164937,0
1.650178700818853,2.717368233257285,0.012129843315969235,48.512198152156124,0.13697099755093273,12.306357644807692,4.118906946812482,8.276203769613238,0.9841472206089953,3
1.3371017568663937,3.00384457973883,-0.1315791249359235,39.89084529847073,-0.09738727188656436,9.84692869185677,0.2102896629345734,0.4150346516240904,0.5777552607177897,0
2.6376861496062682,2.4547084743429624,0.2761080070858911,47.290436739536446,-0.01009132290385342,13.5183192889609,3.7638969690855615,5.674423547183562,0.9111436385571499,3
1.8962245422044222,3.9617416821622635,-0.31410142382610745,48.052704786860254,0.12033122160112616,14.66457509993116,4.605234788470842,4.122801508312007,1.2937253086759495,3
3.4326037326370713,4.129390653295396,0.47068354582541083,108.56869191466927,1.4408093762024814,20.210820548506383,5.87870437308854,0.24028954796312366,1.7683429927215468,2
0.5535192623924107,2.907009076094645,-0.1213230670204124,47.76682550063138,-0.015510066201308426,12.039909810117107,0.6073232511400387,0.11910611479715559,0.8309402664066748,0
6.435648029211046,6.103806768100055,3.7770240019209935,50.88189767545667,0.16582824534858912,13.829879485741243,3.292161382010335,0.09727349416579972,5.357457744395451,1
1.9382591591362746,3.4231550715210517,0.4588547549110274,41.30861976166249,0.1738434520610925,12.76103514231394,3.262746271598707,9.460931184547167,0.4320323436932047,3
2.3819016866834817,2.6098000079657186,-0.02771684570278369,48.716937505836036,-0.03452820326418209,16.284590309330905,2.336499790246816,6.338081800556422,0.33163587539978057,3
1.6836148868454455,2.68641340309922,-0.16617360733244524,31.732865351338774,-0.04449523312715997,12.642982557432216,0.9009849142368492,0.28644977234304536,0.9477041489371948,0
3.278987210267802,3.664681690449188,-0.21557205271313248,43.14111218965226,0.16138083520223923,13.956470240290592,5.343445018772137,5.921930816581862,1.1058237105455424,3
1.7960906487053012,3.411395303838304,0.0316311535824222,52.963633275606256,0.018730407422452036,10.920620767830556,0.7907714244572533,0.41891079925287567,0.665729856533867,0
0.6853496158949794,2.783063113442253,-0.10917382054883303,36.35024617354286,0.08988144627963576,11.183813511613655,0.36235722023187605,0.1856406390864149,0.7855490573872207,0
4.093085814695242,2.908357141245422,0.06500788068450802,90.84316776716028,0.5242409261817115,20.665467575982298,5.086270384350069,0.2808296551076284,2.130527349221619,2
0.709782923349582,3.23235172440048,0.14370456260702244,34.128454479959316,0.031853620142563155,13.586667094101903,0.6083809122394991,0.30499072595144083,0.5031688582659267,0
0.663820951524947,2.822726987628874,0.07414900770468753,40.692598547543156,0.08613932899336556,11.865957259617046,0.910720884064282,0.18599417509999605,0.767034425754873,0
1.5514370208179908,3.23884954532424,-0.1452458068584881,47.940986320886196,-0.023112671870018538,15.672367432235646,0.47500451968088414,0.1176891605597208,0.30734658914703705,0
1.3828612288921038,3.113857660320919,0.09147880373768094,40.51008158213261,-0.022698565758126774,14.445847303494551,0.39109611154994267,0.4243240599621466,0.7439272044738673,0
0.7913744894046454,3.5292877397864766,-0.0032584186394816065,37.77714445021755,0.0032281067803627416,11.271345598900137,0.5717177652891874,0.2155630570439721,0.6708359927163131,0
0.8553374444164252,3.281448252195745,0.017741149420507387,43.97110254363002,-0.10179459547513592,11.826453818700148,0.2139235750887897,0.15844006146491266,0.7509985152553406,0
11.30084281660026,6.589170369315477,1.6100795586681527,60.28384336518047,0.27397264798723486,16.772871092176302,2.1180834844887655,0.3160124004129084,5.8919403827197785,1
1.4198430686112034,2.720550891671605,-0.24561268923698826,31.118408697227146,-0.05627810807709913,12.37931791751222,0.4039265169990928,0.19990198013097693,0.687181725221468,0
7.852142386843145,12.43246574479852,3.4938543973619103,53.714470911639836,0.11358152428049974,17.28159051792799,2.24500319627551,0.1409626359147006,3.2464039304496244,1
2.0335870386574437,3.7932276193049406,-0.39069239110614834,41.37498905258981,-0.046606973842876334,13.98801573231537,2.5187108037733026,9.357047366687018,0.49289249845037475,3
2.9489941611835575,3.5071542238967512,0.4883403741840319,38.25884688200661,0.0048600915361101055,13.920126779124958,3.920195840826134,8.910274293387568,0.38545997899037054,3
1.9208311366874462,2.7930496277595624,-0.2358909204380977,43.74620025399159,0.055096399667998154,14.076731383914394,0.4068476069321065,0.37881256229253046,0.9580059759276935,0
0.7174521589591596,2.9554829082716383,0.009568380030643675,46.882841170973485,0.03818054138355641,9.923211967831461,0.41575932301057,0.29964167335307346,0.41303681866151676,0
1.9137237058002918,2.9166960621932874,-0.2251779405240664,42.66291376817379,-0.08542884529084369,9.240505240217567,0.9351494276808244,0.47259305545094515,0.2747058229522053,0
2.007689212498201,3.4012859273002407,0.024899574437693372,33.444830416276055,0.040300255196987794,15.322181423295184,0.4824839831767848,0.10098768285271292,0.7017519872326401,0
0.9638061411685321,3.122742675625631,0.09408725314772222,43.04768841214229,0.03709559454666876,14.591171816440767,0.27569420738835093,0.19181880337721652,0.7975136583903395,0
1.3946442943223016,2.536029530343015,0.1627222329802307,37.053472236959166,0.021018303571775997,12.682628799970985,0.8300138631818671,0.26814180843827085,0.5410217549966446,0
1.0060463652630707,3.4635776933698064,-0.0845097489955154,40.43159013172379,0.0592005121441148,13.956850742212236,0.1159967607147313,0.12931155899191693,0.6670707644530939,0
8.753225005742708,8.73159412235427,2.0376223320868827,57.60305666699769,0.16232513426591286,19.711372780451537,2.476931056656803,0.49536969354843713,5.517017399566311,1
1.6468754586061431,3.105918977789486,0.007513359834764154,51.00015553183496,-0.07937652669347316,12.374663068571815,0.17025731772421707,0.16666231809642748,0.5034272856650988,0
1.5306648312676232,2.9215537652727255,-0.0010365577382408175,35.833940621368875,-0.09418060886995623,14.505983512294195,1.0080542037824192,0.1048890260185809,0.3493547222434123,0
1.4016919713080842,2.9042774987970614,0.27730368828321494,43.45663444484619,0.012774008590895754,13.260825414319614,0.7900814958130226,0.2622832523072612,0.7633477114210733,0
1.1385552034548827,3.8746624294206202,-0.08462035976666314,42.85755161250553,0.1170599787323353,12.039821720172991,4.781747043873492,5.823314212787869,0.9456678090139408,3
2.8508966954586366,3.343185032238068,-0.15749756985378918,38.644656713976715,0.03632844887379239,14.560970900103012,4.6482584269342775,7.446803612124069,0.4048577177816604,3
3.430177385361895,3.4880478691938874,0.15622079653526655,96.30952161283895,1.2960738282807425,21.317667858637826,5.593117392628266,0.39801812160742006,1.5185425900992495,2
11.648583824415283,15.796689092448704,3.5179322935842268,51.01100846731725,0.11969345078018842,18.065806248094294,3.2415815983402494,0.29244395293394876,3.342479936886699,1
6.652663689283017,10.756418772910024,2.2531360163275664,56.25073145961012,0.16731203774231124,17.149827942401306,2.3699494899520728,0.18477774412699632,6.453702712310702,1
0.5660855506595208,2.9333821690154647,-0.1496454283013836,49.56049263676761,0.07535952593861242,10.972022734729158,0.9050780761032013,0.14844027389827696,0.8580564740697719,0
1.2165642515105117,2.805530974460539,0.258209588185588,37.87085862969075,0.0867909802518058,10.152819474411896,0.7705525833492772,0.22279485128109874,0.9608553678327492,0
3.7221640695460856,4.834166987258639,0.3049306069183146,107.24307899073887,1.315599503342036,21.56347408271099,5.820035249642363,0.39955285823196274,0.9025260262134899,2
3.0898548731373476,3.445771811283017,0.42378487937744325,79.77568777145443,0.5686089897530137,28.215740983359865,4.96550147018949,0.2546741672660614,1.014911689020528,2
6.823450987010357,8.586871849511015,3.544918257511751,50.27641090675734,0.2797426315155365,19.099932564167002,3.398344410336307,0.4311836598941634,7.778169019790879,1
2.9006286347634282,2.707612980726794,0.44226159980920465,50.03966050820409,-0.04514031567048068,13.034660765217954,2.088890632917559,3.037671657674429,0.49959651272075406,3
1.6234601326954925,2.8774124144400575,-0.08024494403239608,39.381345389680696,-0.07906964160853704,15.870630757986756,0.5149892448789843,0.42328604302288697,1.0712306407733183,0
2.090271615931913,3.6189316608659414,0.16968426876002352,75.58382954800715,0.5642034000459937,26.22810225733824,3.5491182026121817,0.2175083265872672,1.8780355987736508,2
3.602738721321854,4.616689535249335,0.1701916939545422,95.73161511630073,0.6322728003530566,31.80956401602477,5.638961132710311,0.1355805802713676,0.8288338529940923,2
0.7731299957941068,3.244064553722056,-0.01375720215136396,44.35219014126551,0.06407506490632298,12.350647504642325,0.6565516674239583,0.4906940279956826,0.9011937584074757,0
2.609114263172239,3.1025430032171304,0.2397472170492725,40.795199447731385,0.051414034237655976,16.270318240066377,4.632663963534393,7.09427229391312,0.9187324752386821,3
1.6277516071318205,2.939994495565698,-0.13471284937283667,37.48186482204232,0.09611640510627485,14.641371244808694,0.21615009384025213,0.4203065908251924,0.4653010100533421,0
1.0182739557722265,2.866647164029633,-0.2108730539436443,32.42192949068743,0.017562651226144234,15.20022659624993,0.6616663255143498,0.2900808464871409,0.7915105607759008,0
1.6316137823113457,2.755363943972331,-0.0896148425386186,34.24319384298961,-0.007074165713412082,11.801132279118352,0.6798363929169354,0.4613659499069269,0.6187229639161349,0
2.6705594647051583,4.088446450106363,0.22390553728331627,88.0784161084539,0.6831905140013306,27.70824063931227,6.622130004028935,0.19805939252814575,0.8818631190903806,2
1.1042854741160755,3.738776280671766,-0.09485296938501935,45.05010288602342,0.002947377626302638,13.003865147380335,0.4358024043657985,0.4404038350273615,0.500560096860277,0
0.6180736254784744,2.763106936973238,0.026189850067524858,35.313938775224415,-0.05204817788033582,13.783675309170988,0.5261392323660823,0.5048140192187104,0.4003337296433598,0
1.0787763209772896,2.664095872404628,-0.13822794434103328,37.8286363117916,0.05243947168302771,15.930852058537628,0.8296170104233933,0.21858124618538077,0.5734708221515775,0
1.0949431001077428,2.548833661351677,0.2711767965922488,36.91246203867691,-0.04847985140832164,9.911628703957586,0.2544142602220153,0.13874639218963036,0.964195256483839,0
1.743603008437281,3.8425531289223076,-0.20641195030682694,52.73082385362799,0.0027450178498039566,10.86473686814788,0.25977440595837153,0.40162045286830617,0.9670839635408478,0
3.1881374595773924,4.4486292951560635,0.5260114231695908,70.28640154216824,1.8155096205479546,23.02497016878758,4.0861824320274485,0.15790371212614016,1.6502304437637683,2
1.805013283149923,2.8634225933942585,0.2546769876670569,42.75328812957503,-0.08937700450849237,11.123345696765995,0.5067759866494866,0.418639691943529,0.4457854106874955,0
0.7362632822690488,2.9706186582049874,-0.11262411268796008,36.332353481480574,0.07926583466975266,11.654329397708434,0.8949418729896577,0.26002070260180604,0.23495283630660607,0
1.263201376052887,3.339510924503888,0.1184732216393417,47.88148058837774,-0.03387127628371753,13.165284304903759,0.5717857016559544,0.13817715755197751,0.8130589468625211,0
1.2816274862265291,3.1862470011770134,-0.04005305916133877,42.816397194212854,-0.03994057286251161,12.546751372599516,0.14683507090651843,0.13701771726599102,0.8872131987451892,0
6.714638361256859,12.0419102145462,2.4855384186757985,53.7149917333589,0.08530864713819429,14.131006113318078,2.6465423607578575,0.3596867576368868,4.164609811638256,1
4.068507264603126,3.996718056405204,0.32170950225773975,97.7978278865177,1.8164468488868593,23.75691393981662,4.053431845332652,0.23326203824292518,0.8451136019920167,2
0.7739306185725191,3.492829983079676,-0.06266162426538899,36.776539502587255,0.000993356695684977,9.914204432767196,0.6087390955603265,0.25826769298208957,0.8390631949094867,0
4.745946435627044,3.8627848101170454,0.25653426179791217,101.40022121282622,0.7050163279650407,32.881233847175714,6.2149096800914165,0.1891298523828923,1.1554312667412272,2
1.7509460014203533,2.6710243520631707,-0.2796573438867886,36.00079424933113,-0.021798356582801964,12.80919529048522,0.7759691314746908,0.40059029825201925,0.41102261689165576,0
2.0841927459441325,3.218365264853011,0.24255500703392535,51.26745218671434,-0.07864152910384738,14.294373922192955,0.2198795408549674,0.3797667806122191,0.3767346562343174,0
1.612785268723626,3.443073241669379,-0.09181037421226694,33.78021833308102,-0.013497340741717122,12.290220916099496,0.7081411427428621,0.2975438600887269,0.2636823892596096,0
1.9435376294668578,3.40511651461104,0.22187411480339742,45.385648588475505,-0.07953807375099083,14.483499997639125,0.5309968353106596,0.10731969079032513,0.22856177372318479,0
7.216494906700457,6.729612168967721,3.013616415590273,54.43217359824511,0.14961851220981437,18.302623806137916,2.6730523886329176,0.23418181790483905,5.119889101111307,1
8.258922489095642,11.813962684542044,2.764161469079263,42.443268189166595,0.2106851772739568,15.121394693175043,2.6483650579873435,0.24445770959495178,3.614374527805742,1
0.9001999921066697,2.7753643364763514,0.004927110962993493,40.94459677068506,0.028328994230041205,12.484049418246835,0.13138773238549953,0.4058501030688329,0.2716090816884032,0
2.365672904185181,3.812993250116703,0.06308824871408278,91.88668479933384,1.1479044060017785,34.210118262016074,6.462568488857327,0.32021743864600916,0.8707692174656209,2
6.665326087765979,12.821034067334535,2.6340015857178543,66.76276190376282,0.10365424092206522,14.483844581781533,2.274659088449328,0.12025066415785832,3.2473811601127585,1
10.119547363947891,11.974055755046734,2.8038364854734596,46.40463644999465,0.22391904664468554,17.469616054257095,3.9253358978748256,0.43732113213845175,7.891515225118605,1
0.7378640514525271,2.7857960783780578,-0.204083051296449,42.463336395925474,0.064539618380173,13.490296675190162,0.799788544165099,0.20257498289614861,0.513883252404721,0
1.7305179229498664,2.845856811109484,-0.011537217883064131,34.28904536245605,-0.08795731305371085,12.721586524124442,0.2590032147906929,0.17156158930080373,0.2438753704032131,0
3.6832471803581153,3.74382582767952,0.24606278838534595,81.25617451818393,1.7683973352092246,34.121100562973126,3.380997220004528,0.3655305170176842,0.6343263644717615,2
2.026887532410152,3.108295987663585,0.20178242034483826,73.05956505851236,1.4851636771834842,20.956837020715522,3.978287011183887,0.4576746936323567,2.027868440528647,2
1.6163209022730525,2.8808971837253576,-0.07641499282792727,41.66479240336848,0.05405468912708532,14.653821436869439,3.0185260075261318,6.956490932853061,1.245456208638338,3
1.4389593364859072,3.3201889496279815,0.30566425256714036,44.52764106620397,0.01556416103906375,14.317574146739407,0.1551552826897907,0.31943689151308485,0.7698978591794734,0
1.8496610837901806,3.017579314174533,0.1241152181425514,45.178927383692816,0.03759537011162448,15.262721789421985,0.8190472533815137,0.28139624984998673,0.37556391606218587,0
2.522392594737837,3.141641746684321,0.3845087669690169,37.32121472723601,-0.009481252975643836,19.267806948289085,3.9486667674502387,6.161516182441868,0.909650484574642,3
2.9215604882240997,3.862932425372491,0.3420244556131362,46.83181311046101,0.16937463798523855,14.73416534450276,4.388612890440902,6.419333073026125,0.6816034504723426,3
1.2402212744800978,2.4228099026936603,-0.4669965778291445,40.0169438156504,0.005795818828839826,13.878803621288395,2.5958083399909584,7.6512320763714445,0.600848996404821,3
1.8524458530136196,2.7314328736333406,-0.4522863776855693,52.84447783264719,0.12986396441132747,12.356110087552413,4.205878252440833,8.335431175185569,0.8628228764157398,3
1.1944750289451145,2.7928540715060706,0.27703900334347736,35.7747291382596,-0.013053052109839347,13.214679236074895,1.0100312607470394,0.44970077026507493,0.9562352697520726,0
0.5430936840334024,2.6935894298574032,-0.056484253511713434,45.89635674575918,-0.06421070977349444,12.998861188300527,0.4321569744369991,0.1355458759697551,0.22326925338299108,0
1.9628222628888523,2.8763661765181174,-0.043159765843246475,31.706544291814026,-0.07661541304915057,10.906290639396213,0.3407167301123064,0.18968997168507995,0.9925332311731632,0
0.9430624506261844,3.212397445023775,0.2514647672913838,45.58458692543116,-0.016953181294473214,11.773205280861836,0.769000710873594,0.48118746295689785,0.29201914923480143,0
1.0592253649670043,3.6462782374819476,0.2109771340420304,49.91015773007297,-0.019626814221920544,10.788679665285695,0.5873422078223485,0.48983698225584105,0.37452477487466684,0
0.6692084396492162,2.6249918770057366,-0.17857298978758931,40.48835170158018,0.08524942305200758,11.131990859232294,0.285601925142481,0.30625144691414796,0.7621834912229479,0
1.2451608185503018,3.1300882498492237,-0.07695061111675898,35.92173268284357,0.022840627353777506,9.255624054025429,0.9158045450016725,0.3589888907393806,0.27525232916784875,0
1.0412766308990575,2.610503114029233,0.01772780585533561,46.768591553136204,-0.030531382883050445,15.814414082213734,0.905380962107597,0.4309030741338631,0.5293049574229449,0
1.5269765856138013,2.6423866005049477,0.24406331898580294,46.23676911728332,-0.02763302309998208,17.448034759752694,5.222737778508198,7.700757557232803,0.9680733173470125,3
4.62297581853035,3.2915381679564684,0.2147130424358838,96.57931676603043,1.7320913328526466,19.86255165141331,4.720757513358847,0.45694590360507226,0.648226732820987,2
6.099857323250502,10.632204302022986,1.686600985263545,49.18919798127993,0.2641674706393025,18.176069932812702,2.796430280679,0.5459256724694521,3.4457856591290668,1
1.3349637812774238,3.2268934659838524,-0.21251353831987083,37.68104651768593,-0.07713944666982002,11.265175193702255,0.6532775839828481,0.1113916836521646,0.6236757071111173,0
1.3320922453776696,2.729839672142924,0.02958145683398563,49.07940700080684,0.09201351685324166,16.2808404623946,5.003902327755433,3.857326879616962,1.4117793366262414,3
3.0498212128774016,3.6235810120027105,0.2318006122189015,37.28875261748775,0.19773797389893463,13.269304800860901,4.583259088323282,2.9166869420308625,0.6069042317816865,3
0.9081303153650158,3.651434428070975,0.015480832775927033,39.36294595257155,-0.07275635524445198,13.531859523731171,0.2104911319953834,0.09625808313291519,0.33359421014002216,0
0.5249495105811585,3.700956555583337,-0.27276080725078844,43.93333386603365,-0.0721224510339485,12.585087649711166,0.955471030618624,0.3639721542095919,0.3173714357109868,0
3.5590336328494474,4.002810711237211,0.20125883979130482,97.0726209328495,1.5199719780716032,21.087972115130928,5.157201595128865,0.46765253208703406,0.6146943877544399,2
5.035185137208765,3.17521333120266,0.35576285190887125,72.26932856247728,1.1598917374106177,28.09487764077175,8.056057421577378,0.1552820824433999,0.6239640455529495,2
3.7496742174847943,4.501317021735331,0.06407367449380688,80.2724858711044,0.7588784306186959,32.03705848188908,6.972985669086388,0.26024576560754176,0.9441316934363904,2
0.6634558754367411,3.522233105897889,0.2074466791328351,38.215140339087334,-0.08273249157321529,14.159837160349523,0.18857748510859867,0.20423990859325233,0.17465578552676309,0
1.686961408610494,3.4592186793929476,0.19959187877540605,40.173569921893446,-0.09139945039624604,9.48682715521392,0.41614875379029004,0.47584686134756077,0.2582424499218917,0
1.6751078709680516,3.6850992065144457,0.20404598054435596,40.885995797693894,-0.07586504449266314,13.960634512675295,4.170832375706542,9.1318993621447,1.1089227001909605,3
7.794215871597572,5.879141154340718,1.6006116546992988,56.516865010310774,0.07804195501702826,18.989148170936968,3.874125193347758,0.535394671402976,6.142381838795289,1
1.028371531152246,3.4677995904586165,0.008579769218485231,34.287594981351525,0.006298792608886097,8.860047904704176,0.8106162798987743,0.4259033579828229,0.40954410938612856,0
4.391246994989901,3.7955297501977103,0.034690947539859726,90.75701899482458,1.2816359031452165,34.069688677706125,7.663163722161305,0.2952553703996373,0.8444257919207784,2
0.8486744427736754,2.6164126934479643,-0.26272635922661247,48.74345634700303,-0.047709845854785646,9.22160575517354,0.47184958781117087,0.4775775918200398,0.929737126895172,0
0.8471524908534148,2.9249316859401286,0.020548251279396794,36.81786584380077,0.024470991570905543,11.317151040802393,0.12420806345132254,0.4654013021138532,0.9030077508696865,0
8.716570254451934,11.048872077936174,2.72371065126012,56.731893749911464,0.22202583141202395,16.768807064069335,3.5051407612260768,0.16626179904484692,3.6173926302746513,1
2.4650648264548374,3.7570918355613983,0.28436883150574266,97.25742914540763,2.1088033960096935,31.67100972134744,4.131792058074024,0.4231531473976279,0.8733010493423847,2
1.1051606765668596,2.53699747026936,0.12640327294500125,31.821865577440583,-0.06778365166495759,14.290231751627648,0.7004195335680881,0.3924232987866309,0.4015604775567288,0
1.3460123308163532,3.036074500453848,0.09770192811449953,46.157711961978656,0.08555174320505116,10.629929457432377,0.5134446263311188,0.26931240266540873,0.27180547652844506,0
4.722589967487974,4.522409736985926,0.37976882554803887,113.2459789292995,0.5046613850790689,25.446821136392703,3.197152079536408,0.34944605029018616,0.8297274948926315,2
7.818212300787073,13.087953396476083,2.9347237190525384,61.295023062376295,0.1164368529954011,19.693897342384403,1.479162407851471,0.547356492645447,4.302757993779443,1
3.1562147820458293,2.6306287498072694,-0.3998522078149871,33.69646527752156,-0.028183125005404458,11.545955724084317,2.226148056959037,3.801473839260395,0.3937407588133308,3
1.8902609894503535,2.710125032370994,-0.2031121777777658,41.087268296652354,0.007586813376927176,13.479191069130387,0.6430178828675673,0.22982544069457608,0.5602268747191445,0
1.2557856768485978,2.578156505346748,-0.3199908012632733,30.445233026082192,-0.03981627499511426,9.849631519708375,0.5842351006111793,0.4520669460518094,0.6002350505746833,0
1.4206526183928212,2.8406370372223813,0.2181319635161512,32.006504794267634,0.09800440122819108,13.405465180213062,0.37795830078581044,0.316158708486882,0.6567506522142423,0
1.0481495060327983,2.7341628450830746,0.2767322227075594,33.30033853969766,-0.08617556460875982,10.771699183294654,0.4551336085625745,0.3090504473966082,0.3201577330629076,0
3.0394049572446877,3.936241251267344,0.46124829930488104,39.290946593101005,-0.07028570684592081,12.405556516990769,3.2411804682910206,2.944653974604038,0.9771347089545405,3
1.1763641172550874,3.349928726506548,-0.2541753844558567,44.52804213499439,-0.048404305169497785,9.955395965289485,0.8082591306568154,0.2913124009729452,0.868196328340503,0
3.9802701716504627,4.60651042223088,0.2855786516029983,109.68619328341575,0.9275078556504425,27.075260281405228,4.228984043505065,0.12981275732487135,0.5186152131413837,2
0.7635348291899995,2.830087021619884,-0.045883375018810554,31.24163934532549,-0.055855061467832146,15.173471287802784,0.49873783308024944,0.3502578287267979,0.5406216780454396,0
2.859942332647237,2.92722056088801,0.0934232013193845,38.11595354865848,0.06979176263793149,12.639894500275345,2.0722157024902774,4.59001954802134,1.4602497277869044,3
1.6909486371290179,3.6011939881294643,0.10924822721808712,38.30644372908158,0.0832850832289457,13.565341959612725,3.549709792259046,9.250718448410305,0.8142370803165858,3
1.0980765362498954,2.4074876973831834,-0.1723608899211964,32.565697805755136,-0.0049584322928293645,15.061701134243048,0.8544173307243171,0.4159885228717388,0.8781884161402619,0
1.086728258548921,2.8531366449160496,0.12372341306962026,42.89478659205996,0.08151999294704425,14.241139963266022,0.5102384933581563,0.38270669335706015,0.9646159674306732,0
6.196123750838993,13.846797400399293,2.8162843983365944,57.71882114568969,0.1631865868813561,16.105465962504894,3.2635745931998685,0.5979908255237377,5.963104671332293,1
1.7931631866698887,3.1024330405033034,-0.24118011001638642,35.81655837923457,-0.01549487015961029,10.097155532691199,0.18965394646220865,0.2509272939132483,0.6435674846613669,0
0.705726274223643,3.326458429629057,0.06280811368837896,38.961811333182396,0.0811412268712064,13.800597659266542,0.44255993874677074,0.37852967347145383,0.2430579803442297,0
1.1438012030961098,2.6677462246878947,-0.08242627430468373,37.5490048381745,0.0460821112263901,14.276165147891975,0.9895654023098364,0.11449701776757173,0.4143094557435948,0
4.874254086780852,3.0548275520248884,0.24419434968043055,94.6340943672363,0.819903416180332,24.44892679434676,3.0563762533141157,0.36779284338390067,1.105643925314377,2
2.1854290205716453,3.8104441502398227,0.3082427687361027,102.72716387647365,1.161562233418902,33.65286204386405,6.6303127064900655,0.30699752003175335,1.2798451782683238,2
2.8545037660127455,3.721375174671705,-0.3964057766600545,37.9183657176456,0.16095386049301252,14.853370768272269,4.895499863062689,9.804627031816313,0.39742631154164676,3
7.8306576759753534,11.559299707971752,2.7088113208389224,62.30468105133037,0.24087197689674797,16.41730237183787,2.839567904118761,0.12265762408106412,5.259918701045177,1
0.9384873239514792,3.4517507015327915,0.2882759388604904,35.1999670361685,-0.026170993474709744,14.035338947944851,0.5137801933271047,0.3687158603969613,0.7173061337603601,0
0.9278704936952146,3.1324540241878265,0.09266031227068078,52.34026416599871,-0.05347593130292522,13.878475707604371,0.13533859623261607,0.41772113539432976,0.5965845775922791,0
1.5605309875901392,3.4075678937602962,-0.09965187495300881,46.02230470363366,-0.032107515999151064,12.779269149096574,0.18068052020302405,0.23740044968820148,0.48532505384336644,0
3.2297378797903686,3.540383531264308,-0.18517567203907906,46.336845939646885,-0.026709559635163735,15.258644882712254,3.6259937354765497,6.363974922733393,0.5887339724455696,3
0.48879653525418265,3.5503128783802897,0.15821132720267234,46.86736139192813,-0.08847756430577604,13.159642635664584,0.7449850095609687,0.23128842772694938,0.3686920108234452,0
8.741231338957874,14.433022019395766,2.4569163382183024,47.809719369405975,0.09791867197224023,17.497464603637134,3.367964849954381,0.3747810681923886,3.264262987614347,1
1.7474956974764204,2.832096736760824,-0.15212134900558,38.33116808376991,0.18871638367925847,13.444064247565189,3.106269661257463,6.401751263782774,1.2165650815383975,3
1.0567388164779001,2.8487017035480946,-0.30596245359738194,49.65831824187177,0.033311323777656755,12.339620968713922,4.5344126605859465,7.667819700329433,0.8410614799090751,3
3.916536705340997,3.9625178072039704,0.4638426261355778,111.54916285570759,1.2698283615868042,21.81589136563138,6.734277143499581,0.12166539654237545,1.9070004751555714,2
0.793131010392275,3.444387592317127,-0.09264075457577144,50.903205316172695,-0.07478014226778439,9.718225746309209,0.28578281750737305,0.3147686577616459,0.43672180086258494,0
1.7374070981022853,2.8311394417303943,-0.021475208341370754,30.11063549717543,-0.040007703153275745,13.311240853987115,0.6955606423519499,0.17860328199909226,0.7450261401735443,0
1.9790759470592416,2.6640948544304988,0.19402077505404425,42.88203264327116,0.060729004895628595,10.999608489766349,0.9653174488903532,0.39248428587115164,0.9482719741354957,0
4.417522502954105,4.896495038567292,0.4461582153520168,80.74832422806205,0.7318144022217634,32.891813206809395,7.07624762276099,0.4818306541811738,1.0435010325621945,2
5.943222890702752,11.012707582222689,3.3983755080016302,54.376485127754805,0.15272295367575492,15.638199447723837,2.363195393526835,0.5310320704601816,6.748095154680814,1
2.214087480572311,4.093342685592862,0.1641983505973406,76.66379373829072,1.393451187696087,32.26229799402915,6.361323647131859,0.34291636229426203,0.5192708606801394,2
1.5046684830728196,2.8822192527519865,0.22711709626765986,31.663829098218653,0.04683482881174675,12.69601025814013,0.6729431561043813,0.4056470522490625,0.4377069499018809,0
0.9899335788368188,3.066143509990127,-0.03477394070400046,34.20618798654027,-0.05451460996059186,11.273716326757127,0.6073665864325062,0.17897684510511958,0.8410173218583293,0
7.833836934644693,8.987182095147322,2.8806055798731545,60.07290053143359,0.20632047834119,17.81245642066287,3.1209819725148478,0.2312066735821157,5.172860521390865,1
4.188648512423783,3.81482355478581,0.08265940291702015,82.34778063897976,2.1115230189858103,37.233674596225356,7.0229446805307525,0.18780973637213733,1.0701024224064752,2
1.462532124387896,3.001582281709755,-0.24101466969014296,44.88099798046269,0.08399544236860493,11.594463850856824,0.7897860186076596,0.185033870735045,0.5847332870023918,0
1.2995764887519623,2.7755128677848697,-0.24786051682708782,38.67723574680339,0.06464126676814559,11.641694840992097,0.9794189713944847,0.19798736193872526,1.0194927452937483,0
11.186615384532129,12.731446499633522,3.5411960409199272,50.12652603528036,0.11735603016818869,16.421720150359448,3.733707695641693,0.4388794809911729,7.350145968840323,1
10.046119916575185,8.077964861805338,3.2554647961315766,56.66272595038996,0.1954856752839248,16.313004855056445,3.4162301723109065,0.2104405315938824,7.125349115859193,1
1.4800488020169904,2.839367656318943,0.21150076509522356,47.51943111209566,-0.030277416755402117,13.845522814744827,0.924751124791578,0.24410461889220483,0.3378761174471679,0
1.4743125162899755,2.61892183137498,0.022428994508092114,35.83485106015143,0.014328106597209327,12.08387131553358,0.43924709780952303,0.5218219604084973,0.8633796554137918,0
0.5936035439164775,2.9722280470302,-0.08377310145038824,44.322707803295714,-0.02216730828759104,9.42203513955533,0.35343767480172816,0.16496051767883743,0.2223581084411222,0
1.4273641341500867,3.275609978024527,-0.2794552964997003,42.363577824292314,-0.09625679721813081,12.115829823098418,0.5140507585989244,0.31231142935214107,0.4057616893238577,0
1.913387324479192,2.955442733078994,0.24998691548008148,47.3466137284003,0.05565201138813453,12.786640644871879,0.19131096240145437,0.23396097840353205,0.4373970576230826,0
4.7510896305863,4.515834880984034,0.02316587837663832,80.65320526536043,1.200370761882586,24.202464428831213,5.51902814429742,0.32368005830697455,1.2888403403807454,2
3.8167671402050134,3.6389285980593122,0.41223698010973053,82.48113035082511,0.6507790762610733,26.11512001414172,6.321368955223354,0.2494144062109602,0.7206613839901718,2
1.2045557047178328,3.3746626385400376,-0.15692659294679837,44.58350236792965,-0.03319209746310671,14.560370058184622,0.6204106465777265,0.3430067951190786,0.8338172686293561,0
0.604440629850562,3.6201209616964554,0.03308161224116976,33.196805671362476,-0.07793362670388987,12.634184347945979,0.5950054526178317,0.18555236492290367,0.73881227477615,0
1.1060290865398132,3.4235775804822826,0.266639151443138,49.4976385785695,0.0016509209305564211,10.518886752965397,0.24376072441248256,0.17597243614448374,0.8863623039881096,0
2.909558859707039,5.256793159711814,0.08101376086863028,98.40363326817024,0.6892187782921658,27.15550628610573,6.130976575351757,0.38327711030147626,1.0293388326936,2
7.561776250403826,11.14253030984352,1.5923743100362782,61.04120184457486,0.2500488167251806,17.1209926945634,4.1175311533108445,0.21528623702123859,4.2206488909938304,1
0.6263015043472969,3.033045365128053,-0.22421045850303017,39.946296893027025,-0.02327633111021388,12.583405008311805,0.18422159651657646,0.27759323753443443,0.4332548830425933,0
2.7892114717831045,3.8729799388007446,0.2118759533395019,91.07526195553602,1.9217612163081415,21.081554828586192,6.126485927049761,0.3466232226779484,1.3325015914927052,2
1.336613859161066,3.26690421029491,-0.2434031664446147,33.93854953090856,0.056838727894847375,11.238751686854352,0.36198641023191686,0.431348052150723,0.24840704351856724,0
3.616360153244413,4.352520036807698,0.07020853718909008,116.56640747100238,1.480865565158184,31.90589932302906,5.998255916097922,0.43294082374949355,0.751810207731934,2
5.348658628055059,13.048157616443056,3.078458946031365,60.41260534230833,0.21270851079565864,13.605091522691588,3.161995944906252,0.20269748322321668,5.369766450062429,1
2.574676731665838,3.621484877683507,0.03471620544392164,89.78778730244039,0.9341757403327193,24.577561981149643,7.697165513825196,0.3063681503947206,0.7452223644243301,2
0.6076409675110581,2.525173493783392,0.17568563260680822,35.97153999757482,-0.013180708073982037,12.223831526531418,0.8332062979423057,0.42142793405283274,0.29936457378858033,0
10.211569334016318,12.695963220524025,3.0054554801390374,63.833535106694875,0.16112090566050974,17.151014977759786,2.4920054460001464,0.3785063351830144,4.0566634936026835,1
0.5168769257145513,2.8580261180672073,0.036766683283934065,36.417758707254734,0.054823232673981724,12.317311777510808,0.5072164011043255,0.4099793797849956,0.5082169812430642,0
1.786290659768843,3.20703545434851,0.25982079375847766,44.23419291425973,0.0559970471866823,14.722302199269086,0.5651641923697567,0.41595653527772725,0.6366958411340389,0
0.6855681624527015,3.4100645394603273,-0.04478139324459565,31.571312470827007,0.09489349087016842,13.033718362099474,0.673108888133782,0.446972758339185,0.8368764581465575,0
3.008899788239531,2.9511546376558933,-0.3479561848783002,36.11440183378775,0.05044661237605286,13.264690581760256,3.2009003883457106,8.314874756263745,0.7024806378156317,3
1.372898913966922,2.7440267068876563,0.043381821504431185,32.17408479219284,-0.06570102176652418,14.397267144183619,0.9636498828073546,0.3227547115463008,0.7964410747609796,0
2.806380562483888,3.4182076321693278,0.5577091273244515,45.29451516568079,0.13077297409645267,16.18722806351053,3.369708277839687,3.133022392291717,0.4223456018929653,3
1.0870235324037851,2.814922441375284,0.10002878685694448,49.452551339783234,-0.060120139507645685,11.977719652952288,0.16920369177660655,0.3054324490777214,0.3579228385514443,0
1.6151516879175571,2.654222111239891,-0.06728828623539727,39.67574397604886,0.02083543759148999,10.371257457853226,0.4033332168206286,0.3987429426711662,0.5299112520586269,0
10.561205009710678,9.694043907762094,3.0201854860516613,56.81033554749426,0.16450765390659894,15.178857262940092,2.8774316701593032,0.4754450461371301,6.793779252150566,1
2.7132003268594587,3.5234560013326743,0.37962676576133847,39.074803485492886,0.05561441012951433,14.713936052550622,2.3044363357282958,4.4318043615929135,1.3543757981144466,3
0.9564639074032595,3.2074987236018213,0.20695274228311497,32.5078965993177,-0.01167312508417475,14.77406301415397,0.6451166755200335,0.29314031847980715,0.6720479685816293,0
8.806442028997175,6.788443356868682,3.8440810067984974,56.306580678784826,0.10960698105584772,15.64625292194557,1.6936996395333708,0.42453932528207705,5.112676485887441,1
0.7851708488553576,3.1677634486503603,-0.0806909858999403,36.82986149905129,-0.06927740960965408,11.5914954063411,0.25332175721056344,0.119803338934292,0.6724646791711243,0
0.9566725623442385,2.786973397838736,-0.018352235911714917,46.389866310120745,0.06746467719421112,11.17577228576671,0.9866359642230936,0.4473410705723759,0.9927633285784219,0
0.8102546207445034,3.116421492542313,-0.26789503640149803,29.274898958096273,-0.018506248418083918,12.563697804833406,0.9646000886260364,0.31221518006145227,0.42680137701092546,0
0.9758570328339515,2.844879934856212,0.1819188477289471,41.05257467676357,0.08577788257347542,12.661519799324688,0.7819172418457982,0.4669651450735763,0.31145888318801784,0
2.2391215025004905,4.765785147630161,0.0893477389994462,77.61261300682783,0.719201660307791,20.231313800288408,3.929035895298357,0.28598029081319143,0.6692136496682115,2
7.214007508523399,13.449618688153162,2.392917993412353,58.2791564615695,0.2955785487102186,17.256278026491984,1.5921530383953972,0.46397609474899226,3.551802758430726,1
1.2043596388800313,2.6409265401901214,-0.022010885476480033,49.00410206609915,-0.07869425350080927,17.833258466234717,3.762426305586045,5.183397661170775,1.2597073609426381,3
1.4312745264914506,3.4664775615933787,0.18466926248117843,31.886243112589288,-0.08336585133192281,11.103698672298625,0.1900205862745115,0.2372228173242503,0.5357061646557351,0
2.779980930257699,3.745940179917073,0.32263365902849955,45.55019252685759,-0.03792813782413373,17.3918872337714,3.8678882751458246,3.935705657335143,0.685796149485896,3
1.2433009852124657,3.0281755126188026,-0.14802100260389772,39.174764666820515,-0.07791716959077746,11.0360364374885,0.4382479004664419,0.31665037276201713,0.7259815079171617,0
0.8485009868750519,2.8269332744249644,0.08703475043063683,43.62671042171339,0.04102301956521706,13.051298200214632,0.43413751336294104,0.16281727892609751,0.39602104083310313,0
0.5777626780771351,2.653108499210103,-0.12499564439719821,47.86665177780953,-0.02991113256754179,15.006749800235987,0.7231333964588316,0.23970006480936157,0.6800664706486618,0
1.963182636696935,2.9081323801275216,0.018551984246798027,33.26822504724615,0.058014968311641255,11.29130396878266,0.3124775941471937,0.43819348810282344,0.4184162081024922,0
8.549223846227628,9.19624515445012,3.533648840222091,54.003061501632665,0.2461735055514295,17.974024253548684,2.4511359458676485,0.2740467240422271,3.915381933613343,1
7.145509059139789,11.379370295683243,3.62495878108839,46.163564793334,0.08989689749566232,17.031029114716706,3.731774716815337,0.2798891719075344,3.1729655108531944,1
1.48008077077972,2.8959158238265785,0.2553750390421916,36.76860715135234,-0.006973885170037912,12.227743041889113,0.8090503873870933,0.19521620994960853,0.571681198035299,0
2.9783643064358474,5.048664623481334,0.051000558588324654,88.33294377146115,1.2411911637209743,29.780499789451234,6.2724738461216365,0.336981291415005,1.3890000303976493,2
1.7854411917477768,3.0590451346955594,-0.4560695617584583,51.7003949267916,0.13871953326812278,13.949991573069996,2.9867533283861745,5.864875640680534,1.226461669797538,3
1.567446832795856,3.2814718472025945,0.05833236281078879,36.52338747443275,0.03745788595771027,10.52888786608642,0.610157641296004,0.33194681503491774,0.5836177974366412,0
1.6328160383752632,3.18051155579781,-0.309499107989582,49.466563565384135,-0.045629595128478334,11.056718096031053,1.02140656911568,0.2514425028244781,0.9335831420254422,0
3.8729026448828847,3.5241832553730936,0.2774992131638463,52.11319802108502,0.16435619607771682,13.853710279230128,2.14812431789295,6.050074357653816,0.41293408969763207,3
5.855483544670384,14.949252385010105,2.3885335717794596,44.23527391500767,0.2502403213050574,19.457402441237683,1.6055895862129141,0.13029320108482867,7.077709679856691,1
2.424931287598935,3.032483076729457,0.01676734162245835,46.25614770156179,0.1335078725844614,13.075452452102173,4.39382626744531,9.384300802535988,0.35946848547159976,3
1.6433903963582441,3.6590845038348907,-0.2259702340239788,48.8782136960764,0.08242681939534437,14.949765176458339,0.9763845248957574,0.18505889022625263,0.5762463991951035,0
1.9322909586262014,3.05518603360494,0.058721421919535846,41.59057880764651,0.10046953346146482,11.599134534109792,0.5301433153238786,0.4870844855829493,0.356566526637055,0
1.5817928526071894,2.902640779034507,-0.03341676601053979,42.7241559343112,-0.06997895630288783,13.227249053107002,0.18195843118682306,0.10256908069100718,0.27556121035405917,0
1.7464783697430557,2.539083896601356,0.3078193661519767,35.99188043773124,-0.07067974237522998,10.768411118593992,0.5380919634330523,0.41141474301643216,0.6992474057261695,0
3.3052273871094138,3.882626719323767,0.12727424917385682,84.42050079490907,1.7729137657702452,27.47521111677715,4.375201139783075,0.40251038302678843,0.7521527289832409,2
4.3071696833294855,3.8064173765596525,0.16726662221015098,74.43055978166,1.5288546535978946,22.514489803225718,7.518260815088706,0.20145392765633838,1.9256176875311435,2
2.9257796288253677,3.571286914623181,-0.05292748839790274,43.37337040395934,-0.028555409567826488,14.488260438966101,2.185419199248454,8.395100362721148,0.7819470972764062,3
0.634846699653567,3.4761966895986514,0.010558841032780708,35.88531537440706,0.03359668668959524,12.800061846353024,0.7082436058903246,0.11346437454017404,0.48332345177449,0
0.8499007610672994,2.9420567074701114,0.1563780106105589,32.334574007525745,0.05405470804078853,10.175595019676736,0.4688060652856269,0.39704884276490654,0.971798057462834,0
1.4189230225070444,3.9564571069738195,0.2858841138552475,45.80077845301099,0.08121694739161771,17.46665304427621,4.8227970858681735,6.6720428275745265,0.8911772554756071,3
7.092620489562495,12.815359058587134,3.2950970265886936,62.466986984809765,0.08100994942297018,19.112328796314948,2.6358270369643533,0.5142595344420581,8.148128911615864,1
1.9510155981372475,2.5560131103325694,-0.041241478184117865,36.57910500755413,-0.024758252978716293,10.68103383373233,0.3897068056963291,0.14733155126475123,0.40443977168901585,0
2.3361616018812486,3.804854923230343,0.26127072773308846,40.266819874126384,-0.08086948871188177,14.969047774559437,3.4093521888183287,9.674285622930391,0.9670839268558938,3
0.5449859078316679,2.830349283742236,-0.024865684198970547,42.493066955851695,0.06417603924842621,10.539652198983326,0.4930209977103185,0.45306283491096155,0.7576953536651996,0
1.432138505174348,2.84758436037083,-0.20526135958236816,32.24985130190154,0.038739352847985846,14.842527488475463,0.24054508849568645,0.13699805097000145,0.37429016869460785,0
1.5923945990188375,3.4757513921415706,0.07350795853629398,39.789422283514156,-0.03938625703197555,11.22112839028733,0.1503751584186606,0.36079133061716057,0.36808930318866456,0
2.020823234223641,2.8602112101505472,-0.23430644801331102,43.21879656682173,-0.03625238279640464,15.37160206019343,4.751402153253078,4.370590999786604,0.5733708327741096,3
2.004730324788403,3.3149470809432087,-0.08889076864946757,35.4844068605253,0.05452728563389578,11.924556087251784,0.3981068691830374,0.23518207679333325,0.6049057571833052,0
1.0510998899197326,2.610529597075142,-0.0452150730324141,31.136551157261728,0.025945751812818538,12.490218237652739,0.19075877487816653,0.24957470175180832,0.1957055561129634,0
0.9534950599240236,3.3684732355274614,-0.16061163863977204,37.38159489884117,-0.028007252122321226,10.814760209882248,0.9640339806608786,0.4026471785201053,0.7295984023586821,0
1.1185123607726215,3.0907948773283183,0.0720042849542834,29.946664572186076,0.06489499013181858,12.681237749252215,0.6309613899644632,0.15005717970351096,0.48085943623794314,0
3.179259880830528,3.2730034551172906,0.39695357830799927,48.952559997153465,0.1439176473917657,15.301055609965033,3.7108823946279577,8.089508602551136,0.6199910868038331,3
1.586245670623697,3.0867112048193746,0.09633899578969961,46.24067533531281,0.047612087678877084,15.462685438256639,0.9956947943853242,0.14914278498609188,0.882007935098507,0
3.4698279659158606,4.4477720673751255,0.10104242802075508,108.30224289731535,1.3579767094857254,29.56162480653796,6.828323210411029,0.2954912106493338,1.2287861090241714,2
2.103760385654243,2.9552135719101917,-0.12477380228176689,38.88279216369228,0.08682531177236419,14.34005230935532,3.457046070975517,7.775432824459094,0.7659743037100407,3
3.198673580201998,3.8617584503048485,0.1464193183670787,41.95764777706508,0.00694523115612844,17.801912017218314,2.18199026211541,10.061274221832033,1.1612371704890216,3
1.510140524875334,3.3890700257440067,-0.11365131175558688,42.62897133754072,-0.06650682484970069,14.070525035536553,0.41646896122268295,0.35291376229869553,0.8964381224390521,0
1.8206637890066395,2.7863180720163525,-0.28096458687983833,47.45568341447561,0.08725247432569673,16.163662170837064,0.5304245045979238,0.2303760558056681,0.7539183479006918,0
0.6071333745179901,2.528038611682062,-0.14209828520064985,45.77848096784587,-0.08655492830500675,12.038369012580251,0.8206372545464741,0.20938221870289447,0.38879094710080875,0
2.143792145097169,4.04415024181869,0.44546491581868813,103.380935378702,1.9240086903868303,32.18763576763676,3.49803498252192,0.15313666405652449,1.7015475842901364,2
0.9947451205707725,2.56509532222991,-0.03850577094977482,31.155278615525447,0.003495911928279358,15.068453160578832,0.4009625309474013,0.29261980295587925,0.385991811913822,0
2.0345309672419196,2.776048146506471,-0.20513039044900858,37.357498207707906,-0.015388387890692133,11.762383159667205,0.2768360788084717,0.3058309514463955,0.39025813400267195,0
1.2697785379702886,2.880621644968616,0.25183071540180907,31.605647575905515,0.05810738355017474,14.368860283559687,0.3005737788512017,0.15120024628317735,0.6794443673519087,0
0.7978424518540905,3.416556232889252,-0.3251383145743737,37.85634876022619,0.02945751337898532,15.019944681964033,0.29104212020314046,0.11040580625720649,0.6772081622963327,0
3.095824914732066,3.84726828356576,0.031083005205954382,98.66489218895872,1.2834382999509895,27.72197950469171,4.345112931522801,0.13727398448575912,1.7774707479854697,2
10.776515987971855,6.914934635467404,3.004527220552547,69.03181774209509,0.27162349255107254,15.936402290904498,3.215272317635807,0.6131855422634015,3.5259431166484867,1
11.404444222099542,6.978116910526643,2.6927947649182125,62.72491513884546,0.1943504912775418,19.178076843453507,3.657667716895212,0.3764355671265402,6.672243704108373,1
7.508030996164753,13.138780311560534,3.311575413603496,55.282019397686,0.12436865406900849,15.592095189714236,1.7931581704245465,0.4059487828206601,4.119177607797439,1
1.5133480799842682,3.4382431523976558,-0.006874414537972912,47.47769036890108,-0.10246309948101025,14.463462079008355,0.27849947161905486,0.2393053642526839,0.2112768530588654,0
3.4159302014119794,3.828558977621662,0.3765246820724989,41.497335023256184,0.03641191853363875,13.541006849790161,3.9486454493711194,8.551205455388688,0.543368864663248,3
4.762864915975982,3.947960760535365,0.36520824593514195,110.98835400006179,1.1306582937584617,22.964199534810298,6.65441580337093,0.46113545062919326,1.2513958985039897,2
9.231246161265187,8.02345245007625,1.6111918414372735,50.299179592504785,0.23628748246600834,16.916808507171954,1.549984868637145,0.4753944441532577,3.6951438348431402,1
0.9541458290482119,2.9675463117870553,0.28430810615234653,36.057458477035084,-0.09550118803302682,10.922749196501519,0.16963917189227626,0.14318682292598567,0.42941036630070645,0
7.60879232831675,11.389610215305705,3.7526211662520113,50.38012617242805,0.21264808713741945,18.151878722871857,3.240994260593233,0.41445795573144156,4.732261976144084,1
0.6975019651265463,3.2759544631162263,0.0015475936610279738,31.131888834192832,-0.01773613724599766,15.451099303771882,0.7039228604178064,0.38719469240683546,0.8185602264354097,0
3.42238463075211,2.877749080272231,0.34628344995885907,46.119382080911784,-0.09178563724952284,17.373734757785975,2.3735054478638062,4.004000415315085,1.2487431428553892,3
1.346658519016208,2.5050776025502084,0.2552831463862196,48.940427750069944,0.03986842087315357,16.186935353777038,0.5578565598353722,0.12114172822783618,0.748361731282303,0
1.4747662358380513,2.67877981866963,-0.06538342319958039,37.22486133796729,-0.08494618768749698,10.626494016393744,0.30765716218509037,0.2193826840418762,0.6675511736577595,0
0.7143816517000424,3.2650759419664777,-0.07206958912185024,34.313674674364556,-0.0831687140774444,10.86733495187013,0.5866343098617485,0.4368185852273471,0.46715150230183833,0
1.06718668988083,2.760199400697987,-0.36848806323259414,39.05324203113799,-0.02992196134381885,11.925119064459496,2.4734145589493406,8.377687620154765,0.9342656550139568,3
13.109371850614556,13.224239817420393,3.803814753611237,49.991585723542684,0.2831020815418356,17.351092198265306,3.566117127951573,0.4650765665961244,7.285636322790026,1
11.9095208060353,8.568336693046868,1.6422198617597905,63.01497232629188,0.06288977790779608,17.00935490645489,2.701705474809243,0.3650083234262054,5.890502263732438,1
11.142637568739104,8.780009227066264,1.670439176274563,49.11761825497655,0.10106491019458262,18.789358327646312,3.722680079102489,0.34304679975020996,5.415054793631781,1
1.0359414517099172,3.098544466974953,0.23185661047462303,37.67821709616883,0.06327599316990166,14.97051641299204,0.3323787097078119,0.13822682793986438,0.40192647417346117,0
0.8589738312957031,2.882329256252069,0.09265365657929513,48.906016401432325,0.01686268892140998,12.765152896308335,0.34390071929399846,0.32825058470343726,0.217088364375327,0
1.3994450655466966,2.449285761507756,0.22645273570725588,41.74039946838816,-0.0779024109101329,12.490900861570092,0.2265587090654013,0.15531925313789388,0.600849376345098,0
1.6449601397594475,3.2649591207717372,-0.159645227689673,41.602608357119486,0.0024620400798204016,13.889883007514834,0.9729969323922857,0.4448643080825109,0.42613611459604417,0
0.678861968582279,3.586090937891366,-0.24681045746170305,49.03266511695402,0.0959524346059272,14.44538700590828,0.672915217482913,0.11302733555361487,0.535597244502716,0
1.311951711760824,3.3347171590717384,0.26034409901049854,47.340499241880686,-0.09109876938701576,14.26372590325762,0.6361099690143228,0.1564015292182757,0.9843377576639746,0
12.13307720370403,13.160969033093167,3.6301265675339014,57.11363121665547,0.24261314573486142,19.740971014274187,2.43727898708716,0.311305922948732,4.187231690141947,1
1.107071725572013,2.5845502611679088,-0.21523770812737836,42.65254062188756,-0.04487997717148926,14.61115051722271,0.7080571695055446,0.126944365752333,0.36453699010819,0
1.1656686404518128,2.6223476541845656,0.06512679633888428,48.43898332801784,0.07417972833159764,10.594282633079922,0.367444890578785,0.41109088828320167,0.8125974383470865,0
1.7388527519821086,3.3020155970952776,0.1612947561379362,50.5198228160091,0.0908907158176127,13.294222720413645,3.484374038388308,6.487354544060423,0.4630691285551672,3
2.881450155694422,4.569189617929759,0.06283500587944435,106.98249312349812,0.9587459442567385,29.0441253138503,6.399561398321775,0.22069971553253614,1.2040751793704099,2
1.221039371184865,2.61476913646097,0.2806974095342356,35.22475932426565,0.05653170080357463,10.931615835793941,0.5810680076541289,0.14079927985771454,0.5485172140123059,0
3.9361654250951394,4.207494543362248,0.20058221062489748,80.75765943558784,1.5269036748765001,27.785847918068626,4.0035706544039735,0.3557347626596966,0.6110120496537232,2
12.6417665884036,9.346776228113077,3.5520076561589016,48.41805288689854,0.0866036206464938,19.82441307601284,3.5322819561523855,0.49211621056770244,6.164680697626257,1
2.163848512432248,2.8689386873893468,0.42239006055699574,46.08329328291512,0.12691823936190028,15.91023478583331,2.329799518347605,7.246010753558455,1.041109010127751,3
7.736486436714351,12.21478970007072,2.4504202392379413,57.3382740490961,0.07166765688162317,17.784813300978104,2.107089010421133,0.3182233081053504,5.215227223226363,1
1.796333531707894,2.5859949375128792,-0.05840477474750083,46.26626191074214,0.06749349483154918,14.087008988213535,0.9729217818210955,0.46205924167095774,0.5819077113997649,0
1.1111713843092998,2.70356688130065,0.25505720363499557,46.59883245985244,-0.0013497717835813635,15.691166688493347,5.036643425966305,3.4106896975569443,0.6716378723978507,3
10.725101210964345,14.31509318543952,2.0146335848873527,64.30896472128136,0.14696031491382353,19.17261528993845,3.240694998643048,0.3725666152923077,6.939950147729635,1
1.1366189174873151,3.276716073737963,-0.028095047908986873,46.16727088211469,0.06137628063338241,10.641261094266952,0.7469760503339203,0.15543580496719744,0.44901588680161925,0
9.434830226249652,12.332893078227814,2.067067103974893,49.95860475554594,0.2632203223000099,13.85214486225559,3.012110777970694,0.5276006686762423,7.0991177835800885,1
5.594529788486155,8.580435830474602,3.399259349678025,64.14025329570501,0.2751226595845323,21.019668248710964,3.683179368741315,0.28805094196069114,7.34868762268247,1
9.480684180181873,9.578491321801762,2.0286585259333596,53.12689667291861,0.16550219521369328,16.478714550410366,2.8148852481191287,0.30395832249371013,6.453398947113457,1
1.4789022845526818,3.509840327326062,0.1535239397998456,36.95699653948318,-0.03889338094349118,11.518620510679627,0.7847414353192913,0.4164192599482272,0.4986668691140165,0
11.054986666683519,10.435650425161095,3.1573765154644997,56.59852105585303,0.16723444576070243,17.394347987427142,2.8478035825500108,0.357132277527488,6.708346565515232,1
1.1353028968996517,3.443118222011538,-0.34413607474976426,36.275484051069704,0.08604780277366342,16.65707636020549,2.588579587656932,10.318323114273332,1.490436166769362,3
1.0117927772803266,2.6154641677974717,0.025383781465435018,39.63535438161101,-0.05129319183823867,9.7824066547186,0.1379816988251818,0.22161371281788841,0.3445091122323771,0
3.1736557772265983,3.2140181280502538,0.3228132307556782,41.907432054151265,0.03522663718986998,14.8622053976892,3.3529579987353024,8.121156162321135,1.3222781385187372,3
1.4390626836210445,3.1810970128377383,-0.16107390349335698,38.560151660559555,0.08858861546833421,9.81654712661544,0.5556500701605331,0.13122332801936543,0.7459946243166078,0
1.3956601812244138,2.5851737560652372,-0.09663834449836002,48.645668428142606,-0.06712071438013102,10.302464538739766,0.3568766193289254,0.19213499916035603,0.7206395774859747,0
0.5968140580022782,2.9534092573727206,0.23302374339698687,31.080518066217955,-0.07193975515910608,10.532921634348202,0.9281601100659806,0.13624803560335585,0.3084036555351276,0
10.273489954691215,8.853000555012045,2.063199313871552,60.10029856543103,0.2728165447124605,17.597501376355293,1.8910697184576315,0.37212935766240346,5.194397526454623,1
2.0576183005844655,3.647401851486685,0.22926051111138349,47.702190089705134,0.012456787409964419,13.852446669147445,1.9825115192471097,7.55284660939432,1.3382983449948287,3
0.6956738502592736,3.5597149530064813,-0.2462218440777873,30.108870718012728,0.10670849731119736,10.45195260577608,0.8935350803277714,0.4216420766258325,0.9839420365053038,0
1.339168012876087,2.713327191053511,-0.15274701349693925,41.521410075793476,0.012421196171969434,12.618501465378568,0.9953421286463101,0.28831206660155784,0.40490631048279924,0
1.0542015582107869,2.794235926668952,0.09433485046067917,43.10803361643124,-0.08539241094296043,12.148529308182166,0.733763996283817,0.146503339439676,0.5232615702917185,0
1.1905981716403382,2.701894951946065,-0.0028486895247258957,30.160245292054622,0.07661335501560537,11.458046122824722,0.38944925009855,0.28805508672511765,0.5640359249846026,0
2.9948484207775636,4.090737458371114,0.48356658212417664,93.09020408501145,0.5545141807900413,28.548064143959575,5.821347306637998,0.4253916715829861,1.1847786847892132,2
1.4940145277342394,3.4945297162904656,-0.2336900717884453,45.69397691386279,-0.08758687388960112,13.91978778666696,0.3893284925342378,0.2589223742112109,0.4967734538934845,0
3.3443201491954917,3.14579049593728,0.29648922034459796,88.40956223274368,1.5894491244427715,27.666813807923337,4.62735980708777,0.24179577890855922,2.0374741925131246,2
2.061537533116228,3.389746596379489,0.139298483849113,81.00804251551298,1.2246487898336447,35.08455612416273,3.940675424410782,0.13568734710937247,1.6500186585872623,2
1.1192849552816952,2.4681167357294145,0.40247105236139363,35.06006352741032,-0.08848257433372345,15.74253322347273,2.1830210565159263,9.199171173589182,0.9298442402367987,3
1.1300514926220135,2.4460940075806987,-0.2573086596465943,32.41319825495949,0.029042047049855517,14.242749386723565,0.3589361702687643,0.1822001670166975,0.7569646790670288,0
3.494407907091283,2.5752150613484748,0.10789494979662026,39.41646794239527,-0.015000610572577448,15.066644211171887,4.492676619714756,5.032961890222074,0.9916943838125891,3
1.1834188071019027,3.124866369872863,0.07483591497320446,38.38243639740548,0.07273971439229149,13.353259260167297,0.7797616635633107,0.39331679014410154,0.7082455208971754,0
0.7436882477163271,2.7740989805745904,-0.0556238209579328,40.94561036098982,-0.026697272015175706,13.067776182863897,0.37781408612214723,0.2568770175844465,0.9942818780577682,0
0.6150070604235509,3.114086411199042,0.2606517561966586,43.555933445162424,0.057020553304828366,14.2638781182757,0.7248445607343588,0.3945581619357899,0.9313428181562278,0
1.2158055048606753,2.797715502469878,-0.004027046932198243,42.729587587542945,0.102597852901838,16.067114212816193,3.778205057041194,5.049471807833613,0.31470348349493316,3
4.666486151620488,3.6152439785356343,0.017981928635629342,72.39006683336517,0.5880122469149445,34.24953902870798,5.580993145230929,0.16848012785854183,1.3639557699764382,2
3.3379707330047372,3.3836851048799295,0.4044026556646145,78.25619923090571,1.4038198146099514,24.806451153825023,5.190608749515546,0.13745451631758762,1.150445692240162,2
1.2425866967519108,3.700554192294037,-0.4451220072668289,52.61365143665419,0.1746376716948209,12.426827374591507,3.383108838412015,4.437041150463009,0.41097601215654606,3
0.6386636964855987,2.4815938132903193,0.254551555627199,35.26437884567482,-0.05012480652396099,13.843075663781454,0.7953231412048267,0.3861074975859465,0.6936612958244794,0
1.3117134765763145,2.9297190339981305,-0.2637646359389051,37.62863735950624,-0.05733594264326985,15.14323653279715,0.10555608357731772,0.4401767579789266,0.9738398327436917,0
0.6761848793207543,3.2756601512503454,0.28584639952509594,37.61017915445891,0.0756435311821152,13.53982421453636,0.9486853679716194,0.3819139288442136,0.8750315485961905,0
1.9757927759317564,4.25194091845249,0.2692829370015809,97.39866001565495,0.7826087163771834,31.928416569488387,4.876328687005929,0.43776840455010074,1.7035997228505724,2
1.4304086140335608,2.9636382618569574,0.06989996066599387,39.48275940233675,0.09282716730782894,10.703859515737529,0.46112900994681794,0.37207785323069625,0.7614017166191751,0
1.0508517548896652,2.8856262044414382,-0.010886285402946392,46.34157680180158,-0.013615430933620118,10.987128390282802,0.41236703015322224,0.4249290428654623,0.46927107044145416,0
1.1928434513157444,2.750708669738036,0.0772204144860969,45.84471274103748,-0.06720919658429146,10.094342728256205,0.7048736467473622,0.4877969864201729,0.8854738045394543,0
1.7812608275742117,3.1090037837426503,-0.030949843551176692,31.231156378718367,0.08170071276752519,11.373723692239249,0.4177065581206427,0.3254824176068173,0.9442572376845636,0
4.552288415835117,3.391061144663324,0.28047849861687135,100.90754111209608,1.9581971080992138,26.702962361855814,3.223953523400608,0.2884077080192841,1.3081361959214497,2
8.260866255288004,12.366684664040916,3.548877346859313,64.48490026265524,0.27158952927934454,16.014828410299497,3.595971108822899,0.4507586889075512,7.139496297825509,1
0.6202038090961649,2.570438741757671,-0.05242349924069794,45.111660352444055,0.04057890290132246,13.195962023049116,0.907067312139529,0.30659624331693935,0.2108844481609939,0
3.011475072164092,4.520335044626935,0.2572668296498565,42.00699476810908,0.07839636301498584,15.052698936312366,2.3318727733105074,9.342176321894414,0.5302229084132717,3
1.0254551310874627,2.965792459866444,0.16694321859962458,30.802950482792376,-0.06455533669792961,10.77205756860691,0.3783040130295937,0.39161157542435104,0.8599436994958681,0
2.748948047778566,4.7425886050804635,0.37115435352923876,94.48686348779663,1.4229195344253862,32.100461642876034,5.823468562883632,0.32052037096424096,0.5776755705882596,2
1.3039451603579255,3.3883232435871244,0.18285825955850207,47.238511484558494,-0.014966089977456753,15.419463263937494,3.5702871933502998,6.603017107536108,0.32704592917562947,3
1.49218693173818,2.750322787725391,-0.09168676339113065,44.388280830430496,-0.08050384986597452,14.694527244549434,0.9259828230754652,0.316821094030529,0.6018873464040501,0
0.561998440394684,2.8503308367750853,0.2661021970740752,44.430573608116106,-0.06816467268887914,13.45970299578627,0.3332963211127605,0.21294321613125342,0.32061142767305567,0
0.7694441866149756,2.8867043542427764,0.07149613104031657,40.074103413210004,-0.065931636085819,11.823066127157318,0.9268848043517983,0.23674826468957078,0.5479514458666889,0
0.6249556948276859,2.376314291699978,-0.2277774017322385,43.4654576328029,0.06772830533701846,13.026524316481886,0.8886486556608078,0.4189698493524835,0.23527562264651122,0
0.986284458301166,3.2603941054598993,-0.16752488370976007,31.566860326448165,-0.09339997380687422,13.404363805112677,0.8921385161071635,0.29682541431483556,0.23602812487672187,0
0.5001195337539379,3.4565612459657515,0.27201039499892077,48.58022898102708,-0.02672092464392188,12.75955448235164,0.2912775966286309,0.4588594441543576,0.2936291000814381,0
1.543299037835312,3.6371914235127702,-0.10014663190287582,34.26576415240179,0.020335586537948085,9.727561804453455,0.9578970711605255,0.46112000845807705,0.5791499048834229,0
6.264746819251938,11.085538188081383,3.246715620098698,59.329004906866544,0.30842077414942876,18.04698287358592,2.778527480024059,0.5612899830167455,4.7569507018234045,1
3.0457395988187796,3.6075705730973695,-0.16699830154797884,37.55503576592622,0.10743531313789677,15.41112313919496,3.6971960884064923,8.326399503243497,0.9361492986711342,3
0.5543463758371975,3.1153744112501904,-0.009275148766803678,46.489881969930124,0.009634327908377885,13.470872582161496,0.7405373032065893,0.306589343171075,0.6175439029484047,0
4.640139136547732,3.7109860187391295,0.46066349106323823,99.89163032914742,0.6436283722294981,32.1900716009457,4.038184084357583,0.127319553769399,1.8713143545630886,2
1.0179209176312636,2.74453770394943,0.057495895128884755,36.18005775300787,0.09150034604214599,11.42040015440248,0.597188382516159,0.16296531193371486,0.3595174705346478,0
2.1203783871815807,2.7962965651801683,0.259735605265715,41.961983424197676,0.06081558338984709,14.834437037015213,0.1553221377118317,0.23099525898888273,0.656970772506032,0
1.004632085139219,2.758681524646625,-0.19012479514011343,45.06317390095312,0.08627455522726948,10.402294482679492,0.3088385560818881,0.21962375271447723,0.5075222597465081,0
1.638118090621891,3.6318758532671067,-0.038820986185136866,33.31565174643768,0.0816835166209764,13.217696237890607,0.9011694660013327,0.5203561956355968,0.5162660910057444,0
3.2490966726489727,3.984227735491651,0.15564002148975964,46.284345853222774,0.008302750111723354,13.656764241256706,3.8525800112266633,7.813834387351018,0.7426171399081841,3
4.871278792996043,8.29497808916221,1.7289852562859915,51.78546632559991,0.09475341763427035,15.192612222346487,3.736396478571006,0.5418401212108779,4.079864219873317,1
0.7291029977718562,2.390952823095744,-0.08482703859107134,35.42141053308082,-0.0987192524625252,15.785801205649728,0.7859593756596754,0.21894874602571668,0.4032072769622435,0
0.7559202393139293,3.022586694743915,0.1262873462662446,34.18036232536244,0.035804616917819374,14.257296454717874,0.816729859412418,0.5011173126359969,0.5373828937390539,0
3.075834802895685,4.14873537062518,0.48856563502257105,96.47415391104876,1.7142485481186525,29.243469151408792,6.898029390885228,0.3431894393027262,1.2453618833901237,2
1.7002039537706475,3.0454473822004084,-0.10738962907341461,30.34926268191866,-0.07746891017398552,12.889020502203467,0.970740919457714,0.4452489684367472,0.4641076089611854,0
4.00970096316866,3.607565679284549,0.22314473560969472,82.24387341170817,1.0422806146337174,29.596339926682504,4.68997349876703,0.4787574930775547,0.6175909158779024,2
1.8170488617601663,3.164188196594973,-0.12315797427512842,35.155310457010415,0.07773489762532214,11.737368148287644,2.3380832095495045,6.7210765108875785,1.2699476293225769,3
1.5153429299395167,2.465287920838892,-0.17719692901095943,31.134630936686083,-0.05208330214343976,10.74866317427139,0.16959781176537364,0.33753823427413576,0.7533544598245714,0
1.0294594923641776,3.4597082392529988,0.1561158393745348,33.239351442208786,0.0217378477619847,12.029326359596189,0.7577986126507918,0.32349785531917696,0.8420658979209332,0
1.5824606723572614,2.6673309396687683,0.20829576910648157,29.84617071975174,-0.008631091510977287,12.743271410952708,0.2550809341423203,0.26303774504332367,0.23993663129185092,0
0.6576735739211742,3.535301996501273,-0.07659978446344662,42.196358827636246,-0.05630756912914135,10.666737037511778,0.5508724376425429,0.5107728601508543,0.3319062218608005,0
0.7655125281361961,2.7435165574645692,-0.2696651516793686,46.06306305970511,-0.05501063763964615,11.552631734597675,0.5443862544481436,0.4703030150225321,0.8789720085559761,0
1.1926898751378776,2.7609327827414107,-0.22470907943995294,42.56309487140707,-0.04216722454244632,14.421792918206387,0.9658571679817239,0.27265244201921834,0.9124136785677714,0
1.8438640892994307,3.089066654414895,0.024349866499267476,47.74603226186196,0.07446879254797607,11.008606130843633,0.276673811491832,0.1347876717166787,0.3376589087673936,0
2.1095026834881496,3.4431440253098327,0.1679887257879572,42.70261743033702,0.023757667779714265,12.537522937831822,0.11967616760504494,0.2868355061017416,0.8936849504244706,0
7.41178330628449,13.73358962628214,1.8780376658503497,53.96521457392165,0.12991610441514176,15.34431942777407,2.938819898248115,0.500113604546785,3.01362213597566,1
9.635646841733077,9.642243177545591,2.24060312723134,44.39680583791432,0.06276352269096475,14.02724448097241,2.383327641546438,0.32376458029905497,5.111168272387522,1
10.957131731792728,12.588468827521908,2.9742406007668944,63.28814755994631,0.24567333081991355,18.325792702277624,3.3184368071310213,0.14503203109952056,6.80165495263601,1
0.7434284461416827,3.011827982468474,0.2455413479112531,48.746636549770024,-0.008237092622973261,15.28328025057464,0.33846867998355523,0.23691352678418917,0.26093993127709025,0
2.344714830389875,4.013210168460752,0.17761398198850603,95.02858220896786,0.6010252829638357,21.82891788792369,4.585120735583215,0.29536035859289883,1.1449485478558667,2
2.8988271590328685,4.040499759299331,0.2768675505955831,102.10217325616046,1.8452529619434175,30.158236110815594,6.770363804323423,0.1803483048153435,0.9601922837400068,2
0.6109683159535947,2.992429167934429,-0.2496777629542276,35.69847704514348,-0.09196867458005989,15.21157166991441,1.0674824867178425,0.390985862281241,0.6747037085858028,0
0.5779222321987192,2.5761959521354294,0.24324128534913833,28.522581817001676,-0.03855166622544636,15.115092271873444,0.5681170028299026,0.488854264050936,0.39938611116661776,0
1.4095788477805693,3.5981850628594554,0.3139166158308315,46.28468559858016,-0.004221098295743015,16.195642125733546,5.0534549946632685,7.666842439703752,0.692014012443027,3
9.062949769161744,12.935428140323321,3.4318412385596377,46.84600400364425,0.2869442364470882,19.550741687172053,3.078658015685385,0.39270811991886406,3.829332575518369,1
11.888580012721503,9.5622827563584,3.415309945048718,48.545073009928686,0.2953247964558875,19.242064125701166,3.694107856768793,0.21373305616242505,6.129258906644174,1
2.0640235403891243,2.898774514101248,0.09796372867229108,32.30153912974017,0.08974541872949425,14.318309970530013,0.5767093872951442,0.13548417177985161,0.21309099646676344,0
11.058485824231193,12.534529627337186,3.075560885205221,63.000896287646626,0.25457507084087394,16.965103816037278,2.668895386477621,0.5566682256053775,5.998777753926059,1
1.5660425262577455,2.5658667024040724,-0.12867454915304236,35.29858588451477,-0.06088809558082473,14.144973222745794,0.1683298924083496,0.1054384576577306,0.688066792012162,0
3.075590156357655,3.3837230820649844,0.36309434159990733,45.476276959719385,0.09858644411949247,16.445651626243475,2.304920990538527,7.096429457789754,1.3719780496960667,3
1.1464336441579461,4.176170489723407,-0.23117676239885818,47.63818664906787,-0.05841002049557167,12.537328185313836,2.4422714535802355,6.4669215842611525,1.4319249167897394,3
1.6527916860227996,3.2362752237608015,-0.09656639688198543,42.79223792075529,0.05088040748441213,14.100428763992891,0.6643247871702854,0.4561302469031828,0.4821666725761178,0
0.5656792198297851,3.6902495621495923,-0.04964181913112812,37.505638556423555,0.019107826365955184,14.76735731024622,0.7955214234528134,0.2722468174198625,0.3385229604349273,0
4.6162666374269845,3.3463671392404537,0.3948448406024574,103.18338369000446,0.6131337433796851,24.139657425844593,4.451010863688554,0.12117100967319977,1.7508266793886387,2
1.2548716347401203,2.7350055189887796,0.3098959111637379,43.0801485014386,0.03297859008734471,13.735824570917671,0.9372415131378142,0.23726002806887647,0.28969649163874683,0
1.0914613334387637,2.469172818071788,-0.4146370434654862,41.736857340202874,-0.0027112330171275524,16.18443758412698,4.141975234392733,9.435927456410466,1.6035551653280806,3
2.720277168069108,3.7321322703161064,0.028350142968325796,38.816624933218385,0.058255069249046026,14.116088664074798,2.616862692600613,8.460080453919048,1.0717230336891472,3
1.2624152170951686,3.2373229787906213,-0.23227766703147387,34.34548936796948,-0.04573103603702522,11.794926670104143,0.28334898848839524,0.36750524794633194,0.263194410616069,0
5.379631791318177,11.64450830548234,2.651830045179737,54.44748048158958,0.17795629188971754,14.91838707263851,2.5431752352445773,0.1253541201103095,4.455569228308125,1
1.224136598668869,2.7558645624663254,0.07525940933928801,45.04862986427409,0.050629860914381854,14.1447102425682,0.43554811516415154,0.3501007282495251,0.751032954470343,0
1.7911082995748198,2.4405888980937345,-0.27951945126394,31.067699637472163,0.017414967478096944,11.2885830338531,0.43954235206720077,0.3779681325695383,0.8963863339457029,0
2.5358955773399234,3.612548543641005,0.3752128798301667,85.9405097086588,1.5288005952155088,26.478252511959504,4.202635471693567,0.20599057202172025,1.0044067826782388,2
2.128806691224237,3.4856509172725336,0.30269175788340763,49.57808781511591,0.11050075935001806,17.41377460798825,5.386431593401461,3.0704258686921015,0.6494642992220789,3
1.4069931294587514,2.5391178255323164,-0.21193531165856097,49.43232843003185,0.06898174659796344,10.631691286923406,0.11460619187889275,0.3845676009075782,0.23067610588109724,0
2.5836581577726383,3.9522907708692934,0.42361318211585813,91.13697523936412,0.75340229243487,26.66891398760013,4.310064476769615,0.3882532304220192,1.9451893438627537,2
3.6208798075334454,3.6640839456628265,0.06590723046488901,83.80675708266716,0.9244644155066986,24.746374350938254,5.116570176232661,0.504687134621108,1.3735226498307709,2
6.142083144242203,14.979820756550366,3.9724060952655824,66.7892795138538,0.26057630831141076,14.23046366966791,1.931396096874359,0.3463815751813375,5.357148513957538,1
1.4209763429300615,2.456279978928547,0.4743001610326085,49.54562898951337,-0.022102411005263552,15.773020552446773,3.3027805578755642,6.034861654351707,0.9191347648057733,3
2.500188228291721,4.15414831798912,-0.13743623616072903,43.28527341478285,-0.09467501971633227,13.390598694903552,4.815446611235534,5.790203237755703,0.7623693929952378,3
9.55418868760192,9.472540718139083,2.3027801199297544,62.59632743319039,0.12111642937486497,15.243513353627629,1.789871965177549,0.2507034802004865,2.806144996960491,1
5.251730608239673,11.61205813102321,1.8419858885736322,66.17754469584682,0.12748325137608743,13.39398394119867,2.852904581509108,0.1823041164553973,4.590246051933345,1
4.430651878093409,3.918790570994161,0.11146010267172791,82.78850519363627,0.9657570863561302,35.19165389579236,5.512367928516572,0.3667243352766538,1.3726029367741512,2
0.9802348114781508,2.641598939902477,0.019042592463039618,38.357296099703305,0.031569445168117036,13.130686137665355,0.7876932415843692,0.16534711708007704,0.32687855964830775,0
4.372673213663235,3.9772698424693065,0.4837432935731071,79.6311009056661,0.5503920002108074,23.51623488794657,3.905035686718408,0.3219208595791669,1.8267153001841987,2
4.452719974440421,3.2769747608244857,0.17342488408141768,90.75154805266585,0.7318547033289979,33.23631424278224,3.6884055723632057,0.17673727851084972,0.7525878378612607,2
0.8621419581591824,3.8151425576932882,0.2773107857976607,38.74479907663388,0.07381413562463333,11.992083624367355,0.7892084838750466,0.4938757016885005,0.5033935508029482,0
1.4959693718026172,2.668165299420924,-0.007372474892506986,41.148305439393866,0.01552108203436385,11.296683795216577,0.8574514777701802,0.40860487696911646,0.39520462441966,0
1.6744728836866625,2.605595173652039,-0.10447140207461074,41.87147705274598,0.07592502558914863,14.1384057457992,0.519057684469003,0.49248804143230757,0.8932545495064395,0
1.3071033483138823,3.473113867186675,-0.1482869028620386,58.07799164310317,-0.027029544336560945,13.869341673361662,2.291504519282733,4.690266142152376,1.6018959611511665,3
7.669556232217984,10.238717268164663,1.8040287862964115,45.08117573343623,0.18816157230199085,17.015952681496525,3.430262989789679,0.5709594429391793,6.601074272193163,1
2.4339171031742795,3.7579457892824513,0.15877735221782294,99.2685535816655,1.5789233315316433,21.53501278702037,5.287506765559497,0.4088344984109136,1.328138755699022,2
2.521749536867385,2.493331585966615,0.2941428828018545,39.8551192873429,-0.0680172259793708,14.68357081336878,2.949978589763101,7.085712123806857,1.1127379766262926,3
1.1739331129671575,3.77441694240465,-0.09896586273023035,46.73020626728521,0.0641459897472517,12.434823354239043,4.39104180991785,8.327605454508543,1.138444179886521,3
1.1970185079094715,3.1155118677826814,-0.11412799507133525,33.10604401758673,-0.03190672897086699,14.254737203093725,0.3312870163346067,0.4979546590805449,0.715366912694447,0
1.1790448591018428,2.992133593091304,0.000211283184289304,47.70647438884179,0.2011149674993173,15.322252492833908,4.768624355986631,9.315082472915062,0.7432221394963381,3
1.3097494829511722,2.6346926428339836,0.09485432502434893,29.281106656347912,-0.05188121150486214,12.727510028725813,0.5102913510258646,0.1833274057213733,1.0242231819891625,0
1.771637899386544,2.9009788464855686,-0.23152889445089875,42.6353280662676,0.04261080540256888,15.203997250935632,0.38591422797577496,0.1831269253897428,0.8426322852180465,0
9.119061964777126,12.338597274935534,3.048019248243766,46.442989517978816,0.14270218301039123,18.70391579523382,1.9752385513198396,0.41505203472956265,4.262992092970392,1
2.1557712439318064,3.0238349855965696,0.07935267000300014,38.22703606694184,0.13279160951513255,13.236162152677933,3.3697942664399188,5.104104500406191,1.0882117220271323,3
2.0809229232092528,3.3816780984996697,-0.5019055310523612,49.90301229823029,-0.08865912154577221,13.38274960220118,4.257090674865658,8.590594250030138,0.850563175047361,3
1.2445453962247086,2.862729097926014,-0.2959297467404588,42.50566825182217,0.015968375667251393,14.88230875267503,0.4613995006427736,0.19041144999472012,0.5304598111808659,0
0.8283119216133137,3.774854426974974,0.12002318328445102,39.94268659060711,0.03327996767557293,11.749033632285466,0.8954030673898613,0.1835073902678043,0.819478550122978,0
1.6913168960961518,3.7732710795885254,-0.2741827525266797,36.184776792657885,0.15476035789119225,12.31140479525341,4.289693476216552,6.885344699081971,0.3353764403860279,3
1.6298526919414675,3.5687860527595543,0.17097924486484772,30.430427236123567,0.08277881271901914,11.414407367408167,0.36243013166168064,0.20734791318507878,0.8064593038768795,0
12.310530883195488,11.486004252929638,2.916683094148229,47.88709173354642,0.15292222139702513,18.698024784214045,2.9929965338310396,0.33674811538449234,5.40343085686919,1
2.998267989649618,4.887607337890222,0.3998697853975,107.98730735186828,1.2774808002246176,20.65440329014742,6.232395464102874,0.4757955296647006,1.129006828494848,2
3.8618003548115447,3.6953031160769787,0.4317673406099921,96.69144076336191,1.3096476898267324,21.02078778871794,7.626688890572707,0.16821198670957627,1.0771859189628956,2
1.756429332108034,2.6188834418010853,0.21310866149006916,46.78410769280369,0.07884293373921822,16.265390201929726,0.8501345115671347,0.24939983390602427,0.3965793417958387,0
1.9005057510479553,2.863237273483958,-0.13111408965350047,33.818095552172196,0.08655607058795015,10.696248392854669,0.09902187695721228,0.40097425339637277,0.23713444120377633,0
1.9039633739499768,3.3099769200531837,0.08159896155535007,40.34357942056413,0.012155832450224042,15.242087041875104,0.5441547263122029,0.3135066856331584,0.5276298878137402,0
1.781085084054912,2.561123487749555,-0.179079158596656,31.61215988336734,-0.0894879099640419,11.38979592198886,0.8820152050400991,0.3467480344249736,0.29691319129908883,0
1.1440273292065644,2.974515729703725,0.2157753470848663,33.86710405583554,-0.012658996129350683,9.983566463267474,0.8583108416330246,0.26982501741336506,0.3789308474359259,0
1.7431650358126907,3.12826591427227,0.24504054988317647,46.61685129833153,0.045599789387789295,12.994258740692068,0.2582611223290756,0.22159972841272035,0.3527937018982034,0
0.6099436148388537,2.6902172677800604,0.21026085526852592,35.29679727488354,-0.03582001847974026,9.485000190330211,0.44549820565687215,0.37129001398321665,0.9429718041968512,0
1.6700606679752752,3.0022553230971027,0.10732566071622943,32.360736995785906,-0.023518061634618594,13.355295091170293,0.7082061001299502,0.2715670407389779,0.7511007487013742,0
1.7778075559655437,2.826434481891072,0.26436353174691224,46.26724735360891,0.02765984543742833,14.36931766470963,0.5314373435209555,0.11040988871206173,1.0190582587945891,0
1.1929181539717415,2.7569500063595513,-0.2431435841501878,37.96283720242352,-0.010779104292888987,10.6547697847617,0.24560638035445384,0.326410920087244,0.7521685660977536,0
5.20682350974993,7.683117216810972,2.6120821216589745,53.447275150360696,0.2951631625329474,18.278995730700156,2.876162855236094,0.4478341725247116,5.836828693610708,1
1.8610745559860504,2.6452356231209415,0.11331804683489836,38.611432573173545,0.08516563831251667,9.21309685750747,0.35813612816408813,0.29649896205644605,0.9535568714875678,0
1.5915989035243283,3.1631342369119393,-0.23947259831200637,43.86470167821382,-0.023111558942773936,13.610028149568752,0.5395148242811927,0.2254134747331607,0.8840117229075818,0
1.3983804641527389,2.848879215671048,0.43139476173752317,39.25709702263265,0.09569704363450991,14.744771446725247,3.3643115676962525,5.897865353212817,0.8210663787847965,3
0.8583123114121812,3.3432732653333193,0.2071619202557715,38.36078447869122,-0.027991272290985088,14.428823164983921,0.4417438292903548,0.1182881239139817,0.7375185475965208,0
1.3628248014998137,2.722947833349499,0.2671493516085095,37.38457739675141,0.0960989947303268,10.544956531473906,0.1521594964911705,0.33616071169514977,0.2681776865612717,0
5.907726005808801,11.718457908639467,2.407250643560296,55.50995731941448,0.16081993440313244,20.470613035808036,1.5797712779722517,0.6107923254718672,4.902649121502144,1
1.3196002565373333,3.3553600593902764,-0.15475274698147376,40.65641331793037,-0.031778456836238145,13.90602093158012,0.6567888092894524,0.45776579585109445,0.3781265901583844,0
10.114028594922427,9.678829288168007,3.4770915194673435,44.73389427159126,0.25080203568348497,19.14595774492656,3.5798220578778324,0.22473487958394567,7.8565502810110575,1
4.983070353554465,6.96886733681051,1.9660816857545451,53.40664035696265,0.12365278636896128,17.070021057002595,2.6095158364438014,0.5886611693923047,7.386807996090126,1
2.383188735433923,3.2848150054419922,-0.26663458191158773,49.64791976117798,-0.08061581046432637,17.97933733850673,2.6287169458634243,6.50538221078236,1.122970921721309,3
5.233424757909959,9.008456183106711,2.094882446861954,66.20885004191156,0.13629702764036833,17.846687936699883,3.259675005498126,0.47759352153269286,3.6980359393798823,1
0.6241560876333648,2.5453651673643636,-0.09419832478808661,35.368610380213305,0.006204721777443664,14.260264233286474,0.17427112164178465,0.5007462559542434,0.7095422882507394,0
1.2673609599939926,2.860051152545084,-0.15665975053040612,31.301856581409034,-0.06998846195545064,10.479895804079346,0.882362491013981,0.11556108247855815,1.0196531145462797,0
1.9501647065497676,2.631044825008444,-0.1405206898019862,42.76721942930417,-0.07326895707598631,11.037198905437775,0.5107575083304162,0.16319744141728654,0.37258906779260587,0
0.9921636390226971,3.2310577823845184,-0.30017132385508216,53.28660053026055,0.031284248242087156,10.179500817985382,0.46712075128352,0.3110704490618126,0.22932202592998305,0
1.1451469760444108,3.4507645906525353,-0.24998572861057536,39.67928567207347,-0.06651878343993477,13.904356197752245,0.8752926687335287,0.19752126542464565,0.9994052025355545,0
0.7559466019574316,3.612727027322272,0.12522120070670506,46.205899545658184,0.08197399062941615,11.540081195862417,0.35485500703187123,0.40783435399168416,0.46132502697110367,0
1.359762521530474,3.0238476844326607,0.24756294411645505,48.60186215732621,-0.08956955672719213,15.063724259129614,0.43674963428242153,0.1267716147757263,0.21305020006673103,0
2.2328038867624787,2.7228396954845735,0.3916409542816249,51.79225339222578,-0.05786234032009685,11.23499189882843,2.445221691801674,7.407020743972989,0.7067855331254357,3
0.7305888283280095,3.092326815693087,0.10410963368000936,49.45115479109253,-0.09045808943080001,10.858359999904586,0.8879502044660817,0.5083153537607836,0.384862930921128,0
11.21912137256557,12.98002585867752,3.3187746067763935,60.37659235400831,0.22964871175732363,18.33892055112036,1.9357982059906067,0.09263252931148296,6.365345038102061,1
1.5545574970693934,2.5692568332600056,0.22190944709665844,43.297320844914026,-0.008460170397893707,10.640048244370137,0.6557384894005621,0.11725271300591612,0.5165754926529534,0
1.3017594606794032,3.3003719146555945,0.2747485479467616,36.26894318949467,0.008008537668250531,11.045797448789507,0.34572599798862697,0.39010527433512004,0.4014583477970124,0
1.8080762397273717,2.9341754280892314,0.26309958301176317,45.93931575724171,-0.07089424977945563,15.034765000995057,0.1480935413944376,0.280443680889159,0.47528850739982,0
6.684546786073568,11.08813902883406,3.1068469999335835,63.539489022143385,0.24630941419114108,17.598825443035857,3.133274824627707,0.2705206672622667,7.775973480526327,1
4.801466799461965,4.499758847569295,0.4772663789392564,82.13059702100551,1.7617866092910281,31.098550391265317,7.52779485432687,0.471130832567366,1.7817898543934232,2
1.8746411672687004,3.436534903320634,0.13781818134049367,42.57002139378877,0.06056851289362683,13.54956156436413,0.24557708219043084,0.23439082785064586,0.63200217280414,0
4.155974803250209,3.8467520547902967,0.07592999488971489,108.24097249460745,0.5585224091552394,25.219775330691867,6.287645054951405,0.18681219004273414,1.1435821518357836,2
0.6131088874248571,3.249630879590343,0.2344312798421599,45.637624095580556,0.04724586321306859,10.964425906021535,0.9222831040633301,0.2278153326456879,0.921897658725028,0
0.5357346004110662,3.1524521862582264,0.02496101098087074,48.081319384497405,-0.07891743722291451,11.04758750559619,0.9362056016291965,0.4140479224065694,0.5023621028038735,0
1.2585404064317884,2.8590992799194654,0.238168053504779,43.18741743776597,0.06439882389975787,12.741349572708796,0.6387375146032694,0.1287556487484854,0.6212656437129536,0
3.34202814425057,3.0639954273127095,0.269027160241333,102.05705618416039,0.8919445901303098,28.33447487034421,5.744505069172399,0.5034893895598586,0.9648806348696624,2
1.1166674296175942,2.5755162755654153,0.14441776226221267,32.29780432273285,0.06598491207612264,12.019079814660373,0.7653115727082063,0.3529576315104549,0.866695710336197,0
1.95452601439708,3.3910045398717807,0.2691926444419375,29.543441410662115,-0.07045777870688297,11.427863853135346,0.1605119805858623,0.3358030535166633,0.38812854707466665,0
2.3255146010765855,3.0212345448099516,0.28959126844778,112.22295671366786,1.7003386325085268,30.03924805908434,5.214677837879257,0.20900176214249067,1.2926196800355767,2
0.7833353498584836,3.114931644957591,0.23329866444869707,32.208008358086715,-0.05859334430488068,11.812363403666774,0.7962779209704537,0.48767374215255554,0.5274143518976195,0
1.6306875649614632,2.658725127402534,-0.12874295759694238,46.56782523616259,0.07942090978397454,13.370944620577237,0.326204583193061,0.47817900428831406,0.7811308832220982,0
8.436910660126905,7.68722938340994,3.0708828643814647,45.519964609221994,0.08956364640247508,20.118827612304447,2.847552188034368,0.5713072940232997,7.463750144248742,1
1.7084039700954763,2.756158909458004,0.1563722422747417,41.57685752169916,0.19607877360146642,12.70214987428329,3.586982488759012,9.353554655624963,1.1502308352876134,3
1.3739345703665267,2.9450548021069736,0.24133812526232717,41.108333220711216,0.05350722098575664,11.099677136713265,0.6322991566202989,0.43315901037593246,0.3939087821293151,0
0.6452072757687586,2.7532720150043657,-0.09060038717654027,35.65569242443612,0.02098490615091612,15.057156631666517,0.9682248879355149,0.21661340747409363,0.4463725851260043,0
2.7646260630986017,3.5539319304816597,0.31116486927183507,36.94822637405485,-0.029783904590802542,16.607855267130184,4.890652523435193,8.215564821443428,1.3781664732678214,3
2.2164893498163796,3.220623633706529,-0.1580441906361974,34.73557011734301,-0.017215258282578492,11.050842772672967,0.2553444601674835,0.33085026494998065,0.5538602873208451,0
1.7164352871846353,3.3802660790210988,-0.06279716063162626,40.76145297090473,0.09513444474124097,14.22040357758721,0.2735058072070748,0.4719739951904123,0.36244854609338945,0
1.135692903460314,3.671195453058899,-0.24438880570933658,56.99221391735669,0.08248549054434673,14.606556092285016,2.9520200840443067,4.8851882540551745,1.0439349334790675,3
0.6754106996958148,2.7464945157113476,0.11813114725933935,37.16505986228171,-0.010286218274284976,11.435602733957456,0.3812012579801039,0.1812793413548285,0.9554056302698976,0
2.387586871907015,3.5487206685517028,0.2330946425116916,84.00453099235966,0.700072743440106,31.30733869602637,7.14178781080182,0.2695651753226991,1.5487778375196364,2
1.7275583452771575,3.6414138503381173,-0.27279534090669166,40.449438495934764,0.15419721720378554,15.427099219494941,2.1451602514373596,3.597676841549593,0.6186943315848469,3
1.04229084653526,2.728546549088581,0.13681906348853112,30.865314725612738,0.0006380613231370954,10.324861722424087,0.6029088828481275,0.4637832500344103,0.21771075531716036,0
1.7804139335925608,3.300093713998936,-0.28218335370190495,46.623448796750964,0.017984298725892862,9.883965344654165,0.7730875729241166,0.4319346074092086,0.9854451423247459,0
0.9884463395096147,2.6765927813323107,-0.07298444942176822,45.85118803656461,-0.028024682739714753,11.009214195570928,0.3326329332109157,0.11652258876226992,0.21461391341903271,0
1.635374053232586,2.989469341267618,0.014803648560733991,41.283727729805,-0.06781473921498046,11.736338692237988,0.2875203514611704,0.2716154750611158,0.5819204009756633,0
4.084532306755229,4.123956220656714,0.14245830742227975,95.65556028237467,1.4766811863509017,20.721554964808416,3.42326186613559,0.2841474824667832,1.9305426156266257,2
1.1415211104015084,3.282544682708324,0.09601590853710801,39.720761629128205,-0.01896768197571755,13.338371548327228,0.42596734899230587,0.2384649524072246,0.561239981785559,0
1.2060401201681832,2.67869927310741,-0.02507290816019612,38.07402445201074,0.02828083223681739,11.673741449602735,0.45020692313349,0.3223038995216921,0.3711769266359393,0
3.6762377296898974,3.0787120757119593,0.32948986686340476,96.62005673125857,1.2637727772387615,25.654997613251307,3.3752053862491294,0.10119397845184784,1.8893174763561393,2
0.7927086703604532,2.8470724821756797,-0.26020217333893686,37.09041430357584,-0.04558044675493103,11.51863936279873,0.7468053221264432,0.45177904244612843,0.6646813792063344,0
1.2993114824985688,2.5396361563712597,-0.03821843183378179,29.714525964948642,0.037369223082465444,10.752252128392216,0.231873753985334,0.30202417957648303,0.29805177906853314,0
1.6586839880325561,3.2457246913686824,-0.03600451891644918,34.15123360259022,-0.06938959765219802,14.223778986068389,0.6164581796112081,0.45794858724106147,0.6170148855996472,0
2.1034535842442814,3.278794538072707,0.46875323185285206,89.85398021321015,1.0206671957183344,33.230781916782526,4.39576169539584,0.44056472248297646,0.932282063281458,2
1.0922121943254544,2.974223744758153,0.212609016844781,32.38067666520866,0.08309009968970288,15.585407114168383,0.4616690772422642,0.21313112220111105,0.791894941829319,0
3.481386427346118,3.1749788135719856,0.48109683630647626,93.34554307774911,1.86349476405115,19.635396047070202,4.234132229649948,0.4871929153913676,1.4706727015724608,2
1.636972871628617,3.423115209986325,-0.06531993573750229,40.03427484977566,0.04241792454710907,13.640158651937874,0.9335321289541859,0.43158309775932,0.7262397134374234,0
0.6186194861567965,2.850151324476699,-0.037817640217369636,40.27868735201737,-0.08731888453561157,12.401239374836369,0.7266321937482241,0.18682413271550685,0.20994725678402448,0
1.6070520211072916,3.3795091094612677,-0.20406050549000682,42.382185835459026,0.010399705687980427,12.664665522345938,0.2896166155827471,0.3419087582341961,0.91423351318127,0
0.8643438125378212,3.177783557713524,-0.05328373367130505,42.640179111878005,-0.05742319441302688,13.596233568631355,0.32912463667023323,0.23399203102758603,0.5355219793652081,0
1.5381480607845306,2.5069648355490544,0.02705922373550587,41.83091050933779,-0.048511648687585,15.826084707087043,0.2687163811929467,0.4397425875417901,0.9039524414887838,0
5.468193431706667,10.681503572533463,3.467163883798862,59.8797305250707,0.2616087814931895,14.632476473110277,2.908134323063443,0.5107015947470187,4.51924743429046,1
0.9446286984228915,2.3049616686284615,-0.2927996409095677,33.074523216574875,0.049534892755764746,14.390179717755071,0.9416599929987536,0.32476568193681443,0.37890709699311453,0
0.6604908219475547,3.354666533558788,0.0005621391180037114,35.435878315723215,0.0076316382473041195,12.6111625876542,0.7168149849970693,0.25991066945796437,0.27093393589669873,0
1.926764219933803,3.2485300284268797,0.1621597081142782,40.553262187963966,0.062038468977088715,16.12294729495535,4.105030458807635,4.7524871213947915,0.48119667921809334,3
1.174476306398315,3.3232556971166236,0.21625828326729535,39.422476827204896,-0.060956153950276766,12.815471072230402,0.34733674366327905,0.3742045311144519,0.2912080681109317,0
2.212295742820119,3.686209736373524,-0.4928367288862632,44.454956632980654,0.06928807287803222,19.265791668760283,4.679198824848231,7.479972437260912,0.5577846526003897,3
0.9058428854065855,3.3379454980634518,0.11215130077487011,42.91838373922943,0.041785273257540445,10.199647701698169,0.21565081687991738,0.35963912270950815,0.33270613423847284,0
7.246154244568876,11.565908070043495,1.9725590836335813,47.2355024510919,0.2459237828438115,16.718692157204874,2.1314359690485927,0.19988416802853834,5.374014048985094,1
0.6862456679957238,3.387955537221226,0.16788496562456134,32.87718976499743,0.03721883202097465,14.269194320232659,0.8980386621846879,0.23514157767583657,0.2943665470888691,0
1.0142589294742999,2.944037972748203,0.22010611373647784,42.239972999007044,0.05775845094073901,10.857194351842837,0.8590915496378703,0.3871733304644471,0.730212152226769,0
1.3191714627524822,3.3341115829296446,0.18526355434748565,40.5379003934471,-0.011119188608817413,9.685864183729475,0.23275921654162257,0.3510482027726703,0.7018801960482117,0
0.8610972202950326,3.0551806111093653,-0.21982892659920508,46.84291109723863,0.026434142955994184,12.863977730062398,0.11134198254832231,0.3508163241007148,0.38779499289368624,0
2.597616726884249,3.5097671380672915,0.3018474830610019,104.49307247734781,1.734344982650219,33.82223693970292,6.584829839310329,0.22052911860823227,1.779703128752976,2
2.385328298034013,4.128327894011506,0.060931967562555936,89.84244772522557,1.2113012819819378,29.22175333776269,7.463025922300347,0.1726231400439369,2.0009641944351433,2
1.2999813767027122,3.4875278063386985,0.43925768933598874,47.3335611677559,0.06723251121141864,13.786007260448965,4.497224854415391,3.580259431671201,0.7371652780770936,3
1.2693628653229367,2.866436277338299,-0.2372712178894901,38.38730288744969,-0.06459109582244936,10.625992419975768,0.44704872084487535,0.28778914699927793,0.5781464011398816,0
11.159201132261488,8.58760313785728,3.311011951534882,56.103408637665396,0.11093248712091579,15.017105779332887,2.156514568045784,0.2751890664924206,4.643119656395537,1
3.390422904189655,2.7349544010120828,-0.5036646612224733,49.02121689444584,-0.08251333913949986,14.086592145393137,2.3588227934564125,7.266520113563842,0.5514474404352442,3
1.160552669553972,2.8707743138647213,-0.060996881240989495,30.19358710722173,-0.03702694671080384,13.304161457032517,0.5769136229278993,0.28043282449121026,0.9488637213461101,0
1.377196846109297,2.596651512114759,0.13254062174944703,44.88116895482412,-0.009629045992186872,12.283863455443251,0.26613881484706264,0.45630015496598886,0.4465722274748878,0
0.8800790127084802,2.734054204099648,0.20496357167123794,37.75185706332131,-0.07959132742777397,15.531923859274086,0.40235356561952756,0.1350135365667149,0.20740920163446477,0
3.2423031165590226,2.8346236667367397,-0.052483885063417716,51.21811733111132,-0.06116827919725922,17.40931263471522,3.813011328513163,8.482707082430105,1.1568320544135293,3
6.222232453543818,10.189215733956075,3.330213289503593,61.8947434550824,0.07064121329770749,16.680835453331884,2.424757172149075,0.6075330442397993,7.5522318734686165,1
1.0812709348858847,2.776183996795805,0.13540101917663325,45.017033092405356,-0.00781171573456441,11.284283249770516,0.8594008288561104,0.46846965600588003,0.580486449406521,0
1.5327865444048547,3.570490242133773,0.2134512957595027,38.797239625126466,-0.008230933104560103,13.767764321513654,0.72871580447432,0.3177698482447351,0.4096129036161645,0
1.3277348334257244,2.839647230172409,-0.19767449953306335,45.28931988703792,0.053189850234994375,12.328365963308412,0.14908178269626915,0.14952872790594468,0.9210506383928763,0
2.9905613750456914,3.205250116279915,0.27495414976633736,95.19412185553368,0.8085504966866232,22.02576120154292,5.517496894453991,0.18390782053481378,1.2001180106629616,2
2.6019461938644386,2.5593270297045616,-0.30643541303982397,45.84506958564857,0.13638322647123324,15.713430372393123,3.3887161181182694,8.774373670673361,1.4039541725142202,3
1.879253383200206,3.2333792170958864,-0.22271438905930302,27.66861718158285,-0.0028909233421124643,11.623562407095065,0.7839604002756257,0.3694163298264987,0.5669437374646032,0
0.5437874514091177,2.941561729233965,0.1952072580057296,31.055312350531864,-0.08414461512361202,10.652484419850587,0.6441258650830803,0.35459906447935696,0.671090213415078,0
5.359646274572997,6.498677205901179,2.2812528104810066,45.75354874646935,0.12778978095975396,19.557463271268787,3.954492359884001,0.4556700364780946,5.661229009650949,1
9.997174689745101,14.398763511532442,2.9156943477650725,56.652587817621765,0.2157784082269081,16.528402429091297,1.8146048157243546,0.5694970453404746,8.075020323221029,1
2.010066436665794,2.842553978283405,-0.23557174621143834,44.65840586670122,-0.058672585855908004,11.288705186639831,0.4715132013063748,0.5139813694946539,0.4749625048813252,0
9.902614468892677,10.908650008043027,1.472355936401868,50.30389118447311,0.24624011440804985,17.58376116625316,3.8884381917540796,0.5802073837121814,6.247627688028487,1
1.4218070947861112,3.790178487122518,-0.16595949257770393,47.15491263123408,-0.02151390030854094,15.140106355889355,2.244524495298241,9.721621030821517,0.704985134266955,3
0.7012123428774144,3.152237595090817,0.1295817407185624,33.899823004646365,0.090787058919739,14.212723488164267,0.44711025410009864,0.32332054320316717,0.27709103610232577,0
10.382028568225252,6.1898494226078755,1.960113746282971,48.269534249556784,0.24670340235498325,15.545272579167225,1.4394480590081913,0.47816183817280455,5.352885284547232,1
6.816608794752595,12.748981116296829,1.940271032585592,56.01713138129327,0.291031968860317,15.516266009635503,3.3279321708814082,0.23335823512994078,5.790788774766661,1
5.486936510653354,12.372452543911573,3.943883311595934,65.68915001297715,0.23871227761282643,17.856132897876357,2.0438374528942598,0.41324627553287463,4.111398892200492,1
1.9805110814808278,2.832805461110246,-0.28435395545598363,40.58032155898916,-0.06084386538312368,12.198260794347979,3.157170749925634,4.039824653308332,0.29357388000475343,3
1.6112423442791735,2.5185237257124973,-0.026961741784341534,40.891070465347866,0.06599476438701657,12.331106611290457,0.6467649320960981,0.2562421934126001,0.39152850987320775,0
1.7474365138219454,2.6536639392128176,-0.19617175929660227,30.735908964410545,0.04730466072997007,11.31602504335017,0.9243688473228905,0.12351013701500792,0.706744648289397,0
0.7855964817642491,2.8088082929837173,0.007407875225003375,34.60795835878697,0.02508132654805161,10.491320362056154,0.2361829454607288,0.2729513607697636,0.5036188612275287,0
2.916263505508274,4.458587104327579,0.08197295353772557,87.88232665631057,1.5859725592894234,22.607887882945736,3.2359804077610095,0.44115659844546484,0.6925905774776687,2
1.966140752067998,3.5147917569814493,0.2746847418964732,44.97011091139149,0.12042163469871524,15.108611161828073,3.8620581903361764,5.219300822682192,1.1980915784560517,3
2.343889086680144,3.053521799078833,-0.11474373961640094,45.90611027555388,0.0670055557758124,15.289681625139723,2.455160051127237,7.343258658407156,0.5302158192127324,3
3.4121695575977378,4.705341155961161,0.1207057287549941,99.87991730793759,1.6391373461519283,32.241853932688,3.549797277206154,0.27454440999550755,0.9330845113941564,2
9.80719498025014,8.554504543247479,2.5756965137676393,48.668686738304984,0.211913356719303,16.209416080766005,1.7115128978993819,0.25257964996891036,6.403430232961532,1
1.2141805617920765,3.2865132751661865,-0.13390377682114502,45.630355359895766,-0.09391866564878006,14.874921744396183,0.2913730328732544,0.44196024966211817,0.9685785117762518,0
0.8218993119586103,2.7606126285467734,-0.19156256889859946,35.57914647793971,-0.07395596846476392,10.273662109167171,0.11616671073008358,0.46252976388699457,0.8696892291560434,0
3.1738966997642697,2.900351889943408,0.42540642038967524,86.86704704488749,1.2060677891575968,36.55070101769027,5.241642988561381,0.3189406889651549,1.8515278022449562,2
2.34706178985815,2.543501353880246,0.3171201103315323,49.50510334758243,-0.005373232017092638,16.332345228049483,2.392034584955711,7.928106659198743,1.150895819200758,3
0.8346035059273955,3.305872437479171,-0.2855021734035671,34.42716018821044,0.07194549893271138,10.536710824963265,0.3866769809213879,0.2978154125856681,0.6642828820704528,0
0.7681317655064842,2.450259568133365,-0.12810151788428345,44.75993450661155,0.08975143571287375,11.646689009329904,0.9893025148065724,0.3573215537145216,0.3256322910311313,0
1.6028101844419391,3.5448987154325793,-0.0829013475959297,35.37237378936962,0.08917471932333981,10.539325883213396,0.13640499148123367,0.4067109191964446,0.6118865328680969,0
2.561982554835531,2.868875509159142,0.3156139800832041,98.6076043936702,0.7513019998412234,29.02180261162296,3.8119503359142763,0.33623695803050646,0.5547832077766124,2
1.6898476404325202,3.3928174005121967,0.2770158942738962,46.56257142723338,0.04556998971230326,11.794540761762613,0.46061716048673906,0.3250724498727955,0.6453761535726578,0
6.727350997135649,13.755945459728606,2.8259485553580426,42.98092371918974,0.23895958843966125,17.22771423507069,3.4352526327718893,0.13388152207599396,5.430173061858108,1
1.4298157489411283,3.3532715516892684,-0.2174659579195752,46.15086065881572,-0.02052707238212229,10.718832069746119,0.5920917967267377,0.194366093564716,0.4892901593978789,0
7.927527547051852,8.530621702299666,3.2361369848774295,46.80677919563548,0.2411356158590375,19.185471420191053,2.2472542275500715,0.41352546641281984,6.368318946353208,1
3.3486414248260896,4.298526583776862,0.10348458792981399,111.65316651505134,0.9665232658904589,31.04394489269852,6.518911409517235,0.4045106177506683,1.8566637905379535,2
0.6286514892381897,2.551219935096969,0.015514560129074055,44.535424760091054,-0.050969942360227165,15.849745168490033,0.5929675077843998,0.12013507250720941,0.6860318948344137,0
1.9520063407041683,2.573851058605797,0.13281093281497622,33.21795217660305,0.02094862505993678,12.71755106971104,0.7156941812473208,0.367437311340316,0.9699418337758382,0
0.9039009250406598,3.319701691561854,-0.022205402381989627,46.67178986009017,0.08932830053460829,10.071122740500615,0.5403233302065189,0.41782080133522065,0.6621207391074531,0
4.7490310642639235,3.878486514768632,0.21309034124045337,91.75868541538863,0.6807903089217946,28.140160315482095,7.072644933945906,0.28020451211936787,0.6526584169473312,2
2.91289681365212,3.745675840067028,-0.11020845263396598,42.36574715285132,-0.0720216741177497,13.620885566006098,4.791467199154006,5.399757994382849,0.5371345689312271,3
1.429381041553557,3.665104881022758,-0.2836931488279925,45.49822941616292,0.05666847052638486,16.64361350839136,3.9077973436989906,8.20617793362368,0.8530972976481862,3
2.3259385944990734,3.692198352791366,0.20259411537305919,34.86034333281636,0.19805082906780383,16.710604444963412,2.9054513563063766,7.444617554624345,0.6078668855013961,3
3.021545794294786,5.1131036304685775,0.41306705988674847,78.00533806207031,0.8304903242784659,23.589888132934693,5.973938382884843,0.4809196824595849,0.9067210962355103,2
1.69749868123179,3.420221083934268,-0.09856941319506521,42.09372837833896,-0.04041593806227513,12.4678886786547,0.9944866845528938,0.5131676546254449,0.8923004336852294,0
4.870273924756013,6.350962091998222,3.5018927540900466,47.43033385454705,0.24431634940220512,13.716079260402504,4.047682775884498,0.34684133322850774,3.7198922425259653,1
0.7735954679631061,3.2560877752725235,0.2940221200118953,45.54599854303652,-0.06712551385328283,15.462238083328595,0.20106771288450115,0.4990701400564576,0.7208430547838471,0
1.4979045966350537,2.8844207337598005,-0.11105904143972108,29.589415916472504,0.03901655414766788,10.848834851565032,0.1846030835760223,0.40616348185263895,0.2213777246044581,0
10.044531012948337,10.81700450811495,3.2675274992617602,57.01708858689408,0.28724182810164994,14.182257289764346,2.446144328587102,0.16940863263221054,5.3361249086585305,1
2.9210053033853187,3.050486919187315,0.16726270818024466,49.604129125113424,-0.09225636460153273,12.771796936411423,2.774095746447272,3.023513386521378,1.3747029532517792,3
3.534151297204729,2.5770408559422076,-0.46983673507214146,38.10480678779283,0.09455482650640869,10.969372144050201,4.274266451547289,5.807722154913612,1.0236046525824887,3
1.3820977842722277,3.301045770398369,-0.1959418689998982,35.79942828214402,0.056048776538457995,11.863392767201617,0.17504401053982876,0.4102964950399439,0.9049098194148462,0
2.886704932829434,4.236214163759725,0.16341855137951222,82.37611921771267,0.5300794502043822,36.75547184497083,3.5653962967487582,0.4727456381228379,1.417761884695763,2
1.196102096918725,3.0144133609491344,0.09043987073227068,37.36007779428072,-0.010401672134629579,14.288653873966737,0.2078638438638037,0.19185920268812467,0.9279275711636353,0
1.3157437571690183,2.710636852512542,-0.4608157339538471,43.669190940078515,0.060682338170891165,13.110710362514597,2.656632858470029,4.772887537792763,0.5241911015607736,3
0.6226946853549168,3.1452928051706803,0.0063541077654073585,43.32724973846683,-2.7680315071284854e-05,12.864512226154776,0.8913601767064339,0.14107297399718596,0.8566276599484722,0
10.093288938204113,12.933588693647133,2.144627550264356,45.627979648912884,0.26852958232956814,19.17584942123718,3.734683917540185,0.4116571165449678,6.492491747433984,1
0.9904139830721612,2.443118100818074,-0.1018761559516608,47.56248382019145,0.05111852630125627,13.109618244432648,0.460180544618377,0.4341074482527809,0.7303417512339784,0
1.3748753431452656,3.076443170804439,-0.029908947677896702,39.464424377665594,0.056812192591840824,13.304035401056824,0.9169317254234772,0.24920578332998022,0.7563921241858511,0
5.030580976700113,4.2132295740141075,0.24544996250076997,87.48437585433177,0.6644809840137145,26.469715566430224,7.575072953044285,0.47016388856289953,1.428179109799217,2
0.9012380459535004,2.9167801173197936,0.2480178673913188,40.82439028745882,0.08528499885039394,14.898120402724011,0.8382949012939123,0.47961042860146974,0.9328730627470787,0
0.6063924548299812,2.6739491585896547,0.017268416241840494,48.952433653202,-0.011927702332272921,10.636981203936012,0.8221669871254431,0.1435167195836693,0.6915132805281792,0
1.5568284758257758,3.065973373889108,-0.03502903651125964,48.17036031270986,0.06648037631370013,14.052495980052335,0.12325076901841178,0.4770291218618944,0.39273569682957693,0
11.891790421186805,11.384913415540428,3.0167049306106923,55.40217817494147,0.30237787147058215,16.545212880744558,2.248212007400343,0.541961319759765,6.360205876517437,1
0.8606148320975431,3.4408868779772264,-0.04392006175640572,30.78434392598221,-0.06237990921409069,11.078113499126285,0.2745468438421357,0.09075207310615646,0.3675248201414025,0
0.760159428569619,2.6619475082494644,0.09083276510735239,40.25983534699511,-0.07161869182231936,15.0279129083825,0.12831517474024548,0.1440964459716088,0.256041885656252,0
1.5313221224724325,3.0299403218967074,-0.25770143730866923,41.07798270598077,-0.05550356933353685,15.556060359635099,0.24846930013530255,0.3289207861663547,0.6761709519579175,0
1.6956599283187537,2.86174970749782,0.24218266852386552,32.98524302723644,-0.038124186884093955,13.529921861443174,0.59828206017041,0.4392423842143499,0.7947112571622506,0
0.9860595854804625,2.565500053250814,-0.04268894709072916,33.032902903814765,0.05501993656423148,11.268990507014351,0.21234299969003378,0.30950873861569983,0.6395759937571085,0
1.163009166953331,3.8039938033328937,-0.18794694918112337,36.80022007650977,0.03614898986667793,14.560457130160183,0.9181804565448239,0.37889327775836307,0.8059684813233314,0
12.253399264293378,9.616854385496525,3.328642616011913,57.90096837178933,0.19430240667029236,19.0968276326203,1.6765544724227628,0.1107329246202955,6.412484226655846,1
5.981885620986694,13.485505956893174,1.6397228041901828,48.66469490456082,0.15773126348966068,18.08307548393267,2.5927488773489857,0.4602249904046305,3.650995532223422,1
0.7277337364238055,2.685925996163408,0.04670954354106229,35.81312636380898,-0.014559659067045039,12.059480387925968,0.9299934670522944,0.331740247445137,0.44032998140461316,0
3.263589673253862,3.837152785529775,0.14765630600484758,92.51970628595396,0.642223507401201,24.68745270658962,4.7200757344082485,0.1561851170947994,1.3253930956688615,2
1.3424285992912972,2.7685182964691486,0.3971083600905404,41.88380099171711,-0.06581798662458045,15.87755557897531,2.154278646698437,8.5316439288252,0.4892531380172186,3
2.6779038158259105,3.955060196015325,-0.20519092733722102,46.72778387562707,-0.053298212743993656,12.847420045661263,2.664661190054814,4.450813767772907,1.54573925124082,3
4.361072195717942,4.705309420522399,0.18545309487812625,84.38058848142735,2.1532414525936483,29.40664084054067,6.857028014906963,0.5237642775521689,2.0488428397347955,2
1.2468969558876886,3.436721712082751,-0.2906429660319766,46.93740374514696,0.06286594797352715,11.19761700624209,0.9712118257082918,0.2690736019585806,0.419597043558505,0
7.080878902613053,10.55977617139097,2.5381325623357314,54.19642065678124,0.2058558477439055,18.305065520426922,2.9713584853949215,0.22037081644325707,7.288434158433052,1
1.968190240861946,2.9092939445882164,0.0019881050962347897,45.327965390493546,0.08953405405931086,12.979104088481508,0.8083392107899204,0.20856847103969084,0.5558745324239388,0
3.3657520864720483,4.413314277549355,0.4200859647852303,96.17802988537687,1.8530682262600071,27.407767443385733,5.353937146446239,0.4597723108787345,0.9614171058879274,2
2.2092661483098093,4.922708418306558,0.308016851121307,101.20644984524046,1.1540956798656257,32.56208278850712,5.842240040427926,0.2659668390886688,0.9259756907114454,2
0.4994341425432602,2.694626192432885,-0.08226313641984759,36.17897320765771,0.02448158603390727,13.199768645819459,0.4163355819009806,0.4016595488400728,0.7638534203359211,0
4.730172698714954,4.501628913713253,0.25733194218484184,90.20350152401956,1.9473121638625612,21.94879859235548,6.625195124361937,0.18039265556365677,0.5606339609431588,2
0.8050090300482869,2.9111456813826586,0.22319006028936003,46.24304634539048,0.04347975919515911,13.5668346989865,0.8931784842758157,0.2432667986160304,0.4342848671195625,0
1.4613388505110902,3.2054317032197677,0.24863421054572077,50.68135616637844,0.05704491992785833,11.264285989744332,0.8751265910998135,0.32690839999816634,0.974989602869242,0
1.757119926437349,2.7580368683504037,0.29144253208597154,45.20410270351941,-0.08430137198201276,13.254126266865411,0.591895059268558,0.44826108147591504,0.7540570036713079,0
3.848072745643552,4.50015086335495,0.29797085569111614,96.1966374621881,1.1957238297201018,26.71884601991046,8.172722701346599,0.26167453348559794,1.3627667019343035,2
6.502931086405733,6.993617019301808,2.2054241795995293,54.026160884779266,0.1651509576879047,14.748398614350203,2.645718776472726,0.38535591863475266,6.165502127430652,1
10.470973840594098,10.329281068842286,2.30236411614655,63.06768439624281,0.1300815073539296,19.602833933985053,1.6999066949603692,0.5806038458810104,7.109910607871896,1
1.7596594658177864,3.120546808535328,-0.24206463795640512,43.557917780354295,-0.04072345732842484,10.403408774035672,0.6434387642716577,0.3530061088103379,0.3044667744866092,0
1.5283661778364694,2.7255603516595217,-0.12262728964946268,31.961062869725694,0.04486549130153432,16.561571172396253,0.5597230886567167,0.25830601409130943,0.9603851457311487,0
2.195611009226209,3.042910408260814,0.13259663290855733,33.872059065618885,-0.012572241408480095,10.848873319334185,0.8029018108005069,0.1476136218419554,0.4830382873774051,0
1.0567080209186488,3.3757513612238177,-0.004491950845299084,40.68814210106315,-0.060592420000005184,13.124560466925324,0.34033033900310067,0.22230030147128674,0.40351250548713397,0
0.7448599667635744,3.2027180779109528,0.17375938704405647,31.31123295830384,-0.01979682206292846,11.780937393882818,0.2434124217048993,0.3586793151928461,0.34957458581017065,0
2.778427285531012,2.8102442531314606,-0.040677150111970595,53.653773693761224,0.014734696151318399,16.93817279404472,4.262654712742394,3.622983542479177,0.5061746076088627,3
10.278991979996999,13.500593820746364,1.4695264799234335,54.048814812596866,0.306777608627843,16.08360785641282,3.2149173718044777,0.5022203977406802,4.6127684998243685,1
0.5213784455797207,2.9716479667731153,0.1664481435385841,29.692174631640576,-0.0789507818454761,14.402619992661732,0.7540527250248616,0.23424881464017389,0.8175651532742223,0
3.139493260674696,4.342791483057808,0.06564224571629557,91.41263263938909,0.8242955877133148,30.51753072517566,4.362132251329125,0.2617294843501596,0.499556570925691,2
1.1883274551986511,3.3302726678325834,0.06716066994820317,53.286227092967486,0.055026330366416604,12.581043420632781,0.5277834108284938,0.34379424022264077,0.4323893334135543,0
1.0035558291287776,3.142391893676894,0.2511185147312853,42.416698331936914,-0.09663703832429113,12.743119633730986,0.10951549369941502,0.3194219576537624,0.29119393329151244,0
1.7413492740086833,3.2804004426625015,-0.24044044337143824,45.98936960326034,0.00794834196258033,14.238622821590234,2.165735845018815,7.582655602287215,0.3682689613095067,3
1.5465724858026748,2.598540916851662,-0.0023638529574731893,45.590210875692605,0.09882327507940863,12.695820774935276,0.5845638514255774,0.26413813540639275,0.5562142262850323,0
3.3156734086144914,3.3311081542476275,0.295428776369093,39.03578100553096,0.016017761751110738,13.3772050774559,2.4364834236975064,6.597567523753617,0.6403954988428238,3
1.097949827971096,3.1585724205052497,0.22384032389189273,36.78374826954963,0.050865073728172866,10.667311948867786,0.4138106478040743,0.39938219241151957,0.36046529037990455,0
1.841313860397487,3.1242333375174276,-0.06512874120348411,32.09445669487154,-0.01423374626829688,12.17362487014115,0.7240274196869474,0.44418501873708516,0.41727622052137264,0
3.0088038216177044,4.125981006589196,0.09545666280617002,105.54043313305677,1.7252324480079009,34.222204591645266,6.622425678987123,0.16260507677474093,1.7809022920568345,2
6.021656728036463,7.460599101581204,3.2064791330885045,49.93345733336194,0.11606860865701404,14.639934490237378,1.752080364163284,0.1553571780894798,3.777547231560961,1
0.8593154498359731,3.5082233681411825,0.25782104000828654,45.589573253372116,0.06424105832798417,16.11600477830581,1.0671210092406775,0.4167716772981586,0.482601560515027,0
3.1593300749101023,4.812354368117726,0.33553416535115604,88.19587731715536,0.608853175508251,28.979179683151386,4.841165507346542,0.4642661113570049,0.7861213324745575,2
4.598657524603769,3.7139304593229405,0.2927478425285452,83.45177107920279,1.45494329857655,33.21948699692944,6.687378006880232,0.17580705224555035,1.0227926696493765,2
2.918314124181251,3.0237034673130614,0.10542097641194682,46.55136650192589,0.032666878266325215,14.293975558968727,3.525160676317145,7.816310755921625,0.433154109643432,3
9.486597410226532,8.756197555004027,3.5886742729206196,60.6485218191932,0.26941915705214775,17.831045963355127,3.642971254676255,0.472330887951895,5.635118396780538,1
0.777077387733223,3.293983690148119,-0.29235559863152905,38.26539074224574,0.08079812085526987,9.581925019168226,0.9118931703582522,0.31514189316452346,0.7571426440041914,0
1.3072009073223734,2.74785023441898,0.05594750972287899,47.27052185218232,-0.04246414346521869,11.637501767779922,0.14910702673209372,0.4240865567239609,0.7240074008708655,0
0.6718850265658184,3.659253077294821,-0.08052404218751281,34.36598602955209,0.00036807137695700005,11.216457158768252,0.3382850686187242,0.20623121773433187,0.925132640358783,0
4.118776569374472,3.1341221160080863,0.4581574289223071,97.99949466493791,1.8379493681785382,26.010690708766084,4.801603474268022,0.32477234867531773,1.2541532921980887,2
1.2002835741405862,2.5001189418335588,0.06984651722821326,49.874846918045066,0.15028059762939236,13.923863951323236,5.235911762650784,7.335251683458122,0.8545461633773894,3
1.9540696308308036,2.6068381689212705,-0.051919456710042666,39.22987830793468,0.06985089049271281,11.160295171776506,0.14231521339733422,0.3499089912714612,0.4881348928123915,0
2.2482469971574712,3.410201417270286,0.02281702810634248,86.08765807586852,1.814047364033978,26.58149624672255,7.697554693444589,0.2539679234949882,1.7518770165717612,2
0.6518674144689266,2.736385029457712,0.16477010570727435,42.14459449519609,0.08044154633322918,11.573008160548238,0.5893171106895175,0.4913232146625164,0.6055797495874734,0
1.005402836376428,3.5805319102586632,-0.17087747339551776,34.88029068862632,-0.02617132494530564,12.181796756908621,0.22465263705571864,0.4668340005859104,1.010878794683202,0
8.280177337823664,6.8592610873386395,3.436015855336365,47.82431349736869,0.10377332139491163,17.22637309418599,3.367130945171341,0.26006946998072933,6.504065757831644,1
0.7405010930649667,3.085935004521033,-0.031486098746678515,39.360970890395826,0.06682131707769762,13.203821434479535,0.2023005229249862,0.36928423381134023,0.3335735078496627,0
1.341629512439366,2.993465316535722,0.11957376311800759,33.98553118232403,-0.0927583989773989,12.514716470365228,0.561397969872606,0.23680581887645474,0.9686091916953696,0
1.8103258431063731,3.5007260382406598,-0.18733449318565368,41.5966824139039,-0.09174399353135079,10.529336278542033,0.8464376742625704,0.35058694820860276,0.6885034486204588,0
1.7731764578626177,2.966362246514876,0.022686557180502376,33.49549833790458,-0.010871814222453787,13.138058131544815,0.75899296119651,0.2415742266794756,0.46220508916224123,0
8.276356069387091,6.251871219066108,2.7304538688067717,44.52046256376534,0.20393235216760044,19.15847556552868,2.286538446252861,0.22048176076531667,6.26866906880029,1
1.564146745997516,3.5240990603677993,-0.28454941711526094,41.90135482679551,-0.08542602656137349,10.954669411386126,0.9386056139763086,0.16741198761480908,0.4461492674424725,0
2.49414688608912,3.1109472817894894,-0.3861456295741813,47.67657555117336,0.07059664693239599,12.675337842558928,3.4981996196444776,4.0392475871128095,1.119272049846179,3
1.4949693525230436,2.8685351574689606,0.11372033476481744,39.0603975473623,-0.0887673810362467,12.943290417705803,0.9344552146863999,0.4284508372406661,0.7082059631929295,0
2.021796208072015,3.632966277804705,0.2527250461378192,48.993090255881015,0.07615560174671264,13.497613788267996,0.47324596536083285,0.23743945449904508,0.8259698898149649,0
6.063198128729991,10.482119359893288,1.8433337049975747,61.84345256279741,0.20835369541494253,15.55753846417415,2.555753287964287,0.40439518098923366,3.8467129779788074,1
12.124044601522568,13.688903884303151,3.884473937479565,57.434501648246766,0.12847349251767648,18.023259333325583,2.6321346545164954,0.3075252403332138,6.591217916937802,1
0.7561985612145463,3.072541263641315,-0.21457608913528958,40.56395920787151,-0.04391508719769813,12.235137742995688,0.8173504591116971,0.3985517351711287,0.9288821200845656,0
6.760420877300769,12.468527184647401,1.9365067469645503,55.295190608037,0.21629989640853325,16.590985081574054,1.769703638773841,0.35932193802258044,5.116693998189501,1
9.568979045948767,10.940632076267153,4.203587604707742,50.32278288562434,0.06533247896701032,18.476010586517162,1.8779309938355582,0.5713820803591646,4.465155314422566,1
5.205780481033839,10.607301607836854,2.073209650733603,46.029458662314234,0.3019534723051874,13.308563325642494,1.5496763151615827,0.3873975857196229,5.847846505658916,1
3.5822641865079676,3.9484937767562336,0.09066365805041376,99.44644615968696,1.8338861372852293,35.26119716709104,7.263195391817533,0.1458705718691724,2.1335619852313195,2
8.393826245147055,11.325867047992594,2.9069212959955704,54.83169432870501,0.11392042520435103,14.476141159067243,2.364579837162526,0.4938645612353588,6.501178885638224,1
1.150924529029151,2.837624948864508,0.11311863471633608,39.03295581415179,0.04820249205047151,10.173257807365813,0.47280270035727606,0.11208411008046,0.8014872060079644,0
1.9555364690569406,3.2163757942548865,0.014792741041136544,40.64738504084015,-0.06352874849639607,14.837605143700959,0.3180880303861888,0.2014545889381084,0.5881056073348677,0
0.6950529552913827,3.4304602435322185,0.08481486486583394,31.49331461116447,-0.05065957997809953,12.294140059466455,0.6623677720569927,0.47705905980620006,0.3697675178480621,0
2.2947404117352836,3.0182624428330476,0.41281606813459565,51.492058870863886,-0.07010052792165142,15.392495753684774,4.765091738280942,3.646780473801113,0.44848516770229074,3
3.798964298053155,3.4387975913622704,0.459776167152911,92.39252149932082,0.9076738467509468,30.8697790920672,5.464047874941137,0.4526059806772131,1.303301121525155,2
0.8616879491443042,2.6531436917312226,-0.16732060131755166,42.052953983816835,-0.015713591515957977,11.911034960941135,0.7319477905702879,0.24760851544740042,0.9210234637229073,0
5.389769928050521,9.301317147565339,2.415701618352896,50.34690645228152,0.1705515316193481,18.319700042108728,2.9130167039545567,0.4201375013759105,4.35820295462845,1
1.8144053020148272,2.910761692271511,0.22604543973785246,35.31977836299481,0.08751753591023409,12.175402662413463,0.14564167774474845,0.3959513076853209,0.31482186286859143,0
0.5674084868515993,2.8261633535668746,0.08840412734671982,33.811906427015224,0.07467293992308287,14.238217186004768,0.30060518299656785,0.24529951894635554,0.8227214079649734,0
1.6522733392823294,2.649697282188659,0.04087764470059406,36.72407274234785,-0.06246179346694841,11.486018738296037,0.8626152093463691,0.3051223614223082,0.9031976168187988,0
1.6036417419653057,3.0461349721828506,0.13729080077218223,35.568181963587755,-0.0497790048146042,12.747272060300944,0.8253197021062144,0.4769162934754378,0.3886289990590476,0
2.1179043271441693,2.5663695965197184,-0.011772432141979495,43.59128629949807,-0.0846087541719738,15.77668906044867,2.0530370410461596,3.0045721427654937,1.0160453380810326,3
0.5722167799143786,2.9099192839865458,0.13676576622859116,35.48329892817474,-0.0020529569330229656,13.98532082585011,0.20284434678083876,0.24648529837109795,0.8326611354655241,0
2.931721166651782,3.060587609916579,-0.28307533219396597,52.33141112709794,0.05598481262751071,17.843753886482798,4.583941269031731,5.345519499753797,0.6028041369841999,3
3.844331599539518,4.246259863684514,0.2867980407461705,89.92954467981164,1.5488594183892612,32.95446777549179,2.952296373741514,0.2638075746550076,1.8899848299067719,2
4.633622147208167,3.470569901909802,0.14671189986222433,94.83622331857528,0.9054327522466532,34.12714730253644,5.334738416128526,0.21709902932143324,1.6925140147089424,2
2.611491434389969,3.1947181143579533,0.03876743419607713,43.65471949430749,0.17976266483187361,15.654249021344663,2.955786837763585,8.069230173817417,0.7528585887940361,3
1.8066494103277526,2.9940481461883217,0.2685967906529205,44.957043540164406,-0.004948068269479597,12.343487080307423,0.3967868104080377,0.325909474487114,0.9491207159800892,0
0.532524341952231,3.2185299630957758,0.23405636767366103,35.1578033061636,0.0905179729599922,10.539770625460388,0.16719035897484044,0.10096268877383321,0.7529109072644388,0
1.61323085743124,3.6421408427213033,0.1289570717278847,41.68244814776937,-0.06547378486407911,10.604788217071498,0.8708974004178125,0.3672627014490894,0.6572939588901886,0
0.7776124174283978,3.36224297225598,0.0198080397480406,37.083498784624986,-0.010926985816914897,10.881779038202005,0.648817991394426,0.25375130073153085,1.0298116549245762,0
0.7523341570327557,2.6266656561818347,-0.19452584426675681,45.68797951253801,-0.02570905998986853,11.849929772987212,0.22113859707369637,0.3773332231871551,0.8963907410597626,0
1.9174332099409561,2.6126007071945647,0.029146064863087105,40.62984825320753,0.061120857803247414,11.129625389272555,0.5506743085164965,0.38078200066113843,0.3843982910797976,0
10.7742295410187,7.56118550952646,2.4469127529874988,54.736115967455284,0.16412996593129872,14.98062958975122,3.39775989808091,0.3276695197474139,7.583539414216033,1
2.317135812530924,3.77815193743594,0.3775232200438993,47.16488302495648,0.06261000576094744,12.524765346760029,4.219087206613316,9.036799939523302,0.9909620261564017,3
3.3409011297301165,5.340740006223974,0.41335834227027085,77.55484422613847,1.1587550029831577,32.25562175876616,8.395307757007092,0.30191446518211046,1.3597899362381802,2
1.6785851189233558,3.305819748517547,-0.13321820545092775,26.095562759327436,0.058541129350914746,13.81845722137729,0.4697129295111363,0.23144725462612958,1.0096273585224735,0
4.514406069231477,4.788732279694595,0.07571834322187998,88.20365893543315,1.5267921047882176,27.171369165571715,5.732527915503131,0.17831927348351345,0.6681199864732447,2
2.404677319261151,3.106980446817657,-0.19154461223724992,39.90281265197468,0.008519496305952768,12.331802745493782,4.799456856347847,8.105710366904885,0.7005908683073175,3
1.3887702693154298,2.674153439210493,-0.2409546974375589,34.767285006002865,0.03160829656725059,11.700218793989542,0.4025146804386588,0.12454145034690323,0.7679748190431437,0
1.4779909464659469,2.8160502011277266,0.09091647215259906,48.69861445487518,0.007094874226730506,11.983530187601678,0.4681925139221198,0.45018101094681867,0.3004920956270215,0
2.905538457893154,3.958263136714409,0.18091741738908096,84.27771962468822,1.2508363479475424,30.23789416271016,6.114769336826152,0.44348514960802704,0.45949257750017225,2
0.6810943413167534,3.3512189769443443,0.1833556960971616,42.21788720443273,0.09465076870962688,12.323067551472363,0.7701712722013941,0.2566371959931423,0.5921896553652161,0
10.690159773681115,12.507874065679584,2.7572097753923495,57.698086661787165,0.08458217183010451,16.18417487951003,2.361625140574679,0.22832599503891682,6.978388779028992,1
1.9992374931626107,3.164381352678912,-0.2536723995820408,41.669975232450334,0.07471840329598989,10.47630979228566,0.17741570996553432,0.2560279427253945,0.4548210962595095,0
1.326532159623805,2.864417631198189,0.09311157335805727,46.882074805414774,0.06709019480604321,10.314009463674758,0.2638050622215821,0.32127382519254105,0.8162047480357884,0
0.7478741442610184,3.256029944703109,0.18259590826709055,52.520049835327285,-0.03340819606190622,10.280650326292683,0.22094237435062294,0.45573175079887207,0.5679404068634996,0
10.219281818354123,9.932088455255794,3.5788923933485273,50.10575560897867,0.1195823861760845,17.053733647721668,2.3814198113202827,0.5704830125366667,7.2752675158603575,1
3.031004683602301,5.28536538753141,0.1756177121141893,78.53042933614152,1.8181352371176085,21.709009041292077,6.830562332991459,0.17898905888237804,0.6658683889830503,2
1.0704735438975972,2.866465193011296,-0.23705314060007632,43.73397014580103,-0.00733037429414356,12.519345409968615,0.5735015223003926,0.23558740228827688,0.7223209814561353,0
1.9436842247552317,2.9029975302044244,0.18663228151289218,43.0278021853659,-0.09941701584462885,13.662963790029075,0.73576972467685,0.11660350469146798,0.3625327254155301,0
9.881755995099098,13.124771221171812,1.5784840971017813,52.78567283826208,0.22849862695221496,13.668375263458147,2.8675850137027648,0.38201996063953175,5.172928458941493,1
5.861284295713672,6.635985417307651,3.5547132586262182,66.19972707760603,0.22544350034086452,15.592969140411878,2.1148775430578985,0.19897659195523398,3.324388892928295,1
1.937730752708251,2.6728473287921353,0.01155262404342148,38.842848227904355,0.00163390608408138,10.80670291304749,0.6179692706701327,0.2846742055434441,0.3497604485006488,0
0.9499506784540396,2.8341752895467853,0.08856792429253345,34.29426107796799,-0.06586068903646312,13.300760663964457,0.21051276328499968,0.42028274948396716,0.7668459546865382,0
0.5680676660363945,2.4585009134471667,0.06747752621618022,46.19262264399653,0.0639826019160091,15.111362978767625,0.24020773879091517,0.37558290774014774,0.7937290200003608,0
2.850630600643511,3.0164485698599925,-0.464589166105428,45.710327911894844,0.1009362172897528,12.085057372937248,2.143719912512948,4.438712770365542,0.7403767772329148,3
1.2644359974739068,2.6083104634178995,0.196855832413059,36.746531967707064,-0.045036364696065256,10.816895962802942,0.8162422990420534,0.27426840310608774,0.604224686267245,0
1.7795586775993433,3.2717233757136577,-0.1262393228492132,39.447126503456595,0.06884369516634216,10.084648286660755,0.9945818605593622,0.4825149611102632,0.2591511562781317,0
0.7866584356117723,2.695251464072628,0.2180287449600761,36.37989280204488,-0.0470077340356049,10.599699151587462,0.3252903019481077,0.21815433035176734,0.28874026518248513,0
1.7179207012372475,3.0133180776637154,-0.018671108277721216,31.388508404145487,0.005216164543263812,11.018325080975282,0.9683833576846016,0.1567162484972334,0.7486982139817899,0
0.6411505935267482,3.521330174388977,0.20107014637105078,41.514685088533476,0.04657359945525843,14.07584897989111,0.6750488021666177,0.3017176485931441,0.329681206648388,0
0.7855028461011224,3.553923087605936,0.08561517012491601,44.82479773790232,0.04004817598462754,12.25674816267487,0.5239389984703567,0.38085954932108373,0.8149134891316652,0
0.6842333921893035,3.0533377291308215,0.024874048443563702,38.066538877747156,0.06534017455313416,10.621463069051373,0.7619499356384452,0.4942212057638804,0.7236560055337992,0
1.9886327169982043,2.711880359612201,-0.09542681359128802,32.027745629314865,0.02116892566719642,10.634262388239636,0.18885976030632018,0.41377180110141365,0.9281484874042082,0
1.7951110535202335,2.968721493909523,0.13728242316363226,32.70570422578172,-0.04731265652617206,11.285279603886494,0.6851498720470646,0.10773714845345918,0.7326255996322978,0
9.81785634586792,11.886490245276734,3.7124440331241813,65.77616439045286,0.1849291896569757,14.17324922623669,2.8407112183346874,0.3052374789317402,7.335659557589672,1
1.462948964944246,2.6208571064221293,-0.031953059442745915,42.08728137934615,-0.021659533862378764,10.54835947747105,0.7893982010361975,0.3245914574093911,0.36161869032775507,0
4.090134329553069,3.8495300398303995,0.22343017998624595,117.59573450119836,0.6538886013889796,32.49565273646968,7.754131826216746,0.47143184708820307,1.1414736036739366,2
8.035679746657475,11.577462382890989,2.394234348084323,48.59249654104653,0.20894635351507787,14.92791186978396,3.383594138514377,0.4441671795204703,4.3279635286218685,1
4.641807549733727,4.131884257451031,0.19275607729768898,97.49926892410778,1.027179728540467,26.099795566863673,5.777973662412131,0.1342904300508067,1.370154279318693,2
2.0326635230332237,3.6837713838943555,0.2481555570226162,43.18770995751243,-0.03411676741910994,11.815385161806944,0.3217883672539526,0.32287895084671925,0.5780434530903187,0
0.9116984801130843,3.0309188272009555,-0.07445984865485653,44.16886050415989,0.03806322013002754,10.892826498643107,0.31225120664587735,0.2220829244972432,0.9751080236265164,0
9.08486890089887,15.330875652092413,3.119061641370735,44.56359730335875,0.06250936965365704,16.699516055626155,3.5891567668732516,0.2459341231402896,4.45220359926116,1
1.3773989440206649,3.2742100591315735,0.06767044712539434,46.88990508759719,-0.07658311885384617,11.898157305941377,0.9412377213148435,0.20236411974518573,0.19353614527381774,0
3.2531823715642303,3.833362572609117,0.05801049448118605,96.94492658148475,1.611826899658548,28.25282870069915,3.8114516683938735,0.4151994565685018,0.8485480625448822,2
4.80667079259308,3.23428222452637,0.056687530458656515,109.5092177749571,0.7544780307682558,29.283417775022258,4.982612740206553,0.3518288254697347,1.356272187709959,2
1.2315653824373152,2.6460484760420977,0.011368254246193752,32.7851532508843,-0.09348149263469094,12.74433692217601,0.13085896654807935,0.2926662994109376,0.30219550362302855,0
0.5881537382198269,3.384175658599015,-0.1778119771593592,42.643474431199834,0.03496687288220751,14.783275646114776,0.146279299459365,0.4198993167991024,0.36861306372967945,0
1.3136058231184224,2.6456935348696033,0.10552675655960744,38.98940463550101,-0.009928352342800342,10.158488910852304,0.13837802104571933,0.32392639292536013,0.2624993220202447,0
1.6720082226220696,2.9442515320426867,-0.26673251260368214,36.03360294931864,-0.03817706824275455,13.880665786053315,0.8211733739186957,0.5257055881780327,0.9237123856189311,0
2.7075706318497224,3.3688452663148856,0.44543880711815426,51.65489015755469,0.06287105575368669,11.281314303770259,3.1086660589268944,8.873866737549758,0.910371624021277,3
6.409160450672776,9.39056743893019,3.597230035664737,52.72184451836466,0.14791192821806665,21.60617136694416,2.75337150036878,0.5468859920648315,4.520552801324399,1
1.6912465181593295,2.705120902418546,-0.13973644056852744,39.66271695273385,-0.07770556988026722,10.903199224928034,0.1382513592082969,0.19330761105423616,0.8686486053932475,0
1.2558257191893356,3.977801389867503,-0.36308669020073325,36.0148411536247,0.049340844407708084,12.92781635322449,3.6013638892447863,8.556846825105335,1.007248296304626,3
1.8435690068214121,3.1226645827366486,0.06712285080466161,41.45684663862174,0.041432002702442586,12.387744895477667,0.36384778870676415,0.1664322075135385,0.8258078292259375,0
4.759280061582634,4.371289983223116,0.3283172512684278,83.31108044224793,1.3992422013054362,25.88325603297867,5.784306966981287,0.11674810588181998,0.8257511051619348,2
0.74596640620853,2.8036666249885314,-0.06968461850762842,41.78332612602926,-0.018232948737574743,10.590506978482605,0.28262891157534686,0.2647619573979327,0.23246715398547985,0
1.0546167206971753,2.3869115613291143,0.11540282860118829,29.852481522007587,0.08855749472684009,14.387745557195766,0.7005786645247152,0.15177004110998454,0.576079545735254,0
1.6650166706912406,2.9496288580713523,-0.052271690371119756,48.715114015044456,0.07417000089558179,10.23451069921808,0.271124451380161,0.1808006508153319,0.44496319358246195,0
1.0480634905223911,3.2011544477099214,-0.24541160388814967,35.13948961542542,-0.0528000838269646,12.243329988925606,0.11865117752008827,0.34934456582863554,0.6079388564930945,0
10.369771939650843,7.59516296134472,2.579692248296093,56.83276234976121,0.24384448596250535,16.45430988044013,2.1809490736265715,0.4022208987673586,4.857401534094832,1
1.0476392445784222,3.525957052334252,-0.16342317204201123,47.258394881406865,-0.04353019220352347,19.19748141218587,4.440605714963676,7.41653913575426,0.6406586512415972,3
3.4597488962996956,3.001896258997512,0.4061812897985641,79.01649175419584,1.012201628853561,22.155681357497006,3.3710103900773927,0.3551498355588664,1.5393617413931815,2
0.635428031368935,2.908518941241182,0.06581422808254951,37.7510648747924,0.0016122451689107365,14.276239715679564,0.5047125752948751,0.36864766245739217,0.40842200578974036,0
1.6956751012303553,3.5359449166592043,0.09026370130514037,31.00842193844628,-0.09164296005294968,12.351723799205718,0.954288965906506,0.2298164382566442,0.6821062719005077,0
1.2269110235234928,3.1973190675049645,0.21516577242292423,47.208725913028,0.08475164777538226,10.53563422882621,0.23198788434544493,0.45349047326834846,0.560550936603136,0
0.7635712302608463,3.028099748258714,-0.2001225948349601,38.982950024132144,-0.07230419345163948,10.805671607429984,0.6125717225146479,0.48379384684828786,0.8602807978056034,0
1.1719895606194861,2.741839230141905,-0.0003549436657272982,37.06749249636582,0.06792422818334405,14.008968275136748,0.8496056197140086,0.15357812918893576,1.0040904484106068,0
4.787748582312058,11.648972028448595,3.1836460747358584,53.24951245956952,0.24139170210150585,17.237294457284605,1.7829775360400801,0.4190624921049938,4.616563660928877,1
0.8388094371403196,3.323089165203739,-0.07105167478110466,31.45625160924027,0.04382586408680634,12.224007078364364,0.9050721234184673,0.30983839021405934,0.8316204627622094,0
1.3980541365095038,3.03034393863905,0.19085970325057278,41.03482855955912,-0.02467526736868474,12.773825322740507,1.0312663052608906,0.4742785795593688,0.28949650467502835,0
0.9433938874320591,2.7613279660604,0.01017471105136213,43.27515435177103,0.023925404739281828,16.215381052975964,0.8477308897760484,0.28563684150831936,0.3492732925655229,0
1.9848665314039022,2.587256275498477,0.06162834641868977,39.48321592876062,-0.10040635533256637,14.172884438722113,0.631712191190794,0.11944694699550301,0.7284656001334984,0
4.530246444070042,4.53222213300556,0.4621548378042112,104.29648951795699,1.0873888950906545,29.92612744005962,3.847345203705098,0.3879802591103154,1.5672373944304725,2
1.6800689923610497,3.0026219037538575,0.006616518364276012,38.21519034105843,-0.05125381693017139,12.406270518373104,0.43152256566935343,0.42911656461572856,0.3032975117833169,0
0.705131495120734,3.2435819264997723,0.16176582117988383,39.927936681378625,0.02478860184468429,13.021931604676157,0.37993673420284363,0.3958199447101183,0.626035492163612,0
2.561538875097737,3.4880616174714265,0.13778257104603173,45.1478857385053,0.05557808459950701,17.722053904816644,4.4543164212102075,4.005321561222768,1.0667513321221451,3
1.4669986589849722,3.5767135137221917,-0.09616277253322916,54.825623863849614,0.056922145335961856,17.8712002111581,4.190100650389217,5.1619361489314475,0.387312275677267,3
2.901304719105205,3.4507323008411332,0.08853297538208278,44.6298066280786,0.015532473377350845,13.676348184180355,4.609418463960693,3.859909273992985,1.2480031561840634,3
4.139857366345323,3.1983492641014566,0.14764589603034975,102.31175742625221,0.8052164776211614,35.129185590468,4.336249330637087,0.16562139602943363,1.7307730565637165,2
1.1564797287169242,3.196559600976753,-0.2154548571270687,31.448722439512714,0.043038579913532604,13.18545990690555,0.11259969481877405,0.356640946626279,0.8275658213088063,0
6.031543202615266,11.361832401196855,1.7985527763711382,54.28978053700954,0.2027969916894916,18.102377598641812,3.161729010105332,0.41707213924686204,7.107275724837765,1
0.4817890223889215,2.8825282010588182,-0.31079867427878866,34.82332377762279,-0.08519333487092853,11.42904604935519,0.6652725676392863,0.09160466189984487,0.464173004341249,0
0.8514801756780803,3.1072017057791435,0.08916862758461151,45.752612310870134,-0.04433415913714139,12.27562387973672,0.2722820718145981,0.432790341727305,0.8779483717462814,0
2.0450867745628014,3.156952606019031,-0.32862369206243763,33.208610192789685,0.005643122573981757,12.561532352363045,2.372784769249981,3.512597213128031,1.6459677634115089,3
1.6932064523625385,2.667188214658216,-0.2512629482517133,51.08344154867514,-0.0013891407823641904,13.456363016099976,0.22990735527655642,0.4193772020336289,0.4914054687357913,0
1.5759684545608286,2.6861819389458637,-0.24903985339934778,41.72087269147315,0.04531053469135511,13.861762220393853,0.7106361961680924,0.4436018471923633,0.27062586010629874,0
3.34840257510945,3.890827799900417,0.02464948818980415,40.10271161734344,0.18237305352889796,14.20721839379941,4.466685961839116,7.180154930453255,1.3561527062844314,3
1.271106007319576,2.7668517219588398,-0.2690230234938202,32.36588000724913,0.031230112478467232,13.224819193745072,0.21534830214445394,0.1780750976314325,0.9956189365575274,0
1.4298097495685254,3.202772750383685,0.2690304317942759,33.49719882286198,-0.03794105357842466,9.465494138306896,0.30435202485148116,0.44106811565158893,0.4535052418116793,0
1.1545011063310264,3.5658422238337275,-0.272063196058768,42.51252316232191,0.03287383760793492,13.6201850909572,0.5635919249448417,0.3034231292224683,0.387495257971287,0
1.9736588818920624,2.937899758539755,0.15917115521114086,39.89898142941605,0.020749895126076317,12.313512547498151,0.5401059853195541,0.4260592479839644,0.831939365566454,0
9.77834914533145,10.584208596164641,3.3079151018980806,52.999138489192404,0.07565475181556337,17.07450982569408,2.039634095500499,0.49208330787436094,5.938193713170453,1
1.2999673404069485,3.143343217375743,0.14134670582078596,45.399966454403334,0.044915686323062774,12.798200031860821,0.4379855079591454,0.17573737401890363,0.6039395558320354,0
1.9100131076512203,3.376202520142978,0.3167509690763454,33.16554745358919,0.15654336138802089,13.026273780714849,2.860943415435227,6.423161091497679,0.8540635680316263,3
2.728305650148958,3.2155101096722634,-0.08265347050604,47.958586108597515,0.08336571500706995,13.77722833025297,3.8837189479251983,5.200279913286898,0.7194019158568654,3
0.6397137494959042,2.9007331615316287,-0.23729189365492798,46.569020658142534,0.0306069733529969,11.182846137952861,0.6602893687333802,0.41898964898996394,0.8915185558992225,0
1.2142015445414012,3.096001382281185,0.13656915424641317,39.877325577402765,-0.04755145296988722,12.29243951198204,2.4990390301774514,4.71817460865129,0.5892032079252871,3
1.2000060039304887,3.085811730729562,-0.08583721390869038,45.48745617796844,0.04541969213175743,10.387591137818472,0.2411830756262909,0.42084205361994237,0.3702580702755705,0
1.9777734497719195,3.2240537925084007,-0.18588648466259727,40.12538324892009,-0.039495339722265085,13.630872183808933,0.43885307615942526,0.21044583808803144,0.29433776806118694,0
0.7072093106714927,2.796411200227148,-0.1534602532965385,32.541013953482846,0.04060393452074603,11.535355267519822,1.0492073376847666,0.2545657642352606,0.968336283629329,0
1.092709500141269,3.249109932297654,0.2558366709474622,46.61533341142632,0.1842949599759823,14.228726565017222,3.2075957920600886,7.688462670989449,0.4743063125903783,3
1.7067993319559291,3.066310211718514,-0.18968533635246496,38.96961051115857,0.0026371703586973803,9.664849379272953,0.3207247121887731,0.47331851942212433,0.6703056123618992,0
1.344406710566937,3.0930487025251026,-0.08429361745891695,38.49241002729576,-0.009428677046797567,11.171507381758904,0.9688257654946031,0.31090695128346524,0.555212104682843,0
0.6703871614048856,2.61015103801964,0.07553781704914064,34.574801350083995,-0.03673408638742651,14.339414781563455,0.8599007966925668,0.22683260941663982,0.5850380243815081,0
3.8159896493122045,3.538418731893808,0.11635855593221273,76.93538070393575,1.555846692907,20.988906134280608,4.182809090503611,0.3021689241536083,1.1871851438621392,2
0.8734188105098566,2.7771329777848517,-0.08226045709929021,42.89470459503479,-0.08779575772425302,12.696183520631253,0.3259157261006335,0.4259390083839534,0.7756305457895268,0
3.265980553945622,3.122684802204514,-0.11609164618146767,37.744120851488844,-0.07329636238266157,17.06673181679593,4.8543554426087745,8.793634275698418,1.1443632872230765,3
1.7998962118561719,2.600809930890183,0.14598895178644508,40.70618284469958,0.06169402080366886,14.4465707274954,0.22184994966907393,0.23689546666008307,0.6496786699855915,0
2.9746321372164446,4.819882744359983,0.38954586203107033,85.75444619070224,0.8257157563883596,33.133477159464334,3.960826717345263,0.42842620791486724,1.56231051115117,2
2.15390970796169,5.134651909415535,0.05102369471193479,101.28761590727592,1.265581803284523,32.10178981637838,5.225518478529206,0.27535830308764864,1.4181538745198263,2
0.8014492341368176,2.4478938557865884,0.10186178670983946,43.32580905819853,-0.08626754428955323,11.434927188539163,0.9227652098845563,0.24666527894540952,0.5340746915063072,0
1.521433765061141,3.1733567889324776,0.04854095049249369,31.836466492803375,0.027132061359686335,13.176898842227661,0.8156641788067238,0.3270045940271735,0.3939468454961497,0
1.8538705808492928,2.9896618603110126,-0.1017968223601908,43.3388314833464,-0.0754367642593802,9.708183617251338,0.794729815568587,0.21959683944422254,0.8914545593315267,0
0.8042983726195382,2.7434217171345265,-0.24516122084981645,44.78687885322349,-0.023226710277159557,14.342184999268476,0.1529094307914517,0.3838871271612153,0.640939084787597,0
1.7372195671192974,2.56803824289961,-0.18964827114272584,39.50094983395303,0.08067615139316414,11.148132837036037,0.19826461952056124,0.30204186728710425,0.674951047398441,0
1.4273891389899347,3.3011807979868273,0.24971575093423531,32.59615060580877,-0.037907143123565974,13.49760435201613,0.9014451259135555,0.354740877036384,0.8655257420538595,0
5.792726602025052,14.97134665046309,3.211628469702208,50.12367994281246,0.2975811835656813,18.144550713398093,1.966157824283778,0.54013734439461,3.3400159808345617,1
0.6004767830792751,2.8899282965919926,-0.08548576481153523,49.5373591859901,0.0031304331714635406,12.86779669531871,0.4586053351708548,0.36948393910813554,0.2041706285130962,0
1.339365053653592,3.010460917628791,-0.23579434571528607,32.564127380080826,-0.05674763167876365,11.409995588040772,0.6817636629701355,0.35640801102524267,0.32507926343581933,0
2.9829150112298364,4.42623072837518,0.37275277419034186,83.85641892110337,0.805953893600815,22.000966606161423,7.179408349125462,0.14181515483683715,0.646140740199149,2
2.3389229560671465,3.2084947958033196,0.32157992314157746,104.583958946367,1.9065452306978634,21.650197069396757,5.064588925156217,0.425495359313385,0.8586474516093198,2
0.7913111409589136,2.884980072513201,-0.2068215423348016,46.22892957431966,0.10064575266937183,9.961348081149918,0.12408336015964674,0.2965195467761245,0.6791995639627931,0
1.91835860118153,2.853662270711453,-0.20768647585507252,49.16616840745835,-0.07951001995798786,13.860997952447466,1.0333444518698591,0.36749755621835023,0.6699890749608336,0
1.9631394826583244,3.5695894206771284,-0.11142306133788082,45.31850616593582,-0.09488397367184609,13.610891482493317,3.5080544977569974,6.105780724441845,0.8195298849925317,3
1.1566968661372712,3.3699724262350457,-0.2594247075319005,44.02312412032964,0.013540889263009963,11.355591847462463,1.0568298296999654,0.30051464994331556,0.24130480602630985,0
2.057281399396719,2.929917788755475,0.02915111729264856,35.21978515659572,-0.08130590509488761,12.031548866021408,0.6217357526704831,0.39488031730064904,0.8539271932599979,0
10.93019034448857,7.48465486642939,2.858455959514971,59.14000060401996,0.17208262640600192,19.248663235441715,2.253416851925549,0.391451615694495,6.804513124019284,1
1.597803634139102,2.817678548458126,0.041864206910115914,45.84255811310902,0.01612976660934289,11.259985181105767,0.6026782654277429,0.22863115379393356,0.4886307787734205,0
1.7092411696279515,3.40376846721967,0.2025389392868679,33.10074840445099,0.07134495135408318,14.043597129465267,0.5224350074387074,0.22842233032915343,0.8175602562523865,0
1.0626886128683355,2.0505317519258153,0.05010968276034016,38.991578957154566,0.09236325345781181,12.273232334523609,0.24700438061916677,0.15809946403820835,0.7948357303256394,0
7.4532924969284355,12.602174015503397,1.7680514474644822,66.86075343036912,0.2629433167804254,18.58219979492987,1.961401230532546,0.5170974603630443,4.8743010592146865,1
1.2637737878412334,2.871415360646861,0.2206485160390039,42.522268231407494,0.03239957575867317,11.87889349392259,0.8784142679481555,0.28842651695373184,0.2596998705543268,0
0.6655435009456498,3.025858288489968,0.10536323616593363,30.012096800532163,0.0632860980634311,15.150174750670189,0.26517293835379296,0.3236733948148081,0.49945214904733015,0
1.81223810072246,3.046001026049079,-0.20602294259006032,44.8760472583456,0.09412185772255677,12.713560750624454,0.3172042163391042,0.3561522304237217,0.8079446168037658,0
0.9494255926565303,2.833977774084277,0.1766062748784955,29.076518993125433,-0.01858944664423747,13.69339915089119,1.014514990546194,0.4430806164889353,0.7692438129896954,0
1.1757223882507735,3.2083899701264547,0.09090239098033351,41.261521901085096,0.10231670796534807,12.605014085456714,0.6298463647829363,0.2851809164362428,0.6101482956306056,0
1.6053060454877897,3.2024044245481424,0.1856002156377332,49.71551045378855,0.05644238852455244,13.63896543236924,0.7531573762684358,0.4282645292005431,0.5658956066993951,0
0.9085600932973183,2.8640712216084,0.29596550882455774,40.80870711690296,-0.09843674544060096,14.93673579472663,0.13213655234613755,0.22791613993580537,0.8863367961365425,0
1.2739602657957865,2.8817058161087084,-0.13361415267305238,30.777738453568702,0.05428410703443243,15.216088110201113,0.5694294026660502,0.45983473982966044,0.3822519319808164,0
1.934242614938869,4.743845600145957,0.2527059183093797,105.42878288947492,1.1381739911992605,32.80468902393084,7.550028129516919,0.23342277146103013,1.482835182021757,2
1.2086701653024217,3.6058266448957914,-0.2197300489482545,39.20256902133165,0.0590228272322966,13.025629738124126,0.37421420847286907,0.2229426356525142,0.6942447934993717,0
1.068999020636095,2.852736973018504,-0.1834752692976999,33.25661499427531,0.02236526139550348,13.011802488683868,0.9274761605590218,0.4654290051011839,0.4335022249811713,0
3.6477152163018776,2.5269078338924156,0.3538360505538097,53.19411479847254,-0.06430070151982517,13.754423984391918,4.44159753258404,4.475068174441611,1.4498055761694526,3
0.6474552625796416,3.2707225029134275,-0.12656438768009376,32.3037981381307,-0.09418195216620447,11.055954454234106,0.23765634370975244,0.16811105132651172,0.37762176581942686,0
2.582034652935831,3.4353478222533886,0.46089920519667105,87.29716048986812,1.703440833734751,28.032077307433518,5.455058121107324,0.3933223145354352,0.8865735683667741,2
1.0266161572256873,2.8184742194928813,-0.2864383262586778,33.27756019501329,0.07503145446252506,13.100499152522417,0.7818003013121723,0.13284378678109388,0.46180183763078403,0
9.58563006108506,9.045157305835136,3.574534611383056,59.4690092242012,0.2629585857079738,18.877345912544666,1.9308849295727082,0.12737034904131136,4.509367787639949,1
1.6086329152861205,3.1445364000635547,-0.053877532377243395,34.95390906510751,0.045011324499973686,11.583548393935247,1.0435303713259023,0.42321908476678716,0.9848092168807837,0
1.3643425788745849,3.1099430070719754,0.23334105715192646,37.95950919233778,0.09325527437068358,11.452327741597756,0.9451077214717154,0.14418584130415252,0.4360006113757195,0
1.8269236511221114,3.3516525498971355,0.045100390929139283,30.559471713234792,0.05402292317492867,14.15323944718267,0.4321774261236843,0.2194934900746992,0.2669961966449293,0
1.494484018029622,2.7794886924199536,0.1630615659140799,34.602219469376784,-0.01893652924084944,12.984111904422736,0.8543632211662002,0.2565544974920419,0.3466386354117374,0
1.5330004475214176,3.318027919476057,0.3183612006554593,46.107906022039344,0.05464260032622732,19.05325181349452,3.805430635443603,7.9378437453517865,1.2151113990970832,3
1.2363757771359798,2.760768544205714,-0.20718559662346708,52.13661768386666,0.0800358577735313,12.09523762576229,0.8488219389519376,0.11903599458344256,0.5951591350881221,0
1.975581772152496,3.4495638564245974,0.3048664983026252,50.116473923027954,0.07716554342927268,13.382088867466074,3.6766711248619726,3.9880077232230966,0.524571514726892,3
1.7915930971229397,3.067048722012538,0.11963340429972882,33.83946839132512,-0.04872346138655527,13.50535789379089,0.17903259276730596,0.15623777138953435,0.9357553497827595,0
6.536736369949712,7.294426592817656,3.5229864920095055,54.46032950809172,0.1374187846264652,19.730742632941507,1.5014053674753707,0.4028775968801252,3.7462508745479535,1
1.7013647429167778,3.2802913641669584,0.33526164009004994,49.99576335349999,0.048654245219193856,14.807851610093971,5.087831295268332,6.303257250786444,0.7562910844594319,3
2.4221859244938,3.7791915423369944,-0.35007618675108454,45.11344194543812,0.1528984733057388,13.882021962763462,2.62952301090054,5.562337979137685,0.36995286185089893,3
1.7012940777026282,2.9979745766580708,-0.10700532902677988,49.40068831973876,0.08090590799301928,11.628141588695657,0.29315129665169287,0.36434476603101795,0.19476802428131987,0
9.889722722882098,13.205322286227599,2.350141054313863,50.365857607093496,0.23023728383815123,15.055704059288335,2.284869000094829,0.18657943858925763,4.17416502416229,1
0.9644595288567117,2.7271158955074175,0.09216066837126259,37.964725492224055,0.03323171052117059,11.128440171232977,0.31072663560399294,0.4635777705347502,0.5523142224725668,0
1.0630654745327468,3.171470751557879,-0.18333034348578015,49.358160950868125,-0.07876239339704143,10.632805537285149,0.6344085802720487,0.1877718997304662,0.7560892197186229,0
1.7155769087078387,2.9101369077017,-0.060225915018409105,45.46458132069945,0.041971673994885224,12.822070054952148,0.6455593420527825,0.5128035083355763,0.849050884187919,0
1.169666140941258,3.1599305276265928,0.07564187583799258,31.541216611691052,-0.019652261286331747,12.493836606788783,0.3688425288232309,0.23712015177047413,0.3603959283927642,0
1.9404191777376385,3.1817848286181496,-0.2314564225688192,32.06455940657917,-0.06804319107633008,14.548674286548156,0.7925429083902596,0.34174833771903307,0.4367684075484722,0
1.7229717617329077,2.7187454784439873,-0.09669838884185446,39.12819091982533,-0.0015326710326321771,14.340792457574892,0.3640758834036011,0.27668624848629275,0.9015935502957492,0
2.1291221008092385,2.9222518361340803,0.1732140739612121,52.51823096801227,-0.06679413906522297,11.320430236826796,2.010734545155058,4.784379082242554,0.9554605389808628,3
0.5019766086652933,2.7349847526310507,-0.2256532062875307,45.5662596842425,0.05530609196092555,12.683442180540858,0.6143212644678462,0.1629806322795606,0.4568224435050146,0
0.6041943362237692,2.987616470973602,0.06396529356001318,38.362539579406324,-0.02775202364549765,14.853833819807658,0.920836574937382,0.4919635937798331,0.4758196311775701,0
2.9510920758903576,2.5467531864346555,0.2532362073350701,41.91972517975691,0.10415575542876916,15.65274573064431,4.306571425328648,7.834482100186924,0.731937442389973,3
1.4418154021216085,3.646319550570274,-0.17887083285581706,36.77315527276526,0.05718288616130689,12.977625494249187,4.280782832099475,6.7032789954901215,1.116265533299419,3
3.564452628226417,4.362324424646632,0.21293741132222058,73.08760569017352,1.2528996403180248,26.120583480096176,2.8233839315302087,0.43753069481020296,0.4972954365481734,2
0.5778674296190286,3.003917195444907,0.08633060259581453,36.22712900440504,-0.007260597007475458,11.306945814393055,0.8558036524981578,0.3643463547856569,0.7268195007892192,0
1.5685577571038705,3.2848969108895463,-0.059886064468779934,33.62919956958518,-0.03309693098313152,12.619017395309903,0.36051758605571615,0.20660424960251386,0.9625308450667205,0
1.3597210325583642,2.7598433463055456,-0.22169793955621375,40.23435589466678,-0.010691235134938717,11.49834602993391,0.6428389943802089,0.34310411250791084,0.672998196830356,0
1.5763388327051318,2.9090602395224314,0.09738497701769168,45.11974836360717,-0.09583131437468304,13.281034073144896,0.5141418989385317,0.3152348595983561,0.8582931451458096,0
0.7944678166590707,2.781367015665139,-0.2284094922280894,31.922107721448846,-0.0062181182652352295,12.13873090220194,0.6112942937618303,0.2756504516412909,0.8365190978936953,0
3.2295211540055657,3.667835836024014,0.19387076826176886,80.47055187574207,1.2806015522207186,22.060756749855777,4.804288163912682,0.19873599491045355,1.599815596400459,2
3.6060095275007784,2.996897840603449,0.38900227224597494,50.3368720059485,0.18105749532968823,12.222795379364474,2.584439057022578,3.8145802427071724,0.7209017479750102,3
2.051062344248387,2.4708395832490013,0.18691953475386158,46.7718692996119,-0.061789189806539746,15.653709094496163,1.947026688347602,7.864075667426145,0.7757499013923222,3
3.3919907763084587,3.24787540306052,-0.19167454903526832,47.392702318540614,0.1675750977876402,17.797152044926616,2.30905761417781,9.134314248788867,1.3201701202060272,3
0.6459038489967762,2.9285192011708467,0.24034305463504804,35.8096460418121,-0.0700084155741692,13.738836920987135,0.24943676815511173,0.23221357158572073,0.815568535633387,0
3.283441631035661,2.823785332699516,0.2736353352956904,44.500956089592265,0.15910816681969864,13.758630048985559,2.189515809683602,9.854018785633944,1.0756023077490555,3
0.9334564745505429,2.5528007732654636,-0.15373154886222948,44.979399026838955,0.03520939798356026,11.003948561598465,0.1720936468650749,0.1939491503428432,0.5420307078371701,0
1.8516195936754773,3.5614214507794757,-0.06542720628242803,33.67483334998812,-0.03399206053821432,12.245295204540943,0.9227807598692026,0.19235695708430048,0.6870115229141973,0
2.2895814523949847,3.344551423525625,0.48989756501857434,88.17417026357779,0.8932873219036317,19.720446429261166,3.25724832204707,0.3828314339870724,1.2349824862204815,2
8.597954149046272,14.768802326473324,2.1765232137127333,59.93632328314215,0.2516483072448884,20.059204848129554,2.5086144003287925,0.14516521005077676,6.479725941393259,1
5.0976612139031605,8.021460398613467,2.9435123833130774,62.25731799979474,0.14961249213964534,16.778423543943255,3.2273839884091684,0.5811258320353828,3.735883376815747,1
1.2398139145355014,2.8607459356140224,0.16658694549352604,43.45396918915043,0.07552120682456422,14.240277932243012,0.9653466319525896,0.49424973912131115,0.6552937953875659,0
5.4373260184167815,13.853411532171181,2.347965407240486,59.02843499202412,0.22916591355845467,20.882668789506823,2.1698923480955967,0.33985728960303196,3.163521647018795,1
1.5822152205584945,2.702026552009374,-0.09706998901587363,39.041719174406175,-0.03877742714752992,12.950412163868657,0.45061302279690285,0.16678047447783242,0.8754335163188351,0
1.8403970540807502,3.367380854521185,-0.05106517087103298,38.92256119742394,0.057417365370731506,12.680523314854915,0.46620675737518524,0.27888990474346237,0.9917126387131671,0
1.8209462982193818,3.073309697851432,0.19089320961556175,32.12583652878717,-0.0705805839279337,13.054306321638999,0.8441483992874657,0.20985943214084737,0.2722436593096865,0
1.3276027473563592,2.8365174920112852,0.034266903548292434,40.66043931809511,-0.1086874457946227,10.63160667450273,0.3475070049671755,0.2605050185151592,0.9620620555571686,0
4.279270606878785,3.3305273904705586,0.1031622500014832,89.54852677361335,1.0027960068969026,26.4610035432899,5.526225037376296,0.47413908402253097,0.5316620026093725,2
1.7803463918742233,3.4233358587133407,-0.009797091470943896,39.94491799447199,-0.0003367666508235051,11.937055155230555,0.7043425688410263,0.4473348452905297,0.7232448334201259,0
1.0190938254144217,2.823262830944991,0.30825754805195993,47.691061828946545,-0.05893031156044703,12.212131296401951,0.8943026149627292,0.34535024082272586,0.31437260237926784,0
1.1710031347404999,2.9042546366485644,0.15564149364639324,46.494246145341606,0.009206362754410469,11.884970274284818,0.12662708087296076,0.1041041838853031,0.3890781384920875,0
1.2071068333318358,3.4933426712265,-0.31513678479678114,44.239722334932274,-0.02632172217451287,11.06324962220895,0.15070864116611501,0.1256433308606212,0.2371133323864047,0
0.8909580136746016,2.7730816858501552,-0.15052281266091144,50.091095940863134,-0.06784460966925562,11.687711182393356,0.9975630516845811,0.4013057721932419,0.9497287959637494,0
1.4009480595817265,3.257066100109567,0.030007670880261073,42.84990631521255,0.043908473500732535,10.09139719088625,0.12624830718530006,0.3003200400994344,0.6148222729344434,0
2.6884217883576653,3.083085072279997,0.3518129448150194,39.034591265608974,0.006555551518067796,11.504774445064163,2.6418985866881144,8.198808497698577,1.102044500161565,3
1.9115291846993978,2.7101049907191705,0.13720200642858696,39.81849933038551,0.057192493201612495,14.06361932317767,0.16507967900022025,0.2691376802386903,0.23528467778349138,0
0.6349781859591125,2.922631835294056,0.303860801356571,50.49046129570857,0.07067125308958946,9.750078593574372,0.5147239532775753,0.12128787702085815,0.6242925197057663,0
1.260436172187299,2.850588861996862,-0.2303277656452732,35.62482608730646,-0.10417176603828317,13.123280066637493,0.670179584214213,0.10714942773402462,0.334588568707714,0
1.5206310345193885,3.1109695438817764,0.15465876157500563,37.466939610791925,0.029204020413635356,11.826195172596858,0.4258263752471578,0.337364600276939,0.8760505853049687,0
0.8436659662204407,2.835636369878255,0.25141600590651225,31.087045994197336,-0.028571445848458017,12.02995025584534,0.6839188213983931,0.48287615618554086,0.47522543138207235,0
2.7228949831718863,3.496200235454606,0.32889876618191016,45.50663094096306,0.008201031891007068,11.201254116754262,3.655188720198183,8.855324143455992,1.3325279007638735,3
1.9902929673689902,2.810867815561852,0.21702282811575127,35.49370624652929,0.10161015243193293,11.961799275608024,0.2506861936726148,0.15227651453141847,0.37336636946935625,0
1.5875655504391546,2.9504879463945115,0.03993162354753646,32.83714902625722,0.02959295198786188,11.256846703116604,0.24133804922941315,0.4818149666132428,1.021114126738096,0
5.416292057400625,11.120190082200416,2.1892177051798805,62.76112413781639,0.19213554935849028,20.090351647365303,3.5878597011427136,0.20141958274500868,4.124766329852757,1
0.7089957126757243,3.2989263844527392,-0.2159537038282569,43.856183919805886,-0.034210035637876494,14.605647479672795,0.8431376557946249,0.4881246983010243,0.5671999207881142,0
2.112580960385517,4.0090307107115235,-0.1130246993716128,36.414468115155564,-0.019161659957982295,16.93500472024125,4.403533162587496,10.032940986059243,0.6439220380274782,3
0.9846371182101042,3.347228182168456,-0.06195247555722836,42.011482733925504,0.050101195784009275,10.602192673351128,0.5324950698237987,0.25120449324595545,0.6692944460942417,0
1.5424634363905387,2.799553290432777,0.19545580099632395,48.380768166692846,-0.07015640962978231,12.295979030352777,0.5390984517252201,0.23193830951388136,0.603424791525526,0
1.5723177796649954,2.7200154941871033,-0.20601213566401633,42.98128807670984,0.012676516829860414,12.090691820261949,0.2554015794824994,0.1275747605727793,0.5766643222649177,0
0.9441969922738357,2.4278456667370274,-0.17739021478008823,45.74995135424014,0.09705900890624852,12.56847587497826,0.2773428192338794,0.15655283516724466,0.9586797472220384,0
1.148907407678466,2.875389493760356,0.12397541024833589,43.347551275953755,0.10034169992486776,15.01261018341919,0.8737979361656856,0.4844515403851553,0.7184384468903537,0
1.5231298070128467,2.7839697142566076,0.2582036793070522,38.15150513834161,0.03632773341271837,13.418117911454654,0.17971214557835283,0.33132624066065264,0.7535127965068265,0
1.6567210634778058,2.8706305661175846,-0.0017142587856266113,49.47958772269301,0.10114055643809229,10.036144790564755,0.9197584294522406,0.40155505591344864,0.48268004287909144,0
1.7025628022808643,3.1054315122654708,-0.126474021457589,37.45760609664897,-0.020490052160923637,9.841720908272283,0.7130367408845043,0.3539799180694928,0.403770545165597,0
1.5159152017625808,2.8823761007584827,0.2883761699344498,41.659875199476616,0.0463607322878657,14.585881915555747,0.4509435311320297,0.474151120278703,0.7287182628098853,0
1.397256091928672,3.442309319486304,-0.3932006641363966,46.88456760750319,0.1399873291190873,17.082925335473618,4.068359541694409,6.296074918995726,0.4463061860102624,3
1.0755499204134522,3.2896845903062686,-0.23676527367531766,55.439088319719716,0.055163214751396156,14.239316767121412,0.797033854401273,0.26196744374282865,0.34645916614383493,0
1.0188437312492031,2.883422265690555,0.2110281862937416,33.9364432712984,0.02499475472219717,13.35105350189395,0.6798289584926688,0.3510819754809067,0.8863464792650962,0
3.1797969563514106,4.4587382667593065,0.27740688032787825,98.5618775885428,1.1152510429072653,28.84366466295478,5.246720046806788,0.505044268320861,1.1890820715639294,2
1.0121227675651026,2.9306196528677204,0.23087996051080265,45.81842342522078,-0.05455792935004853,11.76109478890959,0.2995321932885138,0.31499433085721124,0.19106726923059897,0
8.046431972643887,14.498070936813471,2.5671762668539535,51.25924384089828,0.05870363723306958,16.926063603260303,3.9200405252868986,0.5178863410051463,4.929826337630019,1
1.5474483682767914,3.093328213697641,0.06532867223346168,46.61998489063167,-0.06618699882977667,13.755528842279231,0.23757341788531938,0.30452347906166777,0.6611955768404576,0
0.9107435353457767,2.8726965290104918,-0.2272829623304472,36.40520182600402,-0.06790844076796979,13.816253789105863,0.372925623819898,0.34944836241273103,0.830148896868964,0
2.331582565731171,3.533368744833077,0.08496062492665347,98.806392157327,1.7784204142938078,28.869343420167176,5.111281646111206,0.12122119357370219,1.1774030494933037,2
1.7984714167228404,2.946053967330262,-0.14863293665934715,31.665182468792114,-0.06652838721461822,13.487018643924888,0.3147874572950979,0.19327991413497883,0.8111158540032966,0
0.8843445839179227,3.177107702598422,-0.15246154077129317,37.33981332281304,0.04394037427174626,11.019114102553493,0.4885401579874513,0.21278359502788327,0.20296711329270595,0
0.5735514798728872,3.0319887438539976,0.1908647025036665,37.143938170376494,-0.04546534259506102,10.91595891276299,0.2555278501855817,0.35099383493969794,0.7144385465221395,0
0.7051953130678595,3.305368930652389,-0.06117031588762127,30.071097036858813,0.07404680839297921,13.927928949829823,0.5158615200845568,0.3827539026682515,0.7371608853700854,0
2.11548614148667,4.616642507087118,0.07691671642543145,93.49336730363328,1.8909047163252428,25.39655167129426,7.817851747014708,0.10784929808637783,0.5882310694276746,2
1.042795627355844,3.0615823440999717,-0.28052312905569127,32.874100777552684,0.037554984826651774,13.775951093045864,0.8413792520218593,0.2510430178566019,0.3657343618281809,0
7.0515168845557294,14.190498051688026,2.403222222859628,57.77313103252936,0.14408197258457922,17.59034560983592,3.623010528933261,0.2693525702863232,3.6657375902454605,1
0.6437767256629028,2.5521421561955746,-0.2100863184610559,30.648886303173335,-0.08181432561265783,13.230577377963982,0.7526055745536767,0.09502947585572911,0.7162041382901437,0
12.872043629535003,12.719059900435902,1.9076976766870528,56.81643025265576,0.16746025466940204,15.019430346205043,2.250117964896171,0.6043684628180053,4.186568389828909,1
1.388322569596142,3.0961911746154227,-0.02556028757638065,37.16779759675626,0.09589703769242831,14.235771958125142,0.8495431502982524,0.44071873570953995,0.6023595715605704,0
0.8471814200451929,2.433221316488049,-0.24658758919739393,42.87009305655342,-0.03860550365275224,17.01396885542144,0.7404133529674887,0.26497150126055413,0.4111986752620067,0
1.5604742990303078,2.8842288041333597,0.045962058801657615,40.87356888053326,-0.019823547437167334,13.628377144672367,0.22159365367018743,0.332015257498641,1.0251284248653678,0
1.2859653549596928,3.016519327294384,0.16099577409716487,38.00700060524147,-0.013109656098368687,10.871575563748271,0.7014294714149405,0.29948315634986644,0.34373117125700037,0
11.036686888561567,6.600626248753786,3.1490201133213196,58.88868141103143,0.15810141385936125,19.266763080060265,4.27778009812131,0.5388197475694861,7.374825445324621,1
0.6595030499245095,2.620287124980802,-0.12158947445388785,42.00703810602919,-0.03156383329836387,14.449431695918145,0.9940576010233835,0.10694665517893948,0.21627236471682007,0
1.91738194628199,2.5778305488748323,0.07231397081783714,42.86254559672918,-0.0952724781581593,14.054012304745061,0.1700515248447408,0.19081130587182163,0.6386446765573276,0
1.3498698119747032,3.6334040401389895,0.10569906571260393,38.103110524282364,0.07269019972363482,14.441971058557202,0.10716311481302072,0.193556065565135,0.20950157202262706,0
10.238941797844337,13.124610022653036,2.412919287105043,64.19227539372066,0.17193799672825325,17.99585569578113,2.5100735414463853,0.48490402048382075,3.922585390200804,1
1.8010526898496126,2.4206699523375375,-0.27122757494783434,45.75035329667871,-0.028672501584480096,14.376717373946123,0.20790144130931953,0.36525948494686594,0.5706828016894249,0
1.2003178148877551,3.2157614651026387,0.11404559402995335,42.056213630367296,0.0020405722838474152,10.33963840408312,0.6304866377820316,0.3035499379357525,0.4347770134805929,0
2.544754744608784,4.823269636254107,0.08303683317180532,73.68329735726954,0.5890950879164227,31.868958858973087,5.466727497485643,0.1513281246559501,1.1230264625952144,2
0.9101927390878528,3.270951292947924,-0.17774691371650655,44.87669686830413,0.07193851801945361,13.282788280535414,0.8465262218850186,0.2666220771311582,0.8616851266281558,0
1.9180586985662207,3.383734820455812,0.23255970287605596,51.12531696600655,0.019796226872264046,14.06231812318797,5.039500495257604,7.209426631290941,0.32472339816573437,3
1.0835538562293003,3.92827630455992,0.19656551860761062,46.25003872334603,-0.04618101898833416,11.186746168462873,0.4243340738613017,0.22264710339863325,0.7194400068018924,0
3.53029721242088,3.8218430682426665,0.43836005032979963,103.05925385954292,1.375249209472675,25.068622778898042,5.277204887984984,0.3885553077483661,1.3504315877016846,2
9.337285708761716,12.910423698570161,2.8475683420286946,46.76302348684271,0.2527420279118341,16.94326710086576,2.9652075075857804,0.41603559373847476,4.5080578123782615,1
0.491886170135259,3.2815718156590292,-0.06155535831833769,40.08087062933404,0.053849118793471804,11.458610991826804,0.10282856973285964,0.12425008610287554,0.9302053201142674,0
2.767034184559798,3.0200220382664975,-0.2649082827679818,51.24301941277546,-0.053102986790506596,12.260183363401325,4.218690050387868,9.300333189299453,0.7637221298935573,3
2.4003552367126204,3.7223381804711617,0.40432269367708934,83.24542685495626,0.7476059609510498,31.58323342848309,3.6835985359674304,0.4518161625115522,1.8474962271927096,2
1.7537663936444958,3.4314366620741525,-0.22618841817828877,44.949157170675015,-0.09035544200930563,11.85520245043663,0.7844888122950435,0.3257688399408672,0.3804048744222424,0
1.156346541767037,3.2108892524916235,0.01636971445579029,45.23960527064639,0.0580391015669834,13.337714539389351,0.4441232831651684,0.16155099673554976,0.7029324647021238,0
1.5626092495721684,3.2035679516747124,-0.21391172119967175,46.64773174655954,-0.015448163483402786,11.917361828351284,0.7108110042547262,0.2501892716015436,0.7875839270080104,0
1.3078857459266633,2.627824637217007,0.07669220140724665,47.3786742756739,0.105960905448561,9.927310744886286,0.4609746163821064,0.286582757970604,0.6480746039013265,0
1.5547418819009289,3.4637131896930646,0.16715409557943017,36.073809586384385,0.0063619833743725615,12.931199930253262,0.2988111479857404,0.41325122989881297,0.763998045354158,0
1.6205643866927077,2.7781548384926795,-0.15090718725213303,36.78743208622743,-0.026087943522261414,10.630886181490776,0.2676426698367383,0.4277310080445947,0.8816208103084672,0
9.396182151109107,5.759417442340772,1.6426796786313207,53.420669877029546,0.08503390934230272,20.29698445296388,3.2405478174448024,0.2523409087697096,5.611233545346343,1
2.9431660228348484,4.640706590897146,0.15797227896213273,110.78572956096973,1.3047613340232158,25.89029964502469,5.37903045611959,0.34284238132413625,1.7608672841237736,2
1.4945904821543796,2.799490761778508,-0.059962941814879565,37.17512043286303,0.0912253006404616,13.5965019802782,0.16453181599115504,0.1483550252541801,0.35913940984985954,0
1.1924248547865657,2.8336341756623606,0.08902907323180405,36.660909255002956,-0.04886997744970398,13.44430455011004,0.8024366683912155,0.4823349266701993,0.7812853160571362,0
2.9555961804847004,3.413069713607419,0.32057251677523546,40.33546413792388,-0.035767910377279874,14.01703374544327,2.4196501568812185,7.086583696489488,0.9066304808686672,3
1.2676604931974957,2.737529564288159,0.19930793696119606,33.34229899200233,0.05611395409947928,10.604622660402837,0.40283426494310337,0.4714341482947784,0.3475914934345552,0
1.3541774841941085,2.788878468144126,-0.08187389318210823,31.327507949892627,0.003299050837913544,11.544732146415761,0.4051513202783433,0.2630390827311999,0.9389527104148435,0
8.381559632338234,12.389344064876536,1.8185310919826678,55.99917981745797,0.10839094931870612,16.531342070911087,2.3141198039446236,0.5547226165236845,6.950004351984139,1
3.8844782412510845,3.058401234259882,0.12584949893726266,83.23483688848822,0.7269060401509375,28.442114841121192,6.25831039975497,0.482769144196854,0.579411797069668,2
2.2779553147621763,3.2342316301471605,0.4500317981064305,40.909124883179615,0.09626494866723206,15.401210734295463,2.335138241075182,4.260782793624532,0.650418820848147,3
1.398094835487191,2.956128998556365,-0.09936302848569953,38.02907771119117,0.047353066449897424,14.813079907411963,0.1025505954102605,0.29864350714535093,0.6144667844439207,0
1.875141042836972,3.3812470735900937,0.003512798050086463,46.1674586536033,-0.003237995960682119,12.924037166507112,0.8194034658720161,0.20614458030303529,0.8350922425134651,0
1.7429632834484785,3.453112555851465,-0.15320474862523048,35.32194049458805,-0.02180293159235951,12.348609531062232,0.3208886589594938,0.27389910377122384,0.2484266873660328,0
3.8763430918051225,4.395210146352086,0.46092820919756533,80.62242526371702,1.7499195753972259,25.785082052929692,5.458143475046762,0.2067993426542074,1.007448145587281,2
3.608121572156209,4.017699603983516,-0.20163439634083857,45.920530256827874,0.13771566233214205,14.685775792356216,2.4659630885782517,8.258337889623691,0.5010159347776414,3
2.6520622915737024,5.283394088347217,0.22402710958205013,82.72072693941392,1.0241479207915691,30.639573533970587,6.028119219837245,0.446079857349899,1.4558841575549888,2
1.0968260774762895,3.686494899137865,0.14007714890074427,46.45330550257777,0.062411944220407724,13.919739013006184,4.606188244133942,5.434989849790778,0.35832079403399747,3
6.770831149137971,5.565553713340642,1.7568377398094317,49.260923744089474,0.20032747383015095,18.283228153872976,3.892966544477973,0.19069166510588698,3.217265631148265,1
2.0078339701849948,2.6830137141449524,-0.24274503329916328,31.482917013407974,0.08122324743836956,14.119175853260247,0.14916205955728534,0.37585348157360277,0.1970292349587869,0
1.5475529297605757,3.3716872470747616,-0.19427772858369724,34.303193901504635,-0.09753985255316494,14.91780031993188,0.7188943638633876,0.19980151759991474,0.6006204830342474,0
2.253922972274767,3.2987378035296806,-0.2425616190114536,42.34773651036968,0.17873260247754783,13.172401208900256,4.096862889044842,4.295422234018527,1.187950143713836,3
11.62819273851783,15.029278546761793,2.5759087661889595,50.26714971185839,0.19136076265045568,14.868508881684306,2.9220131021887665,0.3875267142158652,4.49743089256247,1
0.5715087007041202,3.036199990177324,-0.05327873269782617,47.08671876250531,-0.06676352830091331,13.524548234064659,0.8869703672375056,0.13871365548792985,0.5768288490145482,0
6.210702357495085,11.937467820802267,2.973214945896534,63.800496208189024,0.10783565356576008,16.523376727148168,4.09492058937142,0.1191714647165869,6.48067809052899,1
9.578401674770339,13.435177399346344,3.013766358513394,54.328491707716594,0.10507468086162937,17.482447645076746,2.4552052708523218,0.2575438142570488,7.260581138575731,1
3.2445564689296167,3.448310971647031,0.37183798605516016,44.916818744722036,-0.07792609965245965,15.95075110395411,4.918789640986908,8.068130105132896,1.514248390194486,3
0.7360585161371248,3.5212137437194313,-0.2926361379780945,45.86575457335289,0.02518211306590907,14.517619664571411,0.37495084919390975,0.46254175652995344,0.5914106731989076,0
1.4833843358829504,4.13677057123721,-0.35202336080424573,43.498353631904784,0.07851153306037709,16.39407555786638,4.823049276183994,8.940017156102027,1.0625867934281212,3
3.8478031306987566,4.548622355999573,0.1728409893327628,116.05396792415785,1.3937750480491113,23.30230031786168,6.733070726937689,0.20265459977142597,1.4173323760719387,2
0.5778254226848059,2.5206521447614643,-0.01166927504804238,45.787346933851694,0.01696425427536295,13.364730840789054,0.43782352630987353,0.43333719421406014,0.6584597206813372,0
1.8531469880367408,2.8387755256384684,0.14456879316704713,39.461100488337955,0.08838349290845346,15.154511613836059,0.3499473256180325,0.4540107417966158,0.4354914776302615,0
0.729815321357221,2.545826984577449,0.19899177714175653,44.82355097909093,0.024234770529469537,10.83117920735676,0.7136851951627721,0.10385416153095153,0.9184274576594814,0
1.960812575314854,2.5602852922008825,0.2832002523270279,35.5366856706474,0.19276100237835012,15.495035792671926,2.0728269667765655,10.641999344240935,0.4182597263997171,3
4.534747122037311,4.59221670092057,0.27806278590622785,85.13444976234132,1.2753531567948004,30.971876067139434,3.108846858129297,0.11666228768392217,1.619669394525933,2
10.89270506513315,7.3660696394204495,2.0128070639110365,47.73100567356841,0.15853955180460996,15.76307650031993,1.8317434792552951,0.2913864724988847,6.8010839897743205,1
1.2709972249380828,3.49428871155059,-0.40466916151802734,38.76182633334933,-0.06021583876900607,12.155705079976745,4.281601661412108,6.811548896850188,0.49174833071359575,3
1.520564823900479,2.9399286594391634,-0.14025292798828007,33.12232237449467,0.10084541149344381,11.054783935503607,0.15978100486907262,0.4218197532534106,0.6966997085309249,0
4.229415347631557,3.035582290369355,0.317865020936968,116.71080742662122,1.8720234697611224,29.847782569054,7.015254126067008,0.13494877233464883,1.3235266035252184,2
0.9546150769184578,3.166267341914318,0.2948435004714354,47.303060749693934,-0.014572591170214975,12.170495699457856,0.13172022669304206,0.5178752178719694,0.4889413495046627,0
10.05908817387608,10.038266093847872,3.6762508123831017,60.273850681613034,0.12189493557084818,14.214658301051966,3.53040280401924,0.5144158497947557,3.9815961069950583,1
2.978382710544147,3.3178834818668537,-0.29767356803571093,51.377653333644126,0.19119340297031062,15.566412868487557,3.619598923089162,4.280407650735085,0.6852390635886122,3
7.4035140389942296,8.527745199011317,1.457154701190225,57.55165418422922,0.1431241419602923,16.73075620964613,3.4350146037396545,0.23413978268799546,6.790540205785807,1
1.057197593681639,3.192728145917641,-0.03037557026236925,42.686390858413894,0.012765459742403788,10.253301820638095,0.3931907780064784,0.48130435543072214,0.3969456713528352,0
1.1108955509838365,2.549246832418185,-0.1218649540782015,51.774416441022545,0.0058526842292583765,14.379878248057075,0.43101506747909557,0.13036991353324204,0.6979860175039025,0
1.094905135115397,3.1399282267950044,0.273032118910152,49.655062133972706,-0.05481501558559148,14.580952419402383,0.24645455563276747,0.19854606793172028,0.3975921207368201,0
0.5575302937663266,3.203865222498291,-0.29180857352046946,40.05350027275694,0.004004081665192283,13.895823293139548,0.33170646586705954,0.157338563083051,0.7248217756232019,0
1.6215582668729207,2.5548167287523804,0.2688994213409192,43.52753136844987,0.03577616454279938,13.22795331365919,0.7345427750929654,0.2444109019922167,0.581524558141423,0
1.0097183534644019,3.150205977849461,-0.1580914579599273,44.76036750587367,0.039636818677655054,14.08839303301456,0.18739203686307038,0.3340077987778746,0.739245590280138,0
1.452139500705445,3.44710191603039,0.16536107781308054,47.05579424156136,-0.07931022789196426,12.680791526972104,0.7910286506792444,0.26038100611565645,0.7216697811928815,0
1.2287635912794697,3.3324256858984795,0.17665184343932022,38.24378271624919,0.016302697047137982,14.087399393793518,0.20136581743884588,0.4436249029124991,0.6458107208801908,0
1.5254398054423934,3.0605351951947855,0.26038039567045546,29.83372002750928,-0.0500643975813286,10.914620731392223,0.13349398593232012,0.16414059996347044,0.35446590273055084,0
1.619224836799784,3.2601390524791762,0.13099501698339405,44.49764193249929,-0.08856999250459582,13.380257622055181,0.558810622860387,0.30703110084542184,0.5125218616472204,0
0.6114410336394006,2.953246757757845,0.05183112615480958,37.901581475728044,-0.015478961506053022,14.127967782400932,0.3863445042071799,0.22701363176901218,0.4735354228473331,0
12.176787715436893,10.076119448461252,2.5189378958587474,43.47229107961227,0.1741643710506059,14.301029191952455,2.372107094265353,0.39639717201582764,3.6102176111510724,1
1.2920277286432857,2.6455656170422417,-0.15769486775804065,33.115101450461616,-0.026272434575577153,14.723671485796974,0.7734913169618365,0.28887116867401924,0.8263626264975286,0
1.1133857855489342,2.9338721013073044,0.13443540642954582,36.085656180613505,-0.01842110631715457,11.012978577061416,0.8136579362193108,0.46845381366650507,0.6423262350022965,0
1.1462497334950272,2.6691706252500653,-0.2168274051332129,42.083908539381476,0.06466999920976269,12.366987485741936,0.746725167249119,0.37725226353840835,0.2903487112397832,0
1.639965823375071,3.6269908031322693,0.13088553348952225,32.61969539212077,0.03706319998252408,10.92620913519912,0.7502748983030957,0.36006606283184084,0.4744329483059791,0
1.24676275894589,2.9302812835960976,-0.15639602060036262,44.10613465712328,-0.038511492507743716,15.127118255459544,0.28636023126706006,0.38823305514677064,0.7945594904098222,0
5.6044747921798415,12.964068737068356,2.3576246456537646,60.456791930819506,0.13815198906333867,15.602415765906613,4.025179490451434,0.41743374251192433,3.9484211793189155,1
12.529355617168983,12.1111100624811,1.673714491642099,46.87599376594813,0.27371997874997256,15.074811986448992,3.406406934801342,0.43813593937817563,4.606353123319671,1
7.561380342720193,7.114342980165817,3.4004697558101804,49.87931485005549,0.12193687505480588,16.715733677409542,2.4882812608496025,0.51658215923252,6.720111030644415,1
7.1030700020082955,10.85500067898317,1.8346638392924106,49.22269267731273,0.057875686182526434,17.064654059209833,4.097717764189723,0.5367319515424749,4.942793330641175,1
8.639116232110668,6.962653016713593,2.1672931092620655,62.27695024902031,0.28576433088363173,17.58014193920852,1.9360476623423215,0.35912701284553383,7.545774960870057,1
7.816097906970151,13.922761661615516,2.848423288775748,53.94172545790235,0.2325268346161491,17.339543381490095,2.272589080653277,0.19183561784374736,8.157119983451972,1
1.2386840638504815,3.082702556994615,0.20543545720234346,47.143821629929846,-0.015276922407990274,9.975048841046526,0.6079356876359323,0.14207594470603047,0.8175995838630119,0
1.6587947160192895,3.7748524077330026,-0.28055462991948404,39.77119839064525,0.13886334828104982,12.848029336231985,3.504658475143039,8.687593468529984,1.2626702407352368,3
6.101374518372297,11.151708267950944,3.094913240553482,50.63590746431486,0.19879847163957293,13.503708955292328,3.1355126969253697,0.4061429823000421,6.900423779032898,1
0.6228305430883863,2.492372585325032,0.14698633407197031,34.421686566247104,-0.010348538942377439,14.44034541737258,1.013967162390444,0.26264743935114554,0.9227969582337406,0
0.9885653519322966,2.9465963208726462,-0.07974839920451614,38.890407960892,-0.062008157409839185,13.176804476600662,0.40466270164290863,0.2908367906493172,0.7405364881352509,0
1.8054791153675551,2.5689275909799862,0.29998651112370417,48.98174532061238,0.08508692334662567,15.182552522932145,0.4673095457636629,0.2644073418310803,0.9534845571512843,0
1.6040030861940309,3.5632684916178463,0.3043444443629721,34.71815063805698,0.02922361475631183,11.769154635371226,0.8280174554179255,0.13332115470418737,0.5625448629848666,0
0.5778656965196072,3.413077297026111,0.0014798926098261115,35.51672798379358,-0.06984397600952254,12.49227164521488,0.6622301712778701,0.4042596639734479,0.39570521841290524,0
1.568042466136422,3.4380527863810157,0.1469322115179098,33.865910649032536,0.007529521034355865,13.544493548433136,0.15067423265317823,0.3508752232067752,0.7455153507232579,0
2.1634421920126976,3.928934616382194,0.41896417126502894,37.97170859331848,-0.0956344187762823,13.600701293134872,3.695025246002124,9.464419431427187,0.2948944573375362,3
1.2248459030741556,2.9020560442240004,0.14398843862341698,43.15815890066415,-0.057122856354025205,11.3475641150798,0.7966868306544896,0.2866937997877688,0.7883130576212243,0
0.48998602521408335,3.1023898433736354,-0.2588827444846309,48.25806776680339,-0.02653960909056824,14.116527965558838,0.43353578652371627,0.1560002205994209,0.6581376832656415,0
5.307611685548164,14.3244795288962,1.8530820007658153,53.056496135389665,0.182900744571934,17.282722578044574,3.3003976248874665,0.4665934682090693,7.556577772632287,1
1.8219039640725625,2.7156848275278707,0.0671007564184405,41.09185746372924,-0.0011091950190265287,11.510266112097048,0.6149338310342386,0.32463917381711266,0.9417263975922847,0
1.7935451424038757,2.6498039374862454,0.09801332182322806,44.93249433400174,0.0679851900439038,12.710507200665907,0.5601117079593566,0.12123728009813332,0.4236166480889491,0
3.370404307288301,4.303845740878402,0.4147617543788097,102.17615310270266,0.9922376938394726,37.03896290426854,4.569347321550723,0.1614795817329629,1.9464276893937082,2
0.6118573034393304,3.087531765399247,0.027356196008886807,30.870646006826075,0.0915007035037018,14.776099973075754,0.5367649869982579,0.39324833350582244,0.22725541176478192,0
11.080704845527837,9.243662430851511,1.5579562160603082,51.8141254775619,0.18130638466390084,18.079304943545278,2.438796479137675,0.4713715431228136,5.606187940874665,1
1.8696675506010025,2.4294668087696465,0.2596159572120179,29.442286242294987,-0.003538786073202647,9.207559517496268,0.14664479044761228,0.3222948768253895,0.40249120814034856,0
0.8624464906204441,3.1292028251692603,0.12290663656996988,48.24979760602571,0.09660638201301958,13.631185956863467,0.7166131679826137,0.3807392742165198,0.29708474976768023,0
1.764536767665862,2.89944397416951,-0.26965154415415343,53.813458546867196,-0.05475911880665377,15.428975105934178,0.1565755101768369,0.3830731469504784,0.32652807673219647,0
1.7773853383029732,3.3855411078958815,0.009614905299415282,38.836012827918594,0.08438114276446972,12.130695438972518,0.5589892653104813,0.16289098448517614,0.45673189962411415,0
2.110857123557176,2.7127388667239667,-0.23012790527419338,30.154370084087294,-0.037006487756028314,10.307394590284321,0.7241115627458223,0.3127298052251929,0.9048152982954213,0
0.6383757752368335,3.5189957273497976,-0.1683673635215483,32.00803643205936,-0.017154954893476754,10.891766129781113,0.4747049684023777,0.30149136730755066,0.561117456153751,0
0.7054370283410416,2.590421431783269,0.06608450800146776,45.58862463448248,0.048182145087469395,13.638582280790127,0.2840747868199376,0.27634718956413634,0.5195810716083922,0
0.5367597931250815,2.562074212219156,0.1287814328298102,31.393518248666275,-0.05948843144963946,12.343270535414632,0.29632218946548083,0.26369418515453785,0.5198551312993345,0
1.2674508328962428,2.9814521357933876,0.027685994066327765,32.46500223370201,0.08729079690264899,10.0243216844992,0.9752885161864208,0.24803067793404068,0.4309557106279701,0
1.9791055931093204,2.8535324267667774,0.3547868531143492,39.789886665738045,0.14662875397001934,12.350119370264768,2.8224811208017564,4.307747328638102,0.5966408741714119,3
1.6577121168267979,3.0113456381964236,-0.24932199731835855,41.256828410558526,0.12288502987656946,16.39811006226403,2.0448519787229618,5.931914235123367,0.5705242153262489,3
0.7330742498140458,2.6215814032126237,-0.16163605909083442,43.218358399252494,0.089627457423316,10.39386533140994,0.18952878193201483,0.31812763180956866,0.8142535571581089,0
1.5004030316813968,3.245615289521667,-0.20795571502753757,39.62795496473293,-0.006551101889642207,13.817618666270215,0.392494001546042,0.4222158600619215,1.1353363615111411,0
1.142731526316006,3.0497280280735244,-0.07365291229658535,40.48468108137262,-0.06674477714737435,10.309262248235955,0.7169029250841422,0.21674550770596668,0.43421956401715445,0
1.13254912513277,2.9466292937460117,0.22274718144634392,50.56535424938216,0.01931322678474863,10.828914763845326,0.3626017800471364,0.22282620055374172,0.5001683385359285,0
0.6127278212598865,2.8789177483606907,0.05119456719461438,40.98072160341642,0.02792342095927428,10.881229146575887,0.39319117840304374,0.3009405836854645,0.6603863348159947,0
1.3010965597094004,2.8358195406445206,-0.09237710185656642,34.971925929993276,0.06616344138082374,14.639724221764274,0.7764953107207951,0.30571516613729804,0.7252059478359206,0
1.2295822431212569,3.349788907634409,0.12580291152700018,32.50603999581676,0.01845784331717014,12.38908713945719,0.5928422545385529,0.14216797361182162,0.9895181869487664,0
4.298614596411491,3.999150974028208,0.5192209442566417,79.78064163800767,1.7259961683280949,23.04760964817669,5.743133257454097,0.2891243916128412,1.3332443352603771,2
4.543075706934833,4.01214488623456,0.13893790683277396,76.37074820001324,0.706539145731322,25.0232642134131,4.211881499110138,0.311209743311156,1.8721984117666555,2
1.6363827314457933,3.363780989927132,0.17217397411502025,35.37754224412896,0.0489057638504859,9.98168998784927,0.6718941513454818,0.4107162794813364,0.6317138424987387,0
4.731081889465872,3.945696803261467,0.19208000943734188,80.63200805730104,0.6301741445006505,32.13963945311918,5.333505985975517,0.34288922775942066,0.5797211700699804,2
3.0096408472699108,4.7620604828816635,0.17128708329823275,90.5881852123947,1.3987798087937675,35.690462227550206,4.174637766683205,0.3089249261493984,1.4531967645508188,2
1.3082952507574903,2.5646341461180677,0.3077167472884513,38.431612214217346,0.05032847038158829,15.799185743695828,4.674222523323496,4.840254382474813,0.9599560467772679,3
7.686200395093893,8.148776852669995,2.465036881041718,62.49888508300403,0.1678015260749491,18.828595470958312,3.488654308829216,0.43620220992498226,5.695007448248583,1
0.9978786837893006,3.398652397764512,-0.12346528956702475,34.55566333769615,0.032319057882095645,14.294881748389443,0.17767498154710107,0.11147540642832864,0.6345505295912738,0
1.8132081671000049,2.856750812589724,0.2763890811073801,39.488593412699196,-0.06665606264826036,14.593366426590636,0.7658443619284359,0.2902033575149325,0.9089752211411922,0
6.040906939157378,11.255908714587331,3.462038549862908,57.7357232745907,0.05242973939687782,16.86489545856382,1.7474561311634658,0.437843031807266,6.258316246689444,1
1.3626139449822787,3.27320625567141,0.257963981006256,38.46744921163273,0.07904494086319774,12.976461687671543,0.703333150073084,0.49035306868201245,0.4554698897704641,0
2.0291471889097075,3.105173330149726,-0.19869786045282853,43.34787210458252,0.11417988252399028,13.348594294622588,5.07713431531132,4.2132060050700835,0.790551780327944,3
11.827169743000471,5.988042690340284,2.502298078309794,50.55483359064718,0.19364225260349352,18.307206045071347,2.6697974709286703,0.4658337047500203,7.892586042329213,1
1.4170086002670477,3.4361459840535824,0.23481540960966424,43.79664089967522,-0.0339108984837727,12.78063903619135,0.9983514759594184,0.3329030427108939,0.6392033758140923,0
1.2259144541389393,2.6574760301747347,0.06837961646842851,54.94716443532227,0.07830665206967738,15.301273519756347,4.291027565232956,9.11770453376365,0.8752316538573698,3
10.05651040066214,11.656213354813097,2.4722978284933115,47.201118255475016,0.2290496854142175,17.821178149726023,2.307877759954781,0.35526616708194186,7.366076939922671,1
1.3388715640169413,3.5739360513742056,-0.03461651843464225,46.49440079861731,0.02270103361717476,14.579875789187728,3.9073295803123247,4.675869059428847,1.2026970616707207,3
1.0602746694800873,3.0044957211974697,0.3034242261580152,34.2417400868009,-0.05716609085205581,11.706794962244794,0.9001124991245326,0.173958226854426,0.9265659221105927,0
1.19806654007583,3.6839830060057865,-0.21958873551661148,40.45757086424753,-0.047654960062327785,11.35620440944746,0.1563141994859714,0.42084550934482573,0.40692020013949237,0
0.5674359976769987,2.5972985117965126,-0.04055450169353749,43.719077631579424,-0.018052069038658143,10.921889633931004,0.2723622255646604,0.4379716777405813,0.2669131772507264,0
1.1783788278392018,3.1534327942343237,0.2047213790687886,44.32937924459374,-0.041347774331224135,9.933273487275555,0.4949723102674723,0.3968944514892868,0.5167201242761277,0
1.7829774687791358,2.9840908867646,-0.2531170160740468,37.307985453970154,0.09078830650835569,20.504536982698482,4.463747361458894,8.469885479940618,0.5071818815252704,3
1.3963531019366064,3.4236076327687526,-0.1936564076911687,47.82313941910078,-0.0770682844839812,13.228362698613063,0.9597772114648301,0.5389169413586489,0.47621168564569527,0
1.0039386621271904,3.277582519273076,0.07415727433099588,30.907109736523825,0.019034600293380013,13.960908623128976,0.6738732060579762,0.5121882607285767,0.4935242560718804,0
0.5739935690282535,3.2534684413743213,-0.271644386473816,31.936033064454207,0.06742195489781704,13.58167940320582,0.49909790643236485,0.397261817117169,0.21779115357505227,0
4.894269987228439,6.87325213944689,2.7735029437385794,48.06302793510463,0.29356303275274015,14.53813570369257,2.3033177382370966,0.39391795030538246,6.412128899661006,1
2.3727833720175004,4.034317348489172,0.4496411750474861,100.65637027471746,0.5242671135642671,21.16939379178282,3.4236474995862363,0.2896996348114955,1.8326813382808234,2
3.7413587353367843,4.154506920791891,0.08433535542758165,94.35277416932472,0.6532855540423649,30.61345327812399,7.167028272000868,0.3128611216080835,1.6086276895688303,2
1.1878889586392893,3.083584372886908,0.1595559527095572,48.86972438835399,0.06276740250240952,11.586360241600127,0.16832443608105918,0.47529410788111676,0.6748605707630216,0
1.9034530861190653,2.966856389484337,-0.26706045488585806,34.74496411874109,0.026717405646569527,11.571662767759786,0.19464774928836076,0.21480660120254322,0.97364572968811,0
1.5649394443149798,3.127091411366641,-0.08793794784506918,44.02777004378607,0.08836016065611466,9.77532239730904,0.11771951406740513,0.4053242216210452,0.3255268073814097,0
1.6063701192631805,3.312326608150605,0.035192212984862074,46.663392684552214,-0.04288347610698118,14.623219783520634,0.3169095513606397,0.12184997758599098,0.49927805139174813,0
1.4470480699214652,2.686427729561766,0.19804585368784816,50.91941813710996,-0.03884570454425731,11.786946703298996,0.8415855602770383,0.10643731164020113,0.2209163834636525,0
4.338398345000586,4.138465030477555,0.4361354851889642,103.50495274124698,1.5237213413682018,27.27894727223704,5.376451436347562,0.117632686436739,1.4674597601870023,2
1.6033163230345937,2.997783984179173,-0.226450829898527,37.425474296044754,0.0944268832478864,13.55161093843253,0.8786388389107954,0.5192031683353254,0.35089977718829396,0
0.8423534384584905,3.1070836625514233,-0.08895807786873959,48.5734714118293,0.0006864387236089662,12.277186054546378,0.1555001605138176,0.40066157486604037,0.8681777584703505,0
1.761767868809006,3.2551888286831754,0.21711183327325811,34.666909492526685,0.01666503849631786,15.714116230054984,0.32525800047368797,0.31218016292965517,0.4794944188935824,0
0.6049050622744302,3.237521087733015,-0.24660882835448297,46.11756432011765,0.005671864148399014,13.2947374684114,0.3533815615257346,0.2880279275364735,0.2130718270358013,0
1.231985313900135,2.6887549934619694,-0.1934473630352793,43.33958718074939,-0.05737170852460218,12.918201791935301,0.5299992933150296,0.41639284483507744,0.9169808284536656,0
9.73838106148853,10.217059388738118,1.8666300142113945,54.01270455029684,0.10886521190469649,14.741510446438028,3.7400178853146424,0.41964463794796086,5.349900040044011,1
9.185141964971828,8.240112459685074,4.043897049003689,50.17362160131099,0.1492155011984846,16.79503823633468,3.0465411622021894,0.5404472917009072,4.1567537348848465,1
2.6663225875791614,4.231693673781639,0.3705785897777403,102.86019691924398,0.6133720186418645,22.899283172744944,4.461766319071841,0.27398993985852044,1.7863326957065586,2
1.450988268538984,3.1886639200762286,0.05588952403488206,35.983708853815834,-0.06232274659303452,9.835303798283084,0.21827156117722485,0.18819692880502956,0.3571045135860662,0
8.241918750378142,10.004396201147191,2.5147311516296935,60.58829052254534,0.22359773316829148,14.893298525664603,2.9913785953178245,0.20296443079561666,6.717881723046063,1
5.459178543370149,14.134617708017277,2.289725445478677,50.27700731096349,0.20270718864233167,18.705785648044845,3.4571884229917416,0.393967185651928,6.643552581251039,1
7.067019006553604,8.719413839026075,2.7341356073164533,54.39728944935793,0.17788947642830466,13.176829423062182,3.395053375638481,0.11369928395404057,6.1722648940989115,1
1.221656037721237,2.817854076683049,0.014388207875694784,36.73979175507288,-0.08905818123586391,11.824783305766998,0.6376610825088979,0.17934734082359138,0.31497687149176407,0
0.6768516593255615,2.806094088047131,-0.2160012249047529,28.072178483554296,-0.019957758770299268,12.64112555303927,0.8136621966664435,0.2266553559327144,0.6368199685088923,0
1.4175621940037486,2.704254707719249,0.04970007561169932,45.44756171671569,-0.024127340673593945,12.957018856376532,0.3824707999419305,0.34128997320355453,0.5890479204689311,0
1.8467692918964307,3.0906835768773173,0.016367836565544233,50.18626104035655,0.17383857604577604,15.211712138691748,3.1641309372671507,6.002758894161121,1.2320106679505427,3
1.8830440786537228,3.1971370722152628,-0.19376236523445625,38.591481334661424,-0.003958964624358217,13.013997558836676,0.6933401894391756,0.24707581208348348,0.8030344287407079,0
2.266220723614484,2.908641543553904,0.43226360485226634,84.7826862075486,1.795646609995624,24.83237766213436,4.035501391982204,0.5291605697686108,1.7999887255891331,2
1.2085816734129582,3.49303463940838,-0.01629144557339305,37.613408580678765,0.08191287211717321,13.788541950359727,1.003521450907423,0.16942735854258775,0.6123984629132064,0
1.2650340589801314,4.308325205491473,-0.42206712398926766,39.275001747930816,0.04248924600768243,13.613015130594738,4.701828014383339,3.867655252967759,0.6572915561968845,3
1.6211309698412373,3.450738880584742,-0.2840950398972627,49.61235495245257,-0.061608956564477395,12.644982934070628,0.5052164552281648,0.3394273878351184,0.7305558718025202,0
5.323390376058818,7.410715490055232,1.7154561161761106,67.06225148108045,0.2714100836653929,18.821173722347392,1.7846988988906152,0.11161047612078726,3.036474107530573,1
0.7490211403517563,2.3262875018930784,-0.2468812638734413,48.14489881577977,-0.0849353792369369,14.595263754790595,0.15361267475779522,0.3703144585406529,1.034147962480633,0
0.9847055386555132,3.0687906871534762,0.1578627349396344,39.9629066360544,-0.033412036740673105,11.06573961045308,0.8860457180616604,0.3696907068227406,0.7629167865156419,0
1.8161859827125557,3.063006769093684,0.2336781484668001,29.212923585861613,0.0871670452540734,10.790215311694324,0.560080469720961,0.43882762129269315,0.9743599667834852,0
3.49004300954724,4.224593870105285,0.08479322843492444,96.07773642620137,1.3607888331438511,22.43472243572853,5.532388119244885,0.10148376156982183,1.3653355691704423,2
0.8786542720530491,3.4572193588903453,0.29738823027467554,50.327700075874795,-0.06864612400015141,10.44346642794732,0.739916004254652,0.2191040359513078,0.5793076873315441,0
1.5577529439202478,2.79790257969345,0.018667061980566488,49.39280751140047,-0.0565823740151314,16.10699094192529,2.11842519075791,4.275746712968447,0.7596435805527167,3
7.742821837517388,10.950253222498317,2.630389307125072,53.86532702819568,0.13695255012785176,16.117703677579964,1.6310072255336456,0.4474490009600517,6.174965698792461,1
2.5109575094738394,4.921938286654649,0.17754519815204853,82.83561139808528,0.878356368961603,24.904333572359594,8.114245918079975,0.2864700787538314,1.6703421231314168,2
1.3086789456664665,2.694304145981603,0.18960767985565347,48.02629728806611,-0.017245387968704836,12.074602468621801,0.6982839439373512,0.3304367313474141,0.2895406433633107,0
4.9310783671199845,2.9190397759529683,0.1914259215713372,109.66015746198741,0.9505443341555627,26.10388451332318,4.798873920058348,0.46508910523090863,1.8529843499612437,2
3.347772773934554,4.1940113865560935,0.1876204480003361,81.64408783182542,0.7044103434902425,22.453295191906612,7.557364950361349,0.45589899834331593,1.1273587138274936,2
0.8097073286654721,3.1760314695848537,0.01475944249405294,35.747502387886854,-0.03134024053365836,11.499208759289843,0.39109480156024135,0.21774462421757018,0.6302125734595936,0
10.552566290912688,9.264874716663092,2.732318923200715,62.48372650078918,0.26174611902518674,15.663669133342937,2.6229729637712276,0.20706278719187285,6.039127166660982,1
8.247221445760655,14.39675940321346,2.000270053999464,62.22116575480921,0.24187990458341918,19.67067926490837,3.268596356858477,0.2529924677120162,7.017645146257065,1
1.4622610197938897,2.8897910188745146,0.11493439533126698,43.0999480613963,0.010960642138771091,11.75419063087692,0.29069946644537886,0.12886704804421717,0.24479066870864585,0
1.9664951322770818,2.92698661243094,-0.04341064420454682,35.82767855246037,0.029979247485888025,10.53225684505313,0.8115949256830617,0.36539690362171384,0.7411271749983225,0
1.979418099745833,3.1732196678888513,-0.21548468178692257,36.87110528833556,0.07256618758729123,11.363113938153832,0.1450793875231692,0.43009949367380035,0.26230708139370984,0
3.7877694763158,3.644886979587075,0.05972283890895749,89.87342124710295,0.48065772215932384,28.595359032787847,4.026669993993792,0.4948705250570006,1.796063093945256,2
9.519700954564176,10.969992957536629,2.806552850123229,57.289480231935784,0.2886506748867655,15.739740246298187,1.9627310397648852,0.49796563598531124,5.358413348874678,1
4.809448241504814,3.327978240725548,0.28247186392687407,82.0264586570543,1.2570555375351993,21.393519691029944,4.546401686518779,0.375418103842815,1.4035804323949506,2
1.1406082350238254,3.0937076647827015,0.21619836267176257,46.98041151015816,0.06860359447134988,10.278775239358717,0.3489714380683387,0.4346805022873082,0.6783071990052654,0
1.7191654928856042,3.083623724691852,0.2433019287735919,42.223801881000625,0.08885841155309479,10.811118427681972,0.10958777716133426,0.31473824272037104,0.6897332728595639,0
4.837694914178383,14.642720689769579,1.817441656492085,62.65301419480917,0.3049739995553146,14.71723001032492,2.0363621377115857,0.41877006758223173,7.118820187191604,1
0.558943943908317,2.955342853621149,-0.04627626254339524,35.78661408933425,-0.031466263782660805,11.486414649132067,0.7355714957512345,0.4193921983472043,0.3761907061014314,0
2.189629285427075,3.646683738360685,0.3526279107144551,100.3551646761842,1.8365932446746063,27.931512366209393,7.134499225411752,0.37291823815155095,1.7436426946818946,2
1.6637430120218335,2.6555214988430054,0.2345687449493362,31.810569600424774,0.02481261092063332,12.186972375546645,0.6674704968919825,0.2925751688428024,0.9385749133944593,0
4.26179093505696,3.6819680800240855,0.40247229444263727,98.60570829644763,1.1838642994742017,24.34644045018331,6.548178822312816,0.40080053916664005,0.738073265246615,2
1.9482853807630665,3.592161047575428,-0.04142408663619709,42.52148323518767,-0.015697629177538797,17.17859070802228,3.157202939978795,7.752909265303957,0.7848680234163133,3
1.770828397330349,3.405259194796812,0.156527694195851,41.52543153650323,0.0039078519390065266,14.799937533860719,0.8678087697680353,0.24755883941293608,0.7773207389188875,0
10.102169147150846,10.851393040719818,1.8484799199508106,57.523871869271,0.2593547694348963,20.703150210033662,1.5640312929370657,0.5832329247298537,4.012490777575802,1
1.497742101541307,2.7691350106745443,-0.22291502314022238,36.1612957393545,0.003579975054160606,15.901976673670344,0.9653063551515821,0.20191170246943535,0.43006208525498674,0
1.3590506704707255,2.501278755933062,-0.08746331101113157,42.112585638533204,0.007275831094717665,11.519670216120382,0.35236970661562766,0.4088463748525784,0.3335259273636637,0
1.2704508427366699,2.9523496333003605,0.21051328100406766,34.08956438245669,0.04177397548452682,14.929402800800698,0.8555979473092996,0.493009380373069,0.4028487201392173,0
1.7431469114136022,2.8328049625513105,-0.24381421149638705,34.870463952339875,0.045435937074059,13.996446926929577,0.6574390269626262,0.3503634608431065,0.7582820774424518,0
0.891613284749027,3.1625809587705276,-0.04284975935359706,33.381870773342314,-0.02040935753547088,14.460938504414987,0.7181111625004599,0.32705734158198707,0.309843550548397,0
1.3656585289073713,3.4088455480606323,0.1854308651236307,39.24787853143888,-0.06477780501031381,10.310535517864594,0.1232106993757654,0.4835251876211697,0.2568084729226748,0
0.5181915700615123,2.598760329829334,0.19401442299527255,33.17177155790228,-0.04521867066783686,13.677273436210005,0.5339280079106555,0.14169466934904454,0.5169219369190203,0
1.8423304874943234,3.0137177033282563,-0.24213132206850965,41.0613152574948,-0.060281023207933396,19.052140476124205,2.9283905842160807,6.3155207881592075,1.4828471002790025,3
11.283144832113104,9.789921821239206,3.7586607007778796,64.461251063252,0.11438049869926516,17.563512467850195,2.8865056907021214,0.36247966107656643,6.885993842901463,1
1.625545123524818,3.4945969524170764,0.04720736291876227,48.18229162534128,0.08230834847500496,12.954578156092431,0.32365519315551183,0.47249980523428364,0.3263161398789545,0
3.4236924367256685,2.713235911198235,-0.023759691614687436,43.31896371882778,-0.051639474424028116,16.54043851290176,3.4184740380525196,5.1373611365427,0.8323623853683649,3
4.790006148438119,4.764699679626899,0.3679841420332646,86.70204197139712,1.1329855965286733,27.791224506319807,3.801546813050521,0.2719315796329793,0.9635953394362893,2
0.8169150655189834,3.5264243684018246,-0.2928785529403481,43.319592529359234,0.0445790258528487,10.496710239997755,0.3832510479828867,0.4032849918620557,0.7175182730537629,0
0.8480078025014413,2.750406831249549,-0.11298792651474435,32.32160322712485,0.04451200483168691,13.140535309559562,0.11999711568800997,0.31828664466239664,0.5795530483717363,0
2.067925432927326,5.195728768873738,0.2767974256530358,81.27086259232023,0.4858772176101917,18.48530583876211,3.2810241440126564,0.2836283766934851,0.878212276234959,2
1.8241453652394575,3.391503406012713,0.1997061683082571,42.20335063644211,0.031111362490695092,13.443701909219046,0.26705743062916737,0.4250545729364173,0.9432816674888275,0
4.093871235626482,4.0146148150697964,0.3695764423726746,77.47927178484956,1.3286380346705404,21.903062251503318,3.520615462238193,0.3152280873001368,0.5475841267298085,2
3.5843680408046215,2.928676112562432,-0.45599167322466233,44.885386063193025,-0.024327375944582053,13.326390805535606,2.99940163394717,6.363743145071083,0.5695834196089701,3
1.8386428639241086,3.2047848311927223,-0.05194131959195648,40.44078118673957,-0.062254508500165014,12.359518921574642,0.59249124375308,0.32650062658932516,0.989153996169279,0
1.4063347227308762,3.0328789486822934,-0.141731862353569,50.3314584917178,-0.025845761502020802,12.173020479731505,0.8240426518622989,0.19666930598250734,0.7690785405382012,0
1.6342876473547858,2.518105141603959,-0.11967606063771281,33.028253080403545,0.06167249555508743,11.98322936820417,0.3004615462662386,0.31226553869988494,0.9740205874046695,0
2.5956151279809268,2.8900586254115206,0.3469714900619221,51.60795424065364,0.15353399352694866,12.291028699014733,3.7842158709099087,5.481025721002901,0.5838009152677684,3
2.0091143758626386,3.369791754237504,-0.13373169284016606,33.850529704197356,-0.021238267617151405,14.63830157350522,0.36410945366076414,0.2648289157922943,0.2667800654452298,0
1.3278814675646802,2.470085987540934,-0.21455130658832675,40.68057914902909,0.01699747605979852,13.118869239222938,0.6129498963948007,0.4288793241237387,0.340343392575895,0
1.9404980018587539,2.9337891888102456,-0.10658728754224152,35.90633662167447,-0.04311983983800048,11.554696294553771,0.41428360310160023,0.36098524611284727,0.5102175483500754,0
1.7365186497229814,2.936005055855205,0.1435061159915575,36.67192496030571,0.09818844946306951,14.437587278364761,0.25560049486450914,0.4043871129440636,0.7885794847112505,0
8.080541968607072,10.723020480506621,3.7008681559325574,44.649845896255684,0.26469886929762043,18.80320629662863,1.9356490804869935,0.5447431799956014,6.559641222144705,1
1.2863738200563277,3.0889333453126318,-0.015513408992191832,32.304990581118226,-0.06318054330459931,14.215970200352675,0.9768505219586731,0.34913547200741996,0.6281903139470174,0
4.362174139700266,4.579929164477772,0.405469521546657,74.38358141589146,1.0386487176022645,25.579140867830574,8.146746523913764,0.42327351548549547,1.2367925660962964,2
5.183406363017579,7.776689001576157,1.642287052754047,58.96936019910428,0.1374819372389808,17.28426641487381,1.6070852607632524,0.2691954867127696,4.45645032755257,1
1.0845556611202307,2.5193389315732455,0.2166134334362532,35.1335163137355,0.03612934522305989,10.63094196166825,0.9316406244810105,0.5038374475768705,0.3252878633480107,0
1.6041347051822992,2.832725805098068,0.0551110913472329,33.07311406371531,-0.08005655094041768,10.28355783874684,0.17302096205541853,0.16063246244791377,0.4063385747729953,0
0.5439634343561969,3.0952022832789408,-0.015291110973975272,47.51761746870048,0.008845012765871215,12.193512400193603,0.8025938030440247,0.20414776933936413,0.8497917721444869,0
1.5272710489623842,2.9423320972756306,-0.22003661590797993,45.273895853860495,0.08724060261125385,10.773441130263246,0.9092037380136976,0.4382330603227724,0.7869393588792389,0
1.765198151071689,3.0123648041553346,0.1949953157346713,43.585349961078,0.06242705520203776,12.56064638206395,0.13595408127343983,0.18951037475301677,0.5354312577358501,0
1.3305825953995878,3.170961798175407,-0.03927261611493369,47.77652200435027,0.003614516287182852,16.407421933104946,0.4508847875268293,0.2384035245251961,0.5621608301332556,0
3.894981977823928,3.1967622458948783,0.397470392821921,50.38825919898988,0.05385586735156185,15.30354204899125,2.7956110209919176,7.117196845655009,0.760703020935085,3
1.597283094604806,2.7665732046744935,0.2979230514141875,40.77831085531494,-0.015409219170031964,13.184727822547416,0.548541461410359,0.11702988241531735,0.7928906804562114,0
1.7191658912913121,3.1142280646506775,0.015313365395749207,30.41900090139233,-0.0211699681847109,10.392287641706643,0.23729989999932702,0.3269220480027657,0.6301355442087117,0
1.1740325830264844,3.493700826483413,0.2582579130452864,43.355204957327054,0.033387928890518566,15.133807830250516,0.7724381679516338,0.1175101560221294,0.37954103686885315,0
1.7395832063838401,3.040097613048145,-0.19022803868250757,44.86287059514146,-0.06648647612773767,14.1308906658871,0.7718426044544868,0.37667976228346695,0.4007208004163409,0
1.2877467214221523,3.1596817107719715,0.12548170776749945,40.723195552908344,-0.04882651582024293,11.783435340503086,0.30869728906780547,0.35632140047603716,0.634440084229212,0
0.789548473797171,2.4342885697102297,0.11702307619662587,45.330720870551836,-0.03959090980733138,10.560214904690115,0.9576789296227871,0.42747456848390725,0.8417303640446325,0
1.2350419682861293,2.7109527773557742,0.12437607028714902,35.04314400754929,-0.07636617463098039,12.387922732904364,0.1601279037488442,0.26821986242441526,0.6479254864143752,0
1.9662101545117643,3.431278498363358,0.011927416219372176,102.77478056730948,1.6977488733506128,35.640750601411774,5.016568284585019,0.284769698943881,0.5045089676152363,2
1.6618314703388286,2.686581915817858,0.2845408451942092,41.48838974529232,0.004248140096371415,13.07885240062862,0.766553654178927,0.18735039244758714,0.2476373303218139,0
1.0038976410853782,3.2937069840841278,-0.19313712187073623,31.995035617049393,-0.09367462785959098,11.56377849695496,0.14145077928909003,0.5183979996352422,0.6623089041420622,0
1.9217017514875085,2.707953276955586,-0.02808526537939654,33.93190293439116,0.04655370378468224,11.350594251577107,0.42105786456104977,0.1418287724680239,0.2629113288916917,0
1.0823814977054798,3.1238587153693724,0.1601060655108198,48.859279689146575,0.03116681037801239,13.36868007048064,0.9216074797068071,0.2194125268089574,0.47562822109333724,0
3.1192148282355765,2.467183010088455,0.21654361495378457,48.17042329168223,0.11624266660101598,12.050186909798091,1.9923550387027988,6.920928015651667,1.1646038031732484,3
0.7648826046416844,3.2700327138332113,-0.1435925181379453,42.47969686388743,-0.02760269998465327,13.067215706029737,0.9010407017627636,0.19839948362785648,0.5390517410589956,0
1.3222895110488915,2.880727203371133,0.19900135961059898,37.32245822567736,-0.00608415668935123,13.609639806467488,0.20963654950873703,0.21746922641169025,0.4107932067558109,0
0.7260012521835499,3.0002643226175496,0.14878894109429544,34.30090061013235,0.08734845077911867,12.59924204964806,0.4692231300405204,0.36734543792636914,0.568028307888449,0
0.8974914536368669,3.720397049671694,-0.17772106394646256,35.208507925411155,0.03440749414288423,11.947249248781477,0.23981339301948154,0.35402356916452776,0.5590622332610061,0
0.640439555497931,2.9752129736329955,-0.11601429146121482,39.4498516512732,0.058931256828366446,12.189642601418628,0.6729364304705732,0.4524504573186587,0.6376396645251556,0
6.392288467833076,12.687536021754863,2.6777549538001946,55.2553721444714,0.13067394030689042,12.762722909924104,3.6978487367563604,0.26861546242388856,6.761287412955236,1
2.970255662659641,4.373807288180391,0.037572106509906646,75.42371055388574,1.8133559811421363,29.52440586286498,7.292864897689532,0.3111745863088644,1.9346748576824608,2
0.6923323904563204,2.639601256301407,-0.2878724135925671,46.83485076928048,-0.04472835946545391,15.118207624724805,0.8861049901527016,0.2633864388192888,0.4857076533538643,0
1.6717869070013955,2.849904305130282,0.32759681099448235,33.705522709234245,0.06868926619281379,11.093769031829673,0.4345335948597969,0.24875018342260966,0.2531889763680895,0
2.8077033311545065,3.2385474364616877,0.16205091826488147,38.99608965257548,0.11722854282504562,14.780694179178388,4.437904386768607,6.108107923385947,0.5293461612881095,3
4.7581099429445946,4.633563106049346,0.5239088735579464,85.1351183292041,0.9331345110604948,19.94838536681079,3.4537556621039687,0.48695980827057966,1.5459463004617942,2
1.3045009547949817,2.819069293059013,-0.1704856491033573,32.67017333944099,-0.012503247070715477,10.287347990271908,0.6850247429593614,0.28954922382345843,0.6355190058259244,0
1.0591878530379013,3.551935896746563,0.2390773658865893,48.628771636912774,0.19045082398996155,16.138785011752095,4.653387172109261,5.782778505449216,0.32919974086856785,3
1.1198817339695184,3.4625168114715725,-0.08840333761399485,40.89766978466069,0.053124227972037766,11.22160939464106,0.6607394030453091,0.5171790144094877,0.46512980266045567,0
0.9924983734009369,2.7524716535956006,0.1679979054685404,32.31122673380202,0.01511961252906076,11.777490011323996,0.854417561103767,0.4640533982940134,0.8320173733306615,0
1.776149460219584,3.0105284892762896,-0.05899598779082625,34.61905300800568,0.06237666947485802,10.27430813795639,0.9681663751054621,0.24161486919226752,0.5689809522538015,0
1.741511630182977,2.9086445472772575,0.24201793125668658,41.771681300076565,-0.06242341986811439,13.96894077826823,0.5411464167350237,0.39109247261414964,0.3617521536467206,0
0.5534650815934706,3.6155623379937616,0.22168706759465504,37.73186224429484,-0.004759817591631348,10.47342015784766,0.7983063953024124,0.3240589893202191,0.6954429980314258,0
0.5614483779943433,2.5876398708280157,0.04686608156538662,39.541159106896984,0.03908998304261398,12.607516039049266,0.4418911656509272,0.35792253657815226,0.22472367757817516,0
1.0679498799916955,2.5507760940739224,-0.25590199378474887,43.09121767471256,0.015592878090569045,11.835805473996293,0.18326890437431254,0.32300653058709167,0.45462952036341736,0
2.764662760682979,3.123003931164595,0.34272776204929334,40.18856109840375,0.0716430021048429,13.275220024887114,3.103044081110855,9.473255209293194,0.988130877531669,3
1.7033626601464997,3.0710090704273303,0.007427875675167389,39.30987610856907,-0.009911458289920171,13.399773410145443,0.7953119278521239,0.36516349467191067,0.7700003191063225,0
0.5436937836741803,2.792392587201544,0.10450609262210832,46.173516996255245,-0.09530964898940501,15.092122801366195,0.18764932378993726,0.397166497794532,0.6635258504713012,0
3.8831899179747924,4.648195367008523,0.4484799893393156,92.80950291471987,1.4173406845643435,29.02084509603152,4.529150045919887,0.12009715193265592,1.593341957165975,2
1.2466325586590299,2.9761759211117105,-0.19767100793474326,38.6254397171315,-0.03477149888398169,14.125084440014897,0.6909838134421992,0.15078793573923804,0.3381925850013958,0
1.8527003663641597,2.980505853065218,0.08934291562643555,45.71053990478606,0.008135652735528175,14.757234271443112,0.8172038426855274,0.3325637033564681,0.5540491548421326,0
1.5571420183090743,2.8031126889536813,-0.10985127816589921,34.538875818299886,0.00679253964919078,15.665863651414641,0.9029352956542374,0.1300472418709649,0.21681589997818054,0
1.5036999337042312,2.675107856112353,-0.09413887767093285,42.09261176051714,-0.07227715047111717,10.059783663534423,0.4901081453750532,0.4216891054762653,0.2503562279451233,0
2.8801604352056507,3.467387548138857,0.2341841375525922,42.02949551910005,0.12886281187920248,19.01527264026381,4.487755608745562,5.529800133506369,0.7421464166590885,3
1.7520420733078905,3.4589864109846125,-0.1476793758838891,47.931869158486094,-0.04684576627008389,15.138564338562906,0.41163332128168173,0.2796429507630691,0.5109004079520575,0
1.5630129624222522,2.7991253521843653,-0.15951014475439687,38.00386299781161,-0.06932642051875605,12.439203211419738,0.17852377127342545,0.4919821657582124,0.7684711697053477,0
4.189642254449164,3.4448019350207875,0.45814682199378987,93.34527989600679,0.7340905333114608,19.36726370253129,4.341791902011144,0.18071262803604973,0.621157086470716,2
1.6797360034418505,3.1859379657666356,0.05143627526075765,40.51513568434114,-0.06828991141902548,14.871607776753729,0.7049459818673042,0.1421613609507614,0.40132707685305435,0
1.1093399783530207,3.5099830130294727,0.25343458738668945,32.55238049845653,-0.05262229108619185,10.27998825147691,0.9028901150536324,0.33195911209786433,0.31359943164191406,0
1.0160305851280005,2.6240667757724907,-0.13696854279942017,37.86589307857896,-0.08892718564500335,14.455887603480639,0.5576828075303703,0.3667929752260353,0.9675735364584933,0
1.4599346647750473,3.2456560358960007,0.19411262809629828,32.25461792185006,-0.06525454155410566,10.822347156249567,0.25792389835406787,0.20183267856915202,0.2845059046071958,0
1.324949344830854,2.4502043145077685,-0.25158158321366914,28.668551996807796,-0.087137963395934,12.942594037002836,0.14960531139769948,0.2465803834040118,0.29674775668054915,0
0.983141283926806,2.787757036318656,-0.2731545718534241,48.95478784772655,-0.06858910504903111,12.329034273803886,0.10625061779406567,0.14676419395318283,0.9713084081667726,0
1.0042399871044285,3.4580914451887974,-0.22808970233781325,45.77893458400424,-0.03241114087316936,11.69228880847084,0.3192993484194878,0.18060932518256148,0.38341571202398905,0
4.582649969148063,4.960250069692141,0.42495074483892764,95.0665751076817,1.8786154458864721,34.523571038564086,5.001164401832706,0.2615304271216603,1.0415748646785676,2
1.79369204339642,2.5492308223482825,-0.23092558447115427,38.72192565473483,0.0851788131130666,11.039120703474515,0.4353965586622154,0.26822781863958395,0.8992269386999969,0
0.7020433215526791,2.522453371825384,-0.2826688478272962,36.401475559166656,0.029671097587692406,11.8439027690745,0.635838949566561,0.4680961474113378,0.5402828413196016,0
4.44741752705162,3.8558963524805097,0.4475194426776753,80.92576483248563,1.1883356431469905,24.49866278615676,8.243453631727807,0.18455225300408534,2.0598990148832614,2
2.8480017868395118,2.8714280622445063,-0.313818910332612,41.18880525274318,0.05831991099042733,14.019511464365042,2.5365360585087,9.526542356216119,1.1248279418140839,3
2.6078878707648707,3.840756352665728,0.3834981602580133,53.06162743762585,0.10312481974313056,14.823325797167781,3.9731384507193797,8.370348099690597,0.5679389519144732,3
2.3852118246138185,5.269238056884248,0.07224401505618744,101.77931781106176,1.0434005959408024,27.712280980870588,7.9918150969006385,0.1930299473869243,1.1725285189146346,2
4.734472490419869,3.054664775191922,0.2471956408684199,73.80361208115845,1.563700714982832,30.48484208635134,5.055987404454473,0.3386474168414691,1.5229269713241191,2
2.679664487708333,3.1224350389296354,0.4794729269820452,56.02517754756267,-0.024503891090133,12.715722136036144,1.9830708463632982,7.784901530970648,1.1563948157990454,3
5.0781389984011325,4.153543044306131,0.29952723917470897,85.71528174855031,0.537517958116204,23.55302234820302,6.43349183360574,0.4789624713642458,1.811160943452926,2
2.0662496892067015,4.350907950771527,0.25673984259202975,92.96052393733238,0.633093866935469,24.349846298400433,7.3019357872231545,0.37930422370966893,1.0469222922211583,2
10.75991730757921,14.671506169208838,3.9894965965436393,50.46464154733267,0.22047613709499805,15.30264285055774,2.6744373754951707,0.513035893395725,7.062136548733767,1
2.739861653515646,4.908185744231327,0.15175641694836062,109.2162351022053,0.8008190641761775,22.091979070836103,5.251997371112838,0.3919006451775284,1.9129973563293594,2
0.6542270860659775,2.596616271706851,-0.22095856296720714,41.33396932884449,-0.07652818604015867,12.395223353494675,0.7819475496841358,0.4546764538388282,0.7385675975982265,0
2.33757309377256,2.7098190228744747,0.03232330948113662,41.84410829518373,0.14590678949708943,16.284825784289232,3.7447207127041446,5.938067803406543,0.3703013644201821,3
1.8356399067373017,3.561946686748561,-0.22618518157310039,46.59867601379998,-0.012784505654436713,13.168877987177213,0.8889358828144952,0.20801324002019733,0.9943663515612912,0
1.7413938171811825,2.6955674752347876,0.08779160132515255,42.07705035466228,-0.019383451949755715,11.109298086984344,0.45534055734820317,0.49435567977749223,0.8882326907070812,0
1.0785864430382333,3.310667466554438,0.05587861840139726,28.868328788725215,-0.06053792004907595,10.97430999099831,0.8068979867397965,0.25241497473990365,0.32629401213149783,0
8.69322365200677,8.169544540124239,3.066659044434222,52.526643958238374,0.28077949623872434,16.053413441887766,1.745981699512613,0.5795887002669656,6.823046419841776,1
1.6616223283477187,3.7030907286695505,-0.1374441743878946,39.49920138245237,-0.09793016490954058,14.67807881111722,0.8818977476550701,0.20681178257053387,0.5522431052423797,0
4.411090601200038,3.4520773297970746,0.10596429786679283,113.20321030497075,1.1897645777751504,30.641290799982215,6.42307980408639,0.21725364297979533,1.1134123511735017,2
0.773070251739413,2.7715982228923575,-0.24786727646280446,40.9220532292884,-0.026759942356799,13.598300420791325,0.6848406003118183,0.4135685059053211,0.9263295181786682,0
5.117889830186482,3.6844869848258917,0.27434840199073396,82.97512996507548,1.7104051638201327,28.687484294690012,5.363806080532747,0.3039844913157846,1.1219182878590508,2
0.9587477868106935,3.131045346849323,-0.05107321429986715,46.31385753500824,-0.002499497612946549,11.295916425274761,0.3693891404231133,0.4465510750571779,0.8134940056800603,0
1.9765422957283378,3.1607878851506963,0.07599780504173985,29.866054137150954,0.013024302801824615,14.613112625547963,0.16456042949472752,0.4564906919898554,0.9325619965235867,0
3.3894937020474933,3.81449459965518,-0.4855277304900827,37.17159125440073,0.10782515497478372,12.420791075529307,2.4039339221243488,7.8519097156902316,0.776004667824832,3
11.887412705417196,8.76170341430367,1.6423859007099844,67.60258607909213,0.17600989420791632,19.445625847664648,3.719407916586115,0.1771588964908246,5.95494020989664,1
2.0621195168112894,2.7898458333175418,0.19574011087873483,45.86047710061318,-0.03150484824971838,13.623097222268967,0.8115845521209372,0.36332848964801334,0.7037780970839408,0
10.071560783934196,14.01893901873912,1.9422774499484492,61.60339907986513,0.2988780602301435,15.46317196490104,3.7347945172744352,0.3360412686820571,5.7535184627167375,1
10.751273563974369,9.252131002387769,3.711783115880614,53.77734592087103,0.22975884843115055,12.685575044023928,1.7591309177005985,0.1263021340212822,7.1704296470879285,1
2.591814649993116,4.851781826460341,0.12809878612992356,75.68666547238301,0.699219191644344,33.199132740520874,4.929437881732184,0.22926231054027071,1.6512886679758896,2
5.597697106861435,8.29482518292468,2.0551649072298956,47.92282442085515,0.27525621503132264,17.441303605144924,3.817723567764248,0.5957640800146027,7.410657183376992,1
1.682399837798038,3.1581974827668025,0.21501576639326767,46.942089610527496,0.16564452329279758,14.793547227751358,2.965547473523561,6.656124951889003,1.2586665687201333,3
10.66632302765722,14.000472950006879,1.629511950995839,46.40839200938093,0.09651695911036576,19.101604886850097,2.240110070076719,0.47742099491223866,5.781333813574843,1
2.6651478350573776,3.763986836717828,-0.38878865853641625,37.42454777714197,0.11395125353632601,14.01423210316312,3.1157670075555646,6.175238848844023,0.9713060134789296,3
2.56874657284516,3.233720364731849,0.4056808722151853,91.37866163693373,1.9974954912066676,23.410052275374703,7.592751594942576,0.09852335846761029,1.34614226664018,2
1.4636311116949607,3.0293431845210956,0.10274166355231253,37.04742521104233,0.02107671771271257,13.658880674899615,0.4429995168744226,0.287599038862829,0.8840724073778076,0
2.0184447143888895,3.3539017984177053,-0.00824010568531626,36.14565296463996,0.06932279453593856,16.46509271401243,4.30357088324979,5.764645603463336,1.2965422433022278,3
1.0027787850729541,2.6983449619912996,-0.26145016606063803,46.392743656261246,-0.09866850186272748,10.630357492739456,0.3249845113352401,0.2267799617703784,0.674725378152447,0
1.0149197925389846,2.745449347873762,-0.16052068596193153,38.3071752864707,-0.07449180431899124,13.54783925418623,1.0200386233152987,0.21654399247909575,0.4249748535852406,0
3.080945616869628,2.556172152708013,-0.34416650311078256,42.67124368122966,0.11759044666850667,12.85426851245799,2.714863226366231,5.970120154788457,0.4210380462395486,3
3.120855319575631,4.7715745558732285,0.43132938134253,113.90515504849834,1.4789912525694495,27.4567772192962,4.751757549322611,0.20341201218208213,1.6587429039663208,2
1.8685809046100077,3.2718016675026664,-0.25589757026268195,35.6864436483017,-0.02226156382127307,10.209077735610846,0.36408106907431403,0.39945092251700853,0.8753873859695408,0
4.233825596807881,3.433546669085127,0.09687456336125379,106.02357109133558,0.8364377810995511,24.315879750928968,7.407261049966694,0.47000671618985246,1.000228023669252,2
2.1767802432762697,2.654760247933796,-0.5378740618030249,36.14400049651854,-0.05627581283174697,13.730018999197508,2.575474355730912,8.82305862790025,1.275213412722802,3
4.245348322352718,3.58531159882706,0.057713676596380985,112.04018377233417,0.5688759058886728,22.50827530106427,3.065702913511954,0.20530592309650034,0.7403137989781724,2
1.5348133973833016,2.835508403579876,-0.0047191027173794624,48.60937199945431,-0.019643908895791425,13.497670746171602,0.6365611849256552,0.12680103795145525,0.6082705300761362,0
0.6323204562105215,2.8605463592392835,-0.032467694144742064,33.70278789890862,-0.07192056575408298,10.757408170676563,0.9246840236056577,0.498933048874814,0.5034354510477819,0
1.2818099105405119,2.8785278941464294,0.17771660343914264,40.771636905815726,0.04845668536924843,12.42972121386838,0.9289947443637394,0.2305150737641016,0.7586560897660152,0
1.2842587808567396,3.722621723317345,-0.3430237404181682,54.165159419499844,-0.00408084839423567,14.06308266306954,4.814499931510059,3.610854363672872,1.4218190266995845,3
0.5703851710127249,2.534152906174998,0.07136700732497525,45.850697705341815,-0.07170572444977838,11.502339212000638,0.6983610149537806,0.5278151079510733,0.6170236064041168,0
10.756196846250335,8.991139294799915,2.929460304842808,46.491049086332566,0.2538553316711677,18.29603075586824,3.6171987298084396,0.4659561026615751,7.046556214312345,1
2.003505892693314,3.269503195073723,0.08521779350493723,46.64243644774849,-0.05625323538273844,16.315077432681935,0.4864369851689169,0.1350474410166596,0.5285191841717208,0
1.7694207802413935,3.5085914435972767,-0.03618049893672554,42.66935607030342,0.08608337570657154,9.150211416238136,0.3995901149980132,0.4115024167902186,0.3389335449098284,0
1.2085082070954911,3.3036236101700713,-0.22495020277081407,37.54696258485243,-0.03322193517880932,13.355078339675226,0.6269670979156172,0.11697100951161062,0.2125286603419656,0
1.0192621705681297,2.894716835660717,-0.2807289128333393,45.53325550110192,-0.08578385633616445,10.034462848050714,0.35118828280867376,0.18056214873443632,0.25431367445475894,0
1.3954191678249739,2.7248625284506907,0.10650020386726541,35.313806535058255,0.031860662871571105,13.830480096428662,0.6816331993406176,0.30099584794034645,0.4261560900165628,0
2.2634198704305986,3.7665712998553635,0.17313595300383672,101.98723123989105,1.0314914704086222,33.37396341172266,4.989385552454591,0.22359404525179888,1.6309600673779097,2
0.6349300453894454,2.7332087341946174,0.01707107187930985,39.66449375182168,0.0722321330724787,14.153326681070084,0.6406560479102237,0.4351158370710833,0.5082067656897499,0
1.1817603558177048,3.2135372372649766,-0.08233205436162702,40.06146425566561,-0.017404758649861896,9.943727769774847,0.38302989882131894,0.1776903121176068,0.3727639040184866,0
1.7320051233227811,3.236535843823946,-0.28095249925294147,41.742730226695144,0.04102295248078015,17.381258689893965,3.635838550210477,6.697601177250076,0.7842977029651463,3
1.8819715639096803,3.1100205438672113,0.09769245193034318,44.60129474333963,0.09436881279206125,13.564696328125304,0.9354256140720234,0.175059547121268,0.1997693561416787,0
3.079645935372659,2.88692337922294,0.3361109584495703,40.161174332721686,0.07215128614945511,14.928646431989367,3.472382552018667,7.45383340591997,1.079657514388074,3
1.2787152789746494,2.639391785053958,0.25267363444617186,32.511626226558306,-0.04993298187955264,12.928087538579055,0.10499972951832111,0.4631336395206311,0.39813154744524226,0
8.932209304868227,13.200744415867199,3.5244370490057317,48.49479645847574,0.11942669898759568,16.52404028677435,2.1621309549095944,0.6387874935702386,7.260096775310635,1
2.3259235340334015,2.817536764738589,-0.36287041917925333,45.42467325214948,-0.025304238384295897,13.949512848365465,3.8872647167514836,4.413960257311089,1.0066152914452902,3
3.2679698899543137,3.7248561860903546,-0.23858789290437907,51.48796923418001,-0.075432068245722,12.024067830465704,3.6997670503102857,7.14107325487569,0.9931010684284224,3
2.9640037481301253,3.297835406266891,0.31193472388084625,73.55786093534769,1.2448427464884204,32.50783965116717,7.512890278201285,0.2874058738297368,1.170977696774391,2
1.4521471912974548,3.130815163528473,0.09976279105735497,49.40289409127561,0.0015002437665213978,14.40671097488061,0.7741814895128926,0.2643293138982773,0.22285429633749473,0
1.1816681258366144,2.802420048867433,-0.08483268791382705,47.38986461905026,-0.09236820959442725,13.26894429692704,0.39673312037557895,0.49032270675569467,0.6603885899838345,0
1.4411165471041552,2.901491071221092,-0.007107414965656988,28.3125296419728,-0.025312111182778426,9.9363522365891,0.8445804305739524,0.42726251021296785,0.40127692433917855,0
1.5660602865576592,2.532535186496832,-0.10991058831488591,45.14150183780926,-0.02839708816282644,13.265244116980842,0.8055535520854427,0.24758204750248763,0.24804314966040214,0
1.190156566875744,3.27462092963001,-0.2584616775986882,38.46559177800543,0.0588191213891589,10.983562851367294,0.8868030734226218,0.42676874436391066,0.32629421204705916,0
0.7994772395659752,3.550540857475135,-0.1993470950301692,39.862379596978805,-0.00420659714629841,12.630491320126051,0.7557607284595184,0.2708318553399113,0.44919105412069443,0
4.006282270437919,4.41929197439237,0.277175259636239,87.83585757401575,1.7416225643161354,29.98704475823046,7.082998297178968,0.19441829948827338,0.5867333435044156,2
9.740237166298565,15.077766631000323,1.623149317524996,60.920986079482915,0.11449165042610492,17.213341176839847,2.2218531844530336,0.31232228915017973,4.928126846478248,1
1.1595758048579905,2.688944810767253,-0.2320791423784946,42.275327514751446,0.057937084868918035,11.610517860902629,0.31068866236310827,0.5320680253277342,0.4972476473761199,0
0.7123663679227733,2.7977767440180954,-0.26656162996120114,33.39131212065135,0.035906854961259956,14.971359896061939,0.4003655606972489,0.18799189264040392,0.4542057819778318,0
1.411565778005593,2.61868211799776,-0.289063764459015,30.74600784666061,0.0793342442052482,11.367820179884934,0.32921590984088434,0.4254207035823991,0.6729826783929519,0
4.205046199663952,4.165020475679812,0.4990102163299765,108.79174060277087,1.3313573316216984,31.908623468244464,5.843654082995741,0.39230777480372614,1.3027702633581428,2
3.1070135097699416,3.37054813160623,0.48011907816396543,97.39761679145836,1.9082865790718089,29.356413621886873,3.146400084853614,0.3619815663998718,0.5091988024398524,2
0.8658563409266458,2.550904248694443,0.12109787904261028,48.894156226938705,0.0938705040419145,14.165560252075416,0.3599857973177824,0.15194058265981106,0.24792776812734968,0
0.5859408435966237,2.50628200519556,0.16075450877459185,47.393434833757894,-0.04794634060959406,12.14564509192272,0.29992146953838106,0.26443299350023813,0.5560978475854391,0
1.7784024908266194,3.2109048677017347,-0.08010073363126484,45.22503282363548,0.08239739275126812,13.868432789443723,0.6119730300669143,0.2813309353308365,0.6585589914651325,0
1.8566709774375807,3.3113281392067124,-0.24347931243095072,37.22410145475585,-0.01032628429440662,10.061086006678128,0.6264209623010997,0.4392354895630207,0.2463310080374961,0
3.1336936588702247,2.8936360876008616,0.4732134147374728,89.16218312168499,1.1094470444796602,33.548101488441475,3.943002413529392,0.11656562522008046,1.4831444519379546,2
2.3015527139643206,3.249065855629617,-0.3262883595352681,38.45005436967073,0.06932652089946746,17.765988314427414,3.992722486282068,7.384945407655848,0.9448148769962691,3
8.586500788952629,13.121153793028927,1.9073967888962335,54.46828053875979,0.1600891590597026,16.967915071695668,3.858388347448953,0.11380730629491187,5.86609171302895,1
1.1671522448472622,3.449580715662317,0.2280015414170604,43.674232062614166,0.006192398220173575,11.572658835029237,0.8965874816592411,0.204244226692224,0.47895952773085604,0
1.4934469499594982,3.4958076538254454,0.13825572071085857,44.57626098270817,-0.00041390647604369206,13.008484082977253,0.7961189744854946,0.3209761056875279,0.90996328560244,0
3.945297317016012,2.939762738493325,0.05516764913760785,111.58558848907798,1.238252415650564,26.881267811878118,7.534663147373332,0.25494439675516156,1.6469442796321705,2
1.8386666219642218,2.869491759148459,-0.08523962349727,34.89274894295336,-0.020018721109874182,10.015457111073871,0.7151300010986532,0.3534376017593945,0.6927437763920534,0
9.631058341584005,9.138055069646363,2.610410188183523,62.8237165926653,0.23687956478180622,19.268972215048045,2.9752573451949615,0.5374541831214248,6.5221841461464765,1
0.6943789483029603,3.1418460640891297,-0.09564512631359282,36.84606996429669,-0.09842923874081473,15.068090620267883,0.7177107873100194,0.1812193915413695,1.0165518884595375,0
0.5980305699943782,2.740119236169736,0.00519863758856726,40.20267794000046,0.09254272544510816,10.392159810926515,0.6840444952258834,0.44654930318574404,0.8729673304022169,0
0.7208700861475831,2.6184757538829024,-0.003764073572407918,32.13462681527067,0.017988937536537835,14.787518154046081,0.19988390850788584,0.3799146684458868,0.7622238174733316,0
1.6334525287172679,2.518701169576291,0.05878263453945678,30.833847971426067,0.017487369511883708,14.245384710275424,0.6866773166588306,0.44782018706975885,0.6320048638040198,0
3.6501817131886902,4.043706219175245,0.12715234231293582,39.540586481123086,0.13170173815898972,18.269493906751855,2.535991753219871,4.590038566369042,0.8246215243685892,3
8.271614230079333,12.710832603737341,3.403804764602396,46.37045905097605,0.23454127279774883,15.298434246712056,3.5487005390525557,0.5749323127122175,3.160115927850342,1
1.500179502556385,3.2308822083226585,0.028979155320881352,39.35559115031942,-0.0678887663701339,12.708861450480356,0.2769808187813613,0.10768119974391618,0.8154382935941275,0
1.2491622411096583,3.2762652284504346,-0.22324132168570093,52.26214684681691,-0.06979918691630033,13.73621438654802,0.9885643626637877,0.10863363640409819,0.5056692862147834,0
0.7880599218851898,3.253773807611133,-0.16640591572362856,46.3741688910783,0.0085464022768292,10.03017004171182,0.49234566831827703,0.37329428578042784,0.8011262752065552,0
6.318839580257628,6.36216642770267,2.8440678024296666,60.612415540788014,0.29858031285366743,19.85793053609745,4.048096242898387,0.5485043872923764,6.643063836414487,1
0.6730373051889293,3.2111097623870264,-0.11247975559773084,30.791728465417865,-0.019826932395072744,14.4610974709666,0.25985907053690716,0.3994876555350819,0.7598061606701457,0
1.1412389458459054,3.410964714060824,0.22505975974116518,45.17001287345437,-0.0198161280672423,13.06293385834884,0.14973087503411922,0.37314334773591395,0.7308013413406985,0
1.706789618441088,2.951731092350483,0.39516169148001,48.25088088310847,0.08826601669081419,11.247883107715051,1.9563897021106946,3.7762051533294363,1.4391844759316874,3
0.7915110592515385,3.034700853554926,0.23976304222101327,38.70439275358113,0.04388442510506869,13.680123275780376,0.2743007246282841,0.3581848788046509,0.9772240941935977,0
1.6544609050321668,3.0240838741609584,-0.22016573670862205,37.94064118764048,-0.020126897775204516,11.172471513561176,0.19124166237513554,0.13714611118907005,0.869119344028455,0
0.6986804918645242,2.717353909403358,-0.08436586448298362,46.02066780559367,-0.013156191197609763,9.721426134968807,0.3519783868453421,0.33272822318781226,0.613869990339728,0
1.8080821480268843,3.304409785708029,-0.17041134260994195,28.25985794517082,-0.048970681424719054,14.389257834335725,0.2089564807546629,0.4081482361997156,0.3832195770680295,0
2.1296163440132907,2.5553084693553805,-0.37029671299754346,48.35527787452846,0.018730203066363256,13.775264129616655,3.7599486746800226,4.109300195387212,1.4804429801366645,3
1.5515249778511802,2.721510518658363,0.0879822077711896,53.206026891580414,-0.032242975260796745,16.701964078513303,3.1386176302911917,7.346778831282102,0.7479236467131282,3
8.608159701741023,6.221695549207646,3.0096880827594585,55.999149531918356,0.18856444530758468,16.810148052439107,3.6307330518363177,0.21748589070995666,4.697850787597785,1
0.9785464039142743,3.2233492879515593,0.10811035961943158,39.39208221712985,0.06888780740122008,10.494487909962759,0.8165322463727672,0.4003011188620338,0.9431323613244293,0
11.653466456227553,7.845281414615286,1.9682886302689044,69.67195028766999,0.2104986402817756,16.396643674375245,2.486944895397686,0.5899729236207061,5.9028763146234375,1
2.5160938634088006,4.066353060759449,0.0005416564208957395,80.95915377072832,1.7927366865291825,23.13118350016509,7.329681202497936,0.4856960405380132,1.543184095572746,2
2.9145378227533025,2.5852292178975333,-0.47944781820311166,49.05288850978239,0.019380564823334497,16.62077125646462,3.015339372105202,4.518796898749121,1.1692144370046638,3
2.910745735996013,4.231438001110474,0.08968862638062516,76.02997758248075,0.6601067230326935,21.966996890948288,8.48505312873591,0.3213317241318824,0.9346482951041207,2
0.7147678386955104,2.7678183135466288,0.07392919569212562,32.3016768278801,0.015417530794569825,15.085378924482486,0.39437124049811517,0.3157858750962771,0.6638660134926028,0
1.0849703194817708,2.5540428366880064,-0.04829768399028625,46.83247844535737,0.0010568690091855711,11.74626634416012,0.5747504655679319,0.38380903287324186,0.2040382075999254,0
2.5612104506388302,3.691336606055042,0.47691219580398403,107.42454593036395,0.6251705954454677,36.047834860704846,7.4312185467793475,0.23015573120512683,1.4567682431990359,2
1.1958945662839586,2.9837754056106967,-0.2661802958590465,48.166242712556176,-0.08362070849338481,13.354230837796882,0.19656317951629662,0.42128204265726477,0.6606411970831589,0
1.0650102313355023,3.7580466110443047,-0.20146322621402668,52.79271862682676,0.17166402585502308,14.106638434810147,3.9588992363806805,6.940447935820156,1.0922393806648585,3
1.3693222348400005,2.690795932872828,-0.27903331156668987,43.9015590909206,0.09365282507237721,15.585867733322221,0.36598166247610825,0.1594407160900337,0.662393148351786,0
1.9785734193749793,2.895303159400206,-0.1969041796182875,41.805571183736454,0.09304423611591991,11.099979374794763,0.58704116204917,0.3191853974722245,0.27648166429520127,0
0.7054766873003635,3.1795633044621856,-0.23707005080894647,32.33859704655021,0.010099190132059108,11.974115067541405,0.5009876350122645,0.5053768997350275,0.5032409214412642,0
0.6737278961771213,3.12279381863158,0.23571555900763302,41.774450800826656,0.02630536203711454,11.312740721670062,0.7577561096335101,0.44218135333437036,0.21528506098287403,0
2.446131207159429,4.153845171807096,0.33356217746635564,74.24607302388405,1.9075438971475691,20.314098814116484,4.463606156270372,0.3849564612193372,2.074577553698517,2
1.795007819265399,3.917939501635058,0.2313157079176756,42.65220993215808,0.1733279638290976,14.23432038007541,3.092422519539681,5.155568576709147,0.5115697839179698,3
7.573216765257195,14.432950493788862,1.5398154059072735,68.54364765345277,0.24618382821706025,16.404081531645517,3.048291201026638,0.25664201434303513,3.146871575541776,1
2.3026678981969715,3.347926247275915,-0.12072069713289287,51.20724229318705,-0.022612633679572103,13.73544950011388,4.979886685271376,7.629256087473289,1.2129387087357173,3
1.0534563887107726,3.175481734927364,-0.07724839152550435,44.81880821287231,-0.08385092534861618,11.673571488881311,0.336034017839367,0.19787131803612723,0.5459524857074586,0
1.8287613485107035,3.4592248353859043,-0.024348803853061006,37.208820342328856,-0.05484126143657778,12.171809731156332,0.523597626518334,0.1264451255058338,0.2611564764592153,0
1.751081140832683,2.62192270872007,-0.29016511760314895,37.9798622168424,0.023050349373018395,13.060869623424827,0.14562781931855748,0.2682219783562375,0.8036771235183926,0
10.516490746609746,12.220035045364273,4.2219227122642105,50.89514891716953,0.11045191921051423,15.781618864357883,2.380193881399243,0.16869741959185355,5.157339285827362,1
1.2437259284224749,3.9105839229966732,-0.037953752733120814,52.42577762411547,0.012349101057066488,15.315209044879829,3.81738196044106,9.376531955360178,0.6610364587327016,3
3.0193596985706996,4.3792288193659,0.12910713826466275,114.49634744072057,1.2404504627694781,24.955653151237474,3.589895658521052,0.46204828605159665,0.7055574133258258,2
0.6358385706968999,2.976257203199472,0.031899496449042726,50.01197843908756,0.080278174744703,15.266190934975493,0.4845235458529569,0.4332424280045572,0.7199050220677082,0
1.5924458957657779,3.270662456557756,0.0836672015099846,47.55820806218002,-0.06688779507589551,14.039272078904531,0.84234162433404,0.38784753028443103,0.6286302664621366,0
0.5324019262083917,2.8831278305766523,0.16497706960889721,42.41834309148182,0.01388288028086435,11.007390535518395,0.5928244884492515,0.1849828373709686,0.8686344075207991,0
2.954111118174362,4.905109611320317,0.16835568915229773,84.23572188949429,1.8460044422869544,27.31461560871797,5.142348986376494,0.12200431555043119,1.761205497571274,2
1.4557220727179572,2.9193025737887393,0.09522519237828779,44.028958792669776,0.02652934970065078,15.182021071061598,0.4185527928675226,0.43986514045843683,0.9689172210119246,0
1.2228821426101315,2.840231438695378,0.2870084235285893,46.051148932185185,0.032907216740306,11.88874649000176,0.6441113179972445,0.18054955297333225,0.6967085685795912,0
1.590610209320897,3.0902391665207607,0.07096879043960537,47.87765209917316,0.0533711762975836,13.934383654628974,0.8308212848300178,0.369813657569663,0.6792428420297169,0
0.6382687978552352,3.2176906539444325,0.10577927544331821,40.60898027073383,0.03379298533198563,12.673910180099584,0.9342093036352701,0.33722819007960425,0.5271278890130617,0
0.749705782240362,3.420394370797875,-0.10111626890037377,55.253367938829946,0.045517021847926324,16.417098209208113,0.3215878309533517,0.18186554620310594,0.306119935833328,0
1.4548094201339707,3.5540139692830075,0.09229795942929823,36.59255972570883,0.12997349903866734,13.171868454761618,4.971993318633031,6.416442538160133,0.4289304931196368,3
8.682733906660955,8.382843226722528,3.7365943291342525,51.91059791776493,0.13970495125074162,17.35949534573518,1.9473760317745883,0.3381037842327018,3.9505923847713764,1
3.3029775276250173,4.599435630521323,0.4066998233964931,99.37399378610411,0.6988747981976583,24.173231237666112,6.2541103094821535,0.21545599986596048,1.9444761693028931,2
1.6994372319497533,2.4053665315269512,0.11932769473894468,43.8286056640465,0.07491038037231025,12.277339689406844,0.9972822969736406,0.4288145143057196,0.5767438895939131,0
1.3135496006372147,2.8788047609050924,-0.1309279556500868,39.81569850354608,-0.05505685168379179,9.990826567444723,0.23229568781098475,0.37062107240487935,0.4123905700462254,0
0.8517735303173745,2.8110702194149466,0.09303290139365075,31.37411088894144,-0.03571300603636704,12.929670567930122,0.9221264588225122,0.22528717770697465,0.9661902721645659,0
0.703520439542464,2.7855233920851483,0.2353113757137573,50.57860064189352,-0.03487391684357809,10.741966043623583,0.2596156892283903,0.2855262501571704,0.537460609451672,0
7.271417195464315,9.942703850582003,3.198228828104118,61.46368875198424,0.29282299932963063,14.319071273044857,2.6262199194628604,0.17247538567293896,3.57331283729974,1
1.5541604218026772,3.2656444577515247,0.2097174855175256,34.85056157152698,0.06805242216999369,12.266730203266537,0.9553636936114503,0.11535034678971348,1.0456621718229056,0
0.7070998460918465,2.482045733213938,0.2802362410403973,50.3028294443713,-0.031525196451921936,10.994394492906691,0.8190617626543044,0.26606894447124496,0.6059020438992251,0
7.204932538687666,9.53419971551453,3.2090362419977665,54.783573777411796,0.17042052798582333,17.37533814272424,2.2537670457805348,0.40981555668775194,4.172694600775462,1
3.2427793691714517,3.549346559683305,0.14501434636424826,50.5668362556235,0.004863801264120581,16.85577148935681,2.3822421880906446,7.0876956989303554,1.2386153615857163,3
1.7123676716638188,3.0721643303540054,0.28378161878456065,39.61212195660772,-0.008521811150951712,10.528546127721551,0.207594084086082,0.3962292749061642,0.2886995397366507,0
1.1612934961742694,3.206648784801615,0.1667752212649159,31.801506003626,-0.1031099085442137,11.070156575634947,0.33830069674408936,0.31712998883845167,0.7209142911085094,0
0.8496788377343314,3.133695110249383,-0.10304765122430776,43.07799980025718,0.06827128987614463,13.087377808716742,0.6949414204635905,0.44550145395907753,0.7863421508513293,0
4.445108334031478,3.748780192639855,0.4110984680760791,87.63275300284451,0.8483687563571021,36.68220741677448,3.26832498728722,0.13287508608511067,1.9948112664154192,2
1.0583027376351395,3.1803928281795733,0.14565075251078594,35.47843162143777,-0.03646007265294899,12.563648057824967,0.5474741564555172,0.10699418629097994,0.3788728830456498,0
4.749307490416181,4.877319178593198,0.35813305616760677,103.56539539357485,0.94345833635926,28.633059202864803,4.5188069257368495,0.3993465809639515,0.9701909147535194,2
8.878746346587251,15.238322627181494,2.328119446583158,61.78251580118339,0.2398642376242156,19.966463381181285,3.307068515468987,0.4429096853096414,7.013932059743675,1
1.221503758245213,3.8080107098153557,0.16242065934962163,42.94451511864633,-0.011074184636054194,12.411665663513169,0.13399717732860206,0.47283937994351566,0.793977093789819,0
1.528777223166717,3.2525448094802023,-0.1053766305391588,30.05224923528993,0.09483741364717714,10.70575978880548,0.13636312789804167,0.1298037309433759,0.5735207579525691,0
1.8363186305345578,2.937275595879066,0.2822835615692012,48.630929033943985,0.08048045963627154,12.512279417244377,0.5971927842653335,0.1906497010832447,0.5647969615398958,0
10.546091003100315,11.849616229520539,3.592096759868017,62.13087481663462,0.10245797567524882,17.04223354853471,4.133929558136672,0.11276090028163278,5.023721847646189,1
0.7971703155671496,2.823180490594996,0.20822134122678795,41.28090816154432,-0.08733350267699744,12.722570237805465,0.8141528312626936,0.22877689654921096,0.37122888143105903,0
1.1807774172410495,2.838394552800686,-0.22218392630050854,45.02696578806033,0.15336902878441594,17.21974087004533,2.6814848469058865,6.612993665303716,0.6749570793987368,3
1.5983392577823516,2.7525031573515624,0.4410849615654686,46.594392992971954,0.039967642626416736,13.261801496783221,2.9194772635812347,7.874520480155532,0.4060531271985006,3
0.748855641059921,3.1377890705949114,-0.03126281380995863,39.355493424584886,0.0057847055336509535,11.468467032863957,0.1552503994891771,0.43438686782694574,0.696097537832292,0
1.0439036124749876,3.5138548571965815,-0.024560353851825097,51.11225465886166,-0.07691497613449383,12.64791805377539,0.6356784032927925,0.3912273360445619,0.6339174854212307,0
10.978376421327802,8.750270690721313,3.8475532951278493,56.43485352061132,0.2699350182313892,20.582448737017785,3.3116183602784193,0.5107378412393497,6.043543182270141,1
1.570984056809526,3.5609194782202724,-0.014912433225609326,46.34248407591434,0.11230953544734457,14.722268879968825,2.77440615648041,4.777670559607033,1.3780235894028752,3
0.5721443258772477,3.2307671230603243,0.052302153994847514,32.295344536551404,-0.02851925650092617,11.174525218182843,0.771594739639398,0.39551546925296943,0.26266276763915963,0
2.7544533069711044,4.135549569363845,0.42443098859035366,41.13855043960005,0.04398296246509873,12.802072748911707,3.8575150981788666,4.209024400981244,0.5710405583525854,3
4.289091345294304,3.3875473970713372,0.039878749288869766,94.21677231953865,1.668819192760391,21.13291077688033,3.885402846859471,0.3609381882510481,0.7455607418935613,2
9.676144465587901,9.9930873894548,2.655821919697532,45.46048656626673,0.17301662177696742,13.043966266012955,1.914855126658227,0.4210381178128212,3.2767205802921024,1
3.4757720245867265,3.5761961780820086,-0.40057227743393303,51.18270441812707,0.08486415078603278,16.46178401683164,3.597219375006219,8.265551544854894,1.033205440767281,3
2.566102953741009,3.0875709631642985,0.4584499183375586,95.18160735823992,0.7199269296382731,32.18260977727607,4.894353726086998,0.31689747569560034,0.595154804533179,2
1.2338835238748587,2.5274957431896197,-0.11669440040238035,48.79684484221983,0.028948920978710713,13.09086323183499,0.11303649194703981,0.3662959887446755,0.5016515764735856,0
2.1890455487653635,2.557147757265759,-0.1612816492269139,42.69373254336203,0.17802601315102387,11.759742935254337,2.6316818301056393,6.706902278847641,1.4497113578870335,3
1.045004875524949,3.1240636762901453,0.11991726489380114,27.597870646380464,0.036902979648139614,14.479267551099946,0.3537875872082407,0.291510087681104,1.0441743922004612,0
2.6495643746532824,3.0697269791024624,0.012684801562589613,48.9070465679088,-0.08319765501015869,15.563585232628746,2.3524270879422153,9.3643873725454,0.3774071036085671,3
3.3717446663392585,3.4347219104701185,0.19586988473903225,39.94901614171791,0.11714679873450926,15.297966567323883,4.558352901396503,3.6536325080786627,0.9870571329046424,3
9.922825747993008,9.821438588823487,2.931886870353413,49.65449098124579,0.2335103089474046,20.2271310409718,2.8350986873651687,0.18263472200741596,7.141685284022668,1
3.1702669273846413,5.102327771075344,0.15420733472456083,99.82489714674445,2.012167273380576,30.509718092040128,3.1279802518880904,0.19973173291514312,1.8849596150078944,2
3.1554988197914673,2.791561701921264,0.15218598796254332,45.256356589165925,0.027408250138264117,14.816917173556858,4.081398074566594,4.488323593577532,1.1951487995892809,3
4.26648929331227,4.623840945120519,0.47856018551594176,89.53281783693045,1.5073681131332977,34.6690723015651,7.877793114931549,0.4106251671840738,0.8296172895233226,2
7.825002524404434,10.586930369988332,2.9372964314367254,58.04956002244176,0.11515646874414662,14.223507863196104,2.320124174033549,0.4970369688124482,3.400811526777709,1
0.6136818041413014,3.1136386908124045,-0.054062666136631396,35.45861267556916,0.0130487206264203,13.876434121393709,0.7656876097001625,0.2090423306459748,0.6784916750660921,0
2.278988492666796,3.0700746226809605,-0.3123361180989908,49.06549087666605,0.060267075828946484,15.344617252745945,3.0859921438953233,6.400119760585894,0.7725290654396081,3
4.525353827391735,4.147817294282392,0.2428046871605416,79.24303444129939,0.5770403417721066,18.033556564484016,4.196148822626756,0.3058473911843151,1.0317251588618988,2
1.190277269636782,3.125868731843855,0.343282798196227,44.392243788102675,0.06590001019402991,12.297375272206576,0.6916529016374169,0.24376148355500613,0.7022596595917232,0
1.6241555566124075,2.7341632683535098,0.3129859252901102,33.65022154142602,-0.08111550863515471,12.960273360190069,0.8850719381898601,0.41937424119426553,0.7800594030156585,0
4.142141262563257,4.180088489664104,0.0738422813238839,96.0054930171307,1.6242686200634209,37.28828107941657,6.5363291089288635,0.28817537367311774,0.8974310084376872,2
7.473123673268461,14.821408800423816,2.06596438634949,46.532481141125736,0.11267828151588734,17.184560989581144,3.300743993246107,0.12634811409200228,4.176660820148329,1
0.7703861368306159,2.781842202828978,0.08339866609038932,47.23422167455402,0.03081888988884925,13.644288613458244,0.7870701943407756,0.09875295994986455,0.6990983552454796,0
3.5695120878074404,4.272388987530657,0.25839404013721956,83.46279577129812,0.7879077172304922,26.17388829274963,3.8127134079440075,0.21220455551092798,0.8220916055029753,2
12.111669651003698,11.698727587711891,3.2479234704384576,50.30080937357126,0.12850444332581643,18.52200153518752,2.7443755752705217,0.14424277035594998,5.7001980363566025,1
1.3104302433800648,2.9172411247791517,-0.037080695090582504,53.706110064953585,0.15933621197784537,17.832670915836925,5.254210237417341,9.284274857702744,0.740418238234003,3
0.5694971381449846,3.0113279717156454,0.2468527437621943,35.2538350201018,-0.07029867543630497,15.037191951016949,0.9010639410804353,0.25228181623232065,0.8412351671126281,0
1.1879012114814558,3.092269681562259,0.21314759795143381,44.75553641769269,0.06597125771519888,13.820037616814206,0.980770111410129,0.2027507022364913,0.9866876684817057,0
0.5680957131039687,2.887394183070051,-0.30356703005274605,45.962474640385736,0.03294355293345447,13.753508857616419,0.7792375211187861,0.39429802570192474,0.6336859288535827,0
5.013753265015302,4.792070476903857,0.0011078064260043386,90.45516841897931,1.7109489073641935,30.56473466273998,3.5398415270310153,0.2270102796103862,1.515561585793064,2
2.1362618848061024,3.0135789758953213,0.5240545855907887,99.58930099035528,0.73799889750404,29.950190932006116,6.531914205016907,0.2018897487222694,1.7354127430637827,2
1.8863882704890687,3.2958081378207984,0.08411348429848806,44.5265355138278,-0.03304320723557849,9.956619613908519,0.7300224491240946,0.4991964000034292,0.7336163630084913,0
0.5802110173747704,2.596458989250182,-0.1151420997829758,50.24349979373798,0.07742158928689177,10.138756502829489,0.5335035619685131,0.3787753215389969,0.28864465364303143,0
10.779131703034423,8.65877675063389,4.16613951221704,53.63268050832026,0.27705214841556763,14.52679516131529,2.04640687081213,0.5252205294968917,4.481110452164527,1
10.033455206418711,11.704319828251615,1.5763430128779,49.86710485327798,0.17975853040255885,16.047660932970256,3.0871323603979173,0.1957295266831774,7.146913505869211,1
0.5685262248619429,3.211022793350788,0.2629911520661146,36.42726339806756,-0.02780313135942055,10.997481616034571,0.2721679116750396,0.21071254010583984,0.17877224989778068,0
1.7253714478746425,3.716010853764699,0.43450190083192947,36.98058801278428,-0.06856230645639957,16.135732192940363,3.6375321978135338,5.940825590435959,0.5388421053377827,3
2.7147890256801563,3.015042415738347,-0.2699215545102009,45.979824943671105,0.1916010039653408,12.010904827967124,4.836721407460441,8.971976710692811,0.9059918857374739,3
10.248339799467463,11.152640569657946,1.8361560342112555,56.61500565056163,0.05429850204356008,18.838689889505343,3.7385528865086304,0.2616007944150535,6.301546033110898,1
0.5959749290807205,2.7965299903084566,-0.10246027624202456,31.601000364033855,0.06561745540110447,14.97348028894124,0.6235268799829182,0.3261905694860414,0.3393923747252073,0
1.2607752159396828,2.6673739608039457,0.09434339897081834,36.98133705774277,0.020947228664334874,15.955467671346685,0.14906675449301285,0.25907825636406107,0.4417776135657514,0
10.444092754093765,11.190273574557596,2.2292209183438465,60.81428933257973,0.15355676990693698,15.966438046267752,2.2981074059998,0.5251410873574404,6.675030807081136,1
2.8161865284744665,3.876654590927618,0.2973026786227765,46.92126417641996,-0.0012164710073328667,14.087737829669841,3.404511652003114,6.7047545891820866,1.4507894445633462,3
5.808690280289,14.630698177757786,2.6351694183082848,51.4486896911229,0.2739526795443144,17.885623175477857,3.951337232183559,0.5349432363083645,3.434443835740005,1
1.7257124311370098,3.0777322286718833,0.24561541512702684,36.03565426791403,-0.022860061244475482,12.312805084724479,0.854459912024368,0.43159230512147423,0.9306491314291596,0
2.1198468301556557,2.522038798380674,-0.06950113930456218,44.57039114926286,0.0561492274608794,14.52583461842589,0.7745456157122611,0.33828161622541375,0.8632320479903962,0
1.2790183492073008,2.848550115618537,-0.05335642629186742,40.36778336211117,0.05936405339622251,9.659993018146075,0.16136053103076486,0.3294659294372597,0.7956423583951456,0
2.0827658596686702,2.845368676076709,0.1384561098854935,30.84403224951835,0.07685044858245275,13.32836961868785,0.9400700263734678,0.37572910006366905,0.2063458689851951,0
3.481367922077386,4.4517317610860045,0.36867526785240096,77.60774214946079,0.6682730167093671,31.730721641349287,6.476136430772015,0.4851035416304888,1.1686096286866248,2
0.7029678374813068,3.4839173702243955,-0.27280992375231006,31.76142078955448,-0.03874967428250935,9.987715420710604,0.5156346326881089,0.3655067142561709,0.5891837198014312,0
2.422755068669904,3.281511398373385,0.0022886967863851313,38.71911735784025,0.05852517655943176,17.348251003638303,2.9030657808892926,8.673810384244804,0.6698771561031441,3
0.7225765983349606,2.652161996807345,0.21439853144377063,41.223968060354395,-0.08305614484359772,13.665346037720834,0.38377815907828094,0.27846345426222563,0.3280101005423315,0
2.136274086063722,3.403505594576052,0.02814304795452937,100.31292993436763,1.1879690561036051,31.137559624078932,3.5033098588176514,0.4215426107953021,1.211213938065373,2
4.427190817053389,4.677951579225813,0.39602626999786344,97.90935509421176,1.3536899416061392,28.136431054774732,6.585553113092766,0.43630689472428524,0.5245284224651854,2
1.04169693052103,2.9434801554101058,0.27494120704402436,43.230370824074484,0.034733635181441555,10.33361578952853,0.7155998296271606,0.12493423360663103,0.551762275707552,0
1.086367327540054,2.47949440278707,-0.028831542603553077,39.787689413121335,0.07454702859104256,11.884960990161087,0.5457597055936363,0.35007678721936486,0.3505695941774035,0
2.2690102186466468,3.845911281296849,0.47852666332367216,50.53841844565799,0.1907534235407084,17.911562099817527,3.1215646057602933,6.621833046831907,1.1547032106560582,3
0.5455188010037505,3.2272197599963146,-0.2913455795140099,35.77560839139596,-0.05246034609639343,12.893302638240854,0.9197523760176658,0.45071543607967596,0.29352369637920406,0
1.1653788485998113,2.7551120829807645,0.2879881793345675,50.865916672573285,-0.028514178677113144,13.45025547579981,4.5164217157970175,6.118904033406256,0.4996406355600772,3
5.779581073925914,13.630939869195506,3.268251471047411,46.61208979449226,0.2787858390194157,17.170101064566122,2.6210431654329582,0.2317183912126241,7.2770236360529585,1
6.232338369680311,7.347495523106673,3.3902423148016747,63.12621376847727,0.13016431319901595,15.398817292039926,2.3510706547100626,0.26954277279950106,7.364888892703018,1
1.7992914831568858,3.67685549119714,-0.05147999221674967,42.017558458752355,-0.06274812282523574,10.721999268216102,0.12457825666743885,0.1964032952318974,0.32882815359635,0
6.330905298177507,8.954273878634293,2.116036153835971,56.38330758583735,0.07843723322579457,16.95794070250061,1.672437604311315,0.36107380483099044,5.2940201706446635,1
0.7402308235261971,3.1586787649667474,-0.07269018334738037,33.16475773736214,-0.027599245341522284,10.56177696182424,0.6389982745979594,0.4936137903697565,0.7932608568538732,0
1.655859762495645,3.3560958273376484,-0.18292237782978024,33.46712043145336,0.07722521006179456,12.822821542887526,0.8345415512337185,0.20466853662180412,0.6328335622876797,0
1.7477138006806487,3.5480392760106048,0.08829800156174794,34.41375565233794,-0.06526086330968148,14.298342691889955,0.13890775615356224,0.1897573206325024,0.802129145521569,0
1.1483115273589257,3.0751616718549237,-0.12225121287261508,37.36695882541142,0.02841128167154919,10.298412748449307,0.5665623088715042,0.3000469069780664,0.2662118437048817,0
2.4124407936402523,4.778670547636615,0.21811994537911827,98.44003303020412,0.8726106062181783,30.544586849082833,5.134014075741123,0.3612645539302676,1.285557646703107,2
0.7190436711898115,3.4266802548713216,-0.2692346633775515,37.092423972688444,-0.0528033746869048,9.618997464704877,0.44331685039108515,0.43321190434213536,0.25043741170116945,0
1.1544639955801739,3.1411326069758125,0.280109757029673,47.65769020910973,0.00835812752320135,12.881453536266415,0.9411670671929933,0.1693720381492601,0.46855928284010323,0
5.563204336208606,6.141670007400819,2.817076524095597,53.32623192136658,0.22978503324444371,18.47779974261985,1.8028449655511054,0.5181742406623587,4.181079041313105,1
1.578779995119988,2.700760497817071,0.01690969179037867,31.49808535422204,0.07853753364363382,14.423667872900415,0.3577042287583492,0.35895784737117553,0.4766566951664563,0
10.532914299201208,13.075455458009177,2.6167060682779,52.188989963928165,0.24096441081836523,19.20164972157853,3.1537545863228647,0.45019111272957035,4.765976209921623,1
0.9495888634996708,2.711451785646644,0.13814666149084584,35.28537654671143,0.08357751242843056,10.20954307371491,0.574638949676825,0.3249896218324785,0.8195511417755033,0
3.523415252872468,2.911482845777645,-0.3259672191258052,38.1517887573974,0.07871116617004571,15.168214603903303,3.5981517073230336,4.59572472055943,1.4480685425282784,3
0.995656965022317,2.8279854635243344,0.15533475140533506,44.93764826883364,0.06027396671741946,11.03097153897646,0.6651987607258156,0.1433145571564066,0.438823717391842,0
0.7182125694505852,2.8219697210305026,0.23908945164806022,35.49488365871469,-0.024352445323661976,13.185897983430475,0.6025268216185483,0.10913180724825255,0.39567292033807416,0
1.4474836650295968,3.6208712479940437,-0.08860559686349281,42.97981510602596,-0.04132685699602554,13.344294232776809,0.27879166499979113,0.4366523919671912,0.7146583504858166,0
0.6079242072990519,2.5061573821612195,0.2268662684153303,30.447765679161648,-0.08853551071286934,11.38211191745728,0.601022177314652,0.37000398151627717,0.6615673071424103,0
1.4732687955334092,2.7826695679681115,0.036988407566342654,43.55299998606924,0.0049852513590623124,10.457253831710455,0.7121620294407973,0.3326514043858869,0.4532593450950979,0
11.188135942980018,10.123584688361163,3.8848603030228825,61.09940771886337,0.23016068035179615,15.974601389562398,3.7618031848152342,0.15084539238321604,7.596140409127422,1
1.2797773750291526,3.3154616564971153,-0.2877767392770818,50.00457848059361,0.07715878473446225,13.89608851400807,4.7351124992220806,9.615434242656038,1.0200869636175132,3
4.184665346834134,5.061297584907847,0.4490963684200902,102.70784330781727,0.5174183441024028,21.577504344662117,6.92758880042135,0.1493267757118454,0.498046258549621,2
0.7530380906370922,3.0282651863487677,0.0675112360797722,36.173519666519056,-0.0736162217963955,10.739990689835583,0.5532309447616237,0.3198440858735357,0.6327717528796961,0
1.6085116998201416,3.0019968327222357,0.2646755907088902,48.13097492040611,0.004971559517649082,11.49223435008053,0.525994680165958,0.2389786828150804,0.36577475388123976,0
1.3977964889409762,2.893797325284492,0.4310558028565942,37.03872361140662,0.17186718966849757,14.654667226542914,2.3069384452058594,4.356644111269893,1.4805838176080828,3
1.0292377552966223,3.59563375353246,-0.13375462563685084,40.957245279453076,-0.02383121382236103,11.587978378029357,0.8890866635683211,0.3637558231765214,0.3618596460197122,0
4.308849254339159,5.512751508608126,0.31457606870675087,96.06783572753854,1.4760138403450558,23.200187798387507,7.72187249362036,0.47011172842803883,1.4866753239130412,2
1.1691357686992436,3.2572792788360685,0.057711458687931955,39.87001808273822,-0.1008931625460553,11.86711357371902,0.1771179479230843,0.1787783997487176,0.69379118357847,0
1.3926884262852675,3.0027431980427552,-0.16671382644212548,42.995145930427164,0.034600340149957165,10.962429359051916,0.6964923881572479,0.29027115202135945,0.6221588210994045,0
1.9227006163070997,2.825802438776308,-0.3818239438646389,32.921329103189116,0.02034036904967564,16.0416510740036,2.228938555145439,3.8703053557864626,0.7612570500256705,3
0.4970348987616806,2.6050335588456024,-0.14215601004857695,46.23729584075669,0.08049833759542625,10.590243411232175,0.21528818694676202,0.3876845574070728,0.37196539600982154,0
1.5284434830927227,2.5289677957410372,0.11948189148381486,34.78585983702343,-0.06181769792173629,10.271391480284192,0.4277443489939895,0.14288985154214878,0.6338015398095213,0
1.2692562521325517,3.1752873867728715,0.2536820165115631,47.12972124029817,-0.0273047884889914,14.8165673292668,0.5369518280856794,0.44313603903699494,0.7412498392369492,0
1.7376468921800894,2.8964737471756106,-0.1814132105306333,46.51640908396729,0.01804863697366234,19.41359309269591,3.4705140682465045,3.978197375780549,1.2845397523174433,3
0.6737175689452778,3.0705606401723684,0.1528509028018018,50.30344618821259,-0.0064132995531605485,12.662119564297765,0.9303861491625115,0.30344648706377353,0.9030201141246391,0
1.095409796221057,2.886370638158881,-0.1508020009128884,28.704084119533725,0.07603497335797559,14.124503915651836,0.8692508771951886,0.3141896327289196,0.9679849567029323,0
3.63265681245426,3.7573320029324915,0.07552544779178404,89.44411806486997,0.7081111141244973,30.192103457537787,3.267210354949386,0.3569115701041781,1.4577896236202343,2
1.2285744830079666,2.5571284852818597,0.25347426185242883,40.389493967826425,0.0248937452300739,11.95308145333847,0.18061638749527784,0.4545178192503887,0.3702885605519262,0
1.7906932670049094,2.6787647838311535,-0.26479152916988546,30.314131543576387,-0.07323404998140239,11.925486065566009,0.49950993420025624,0.14443538768771777,0.2797071640551016,0
0.8337491200626896,2.4591375536248825,-0.06554204852554785,34.481271612016165,-0.00045558995378661133,13.154030499813638,0.835305190816876,0.29675580431173904,0.9231686485202397,0
3.302381848089073,3.2264486578592595,0.17977955155968225,113.88367772903956,1.4672419855456476,33.05715874885225,4.097666424280661,0.3765448324697495,1.565394824105333,2
8.739880751018513,7.333097358830746,2.21845637157169,64.55582310324627,0.30390895284478947,14.589709161985748,3.305050367703524,0.6040579518630776,3.755792566701362,1
2.8748655785015873,2.654497400231761,-0.027473774165090187,46.623047462553316,0.15163713739841508,13.30485952492526,2.470528193589364,9.15768753463405,1.2372754901581577,3
9.254112452758267,10.668235164935496,3.2610375795856275,59.26209415469295,0.11913775887184676,17.8667168317461,3.293135476479748,0.5248575518110838,4.649818521665668,1
0.6406232511761956,3.5823576274453535,0.11306970997338087,43.8170802687003,0.01618690326562726,13.186207368722771,0.7962489460550657,0.3701984140350265,0.3912278351018904,0
4.2200128447771394,4.996811164266708,0.28481575422618766,84.93649078923825,1.8604566968405918,23.949076249326733,3.1532963025349057,0.12918807832418105,1.2284549996127978,2
2.639326883824665,2.855328509609741,0.15464067917602278,49.79542712264267,-0.0017959231351722142,16.327033762795033,2.4237691164753894,3.7647010174571656,0.4488621996859575,3
0.6064498005963181,3.403943516892565,-0.27850759234825434,35.07560206055321,-0.0771672442868096,14.907390457290502,0.44263125237391343,0.10716760688565143,0.5816878845877804,0
2.1082621907668386,2.9246448459436625,-0.0903623223533416,53.03780342338722,-0.04853264773363791,16.93056260958028,2.8904128374332507,3.272297885823669,1.2432808207406758,3
11.277013632083658,9.854967815850847,2.843950234845562,51.43223336640587,0.1510457441300522,18.710028755872443,3.594472814113614,0.38363535439373936,6.521371819747304,1
1.8166524440684442,3.32186385550615,-0.3731331303654593,35.64854873862071,0.01262364831995693,13.375267786121318,3.652331887844334,6.884733329864543,0.29657901000694525,3
2.168958559762756,3.633204689081467,0.0754340871363851,40.751259894337856,-0.07883086638311448,15.372373228966413,2.5211110688484086,9.303320306756696,0.7333859835612528,3
0.6315543690027703,3.5238205225631996,0.09896867316368908,40.74917476924645,-0.09341261548517506,11.768107052081719,0.4197064465652193,0.4307473087982291,0.9660203139541577,0
7.463846292549939,12.560096690094182,2.858775664492703,50.99598953948177,0.202662115702273,14.662582996515344,2.137816337835172,0.4390591050674654,6.271054590060241,1
8.68455285229825,15.05302341533991,4.000012830651265,50.75361364624222,0.07395537538711303,19.223323532273696,2.5350744346471736,0.1724027237379942,6.906330093678596,1
2.5379572223603533,3.7970140889740214,0.308207580354509,79.53067060962404,0.8266635578524674,26.394905636317407,3.8055515056491984,0.38913994801972224,1.5109118641789234,2
1.2026384671265262,3.2466247928677436,0.5057114751814502,44.857861274299204,0.16321043208494815,13.434866845131541,2.791153910345014,5.433185271988099,1.2882042935098088,3
1.6526331877852212,2.7996917738689167,-0.021716975999997695,33.733935316837865,0.08609938330480531,16.382497054432577,0.2819189842011733,0.37472512771364364,0.7215254670548004,0
0.6429235124345375,2.9601379879700653,0.26447585768731435,38.28673324999725,0.08510388355900807,13.112915859197328,0.4379202823881524,0.33600022158873716,0.2524563498216476,0
3.751505585166091,4.440524853159238,0.12751137694202647,93.30141720289255,0.5743661663381685,23.23747010183258,4.893329512909211,0.2568966349229813,1.504193054519974,2
4.416882230859022,5.198027047295501,0.31034169974517234,94.27269644689005,1.8389218577912816,24.28912443199592,5.286347323431269,0.2507138677322063,0.8927393123891116,2
11.540269182763765,13.507645048132597,2.6378274195173095,59.72290348175526,0.23871551732655666,14.897784950395216,2.387280326037602,0.42636906469117414,5.295024415206831,1
3.7205278678111657,3.453803585360914,0.24931529723050383,80.10812823523699,1.2929345160097123,22.426864078412827,3.9960296964064534,0.3358905911377377,2.0470042425014983,2
2.440492199865327,4.985459625434102,0.080795044353899,104.62878596590498,1.3785050153447738,22.888785742889866,5.177519568549285,0.18288835595732927,0.9045979983077007,2
1.3106917151699902,2.403335487384483,0.19896597265372346,46.02869051711813,-0.06052976510770176,13.765820174563736,0.7592230830087027,0.16071825812348073,0.3623166142240867,0
1.5239576227851668,3.3180544493396873,-0.24489588682784802,39.12771276387345,-0.002884588465377832,10.538826962848773,0.8738322567736835,0.3373873744343603,0.38368400703114025,0
1.603610268443377,2.4368249568314133,-0.2916997519582076,34.09563428393099,-0.0018874482649800183,11.208801621823968,0.9128579904510963,0.29550948113315556,1.0251057655836722,0
3.8696279150860953,5.036792176157286,0.5398707456742539,100.10092864167149,1.2190648727342117,32.04275481199366,6.5883033929997055,0.371620471841714,1.7149168706572826,2
1.2318801788356595,2.957386276876194,-0.05616608269286644,36.539895179718656,-0.10133126357166093,14.832283243601488,1.0299002840683824,0.3735422188449566,0.9054500931721602,0
3.1061759941439435,3.507558668091211,-0.16240420087962268,35.70754572619232,0.05805442645061449,18.932848898856143,4.825386866907224,7.439020147293767,0.8942145868172412,3
1.3658212346596588,3.38664997369581,0.1240574349551217,40.39189670958882,0.0406228986717161,14.647534938716532,0.6174720907662323,0.413638990316776,0.888597953680386,0
1.4312795124784072,3.1108969805393105,-0.1744715281948381,45.22000848573403,-0.0022550878100553004,12.82091913901994,0.2705505002220032,0.1373827600531581,0.5281261951291344,0
4.1474511603443585,3.375733568473555,0.055881222890433804,105.22478967298235,1.496603779503215,31.618804220317177,4.508164675584863,0.43414088197335654,1.3046509466422576,2
1.5669861218843737,3.3978795887071853,-0.19337706049710848,30.696496999974677,0.08923723105721101,13.490378224505305,0.8202836033114274,0.2833437974517045,0.7091677979693296,0
2.3590322843390226,4.414204751824997,-0.19678553406965638,36.77569697026583,0.15754043337864618,17.248978358421095,4.085720098030748,7.4123038745548095,0.9844857489985269,3
7.74035101818554,8.556550889889687,3.101104305103329,49.831239621733474,0.28842497814409745,22.404627189969133,1.893345589600414,0.3541261402498976,2.8498011251592223,1
2.1283565904523867,2.986246346317468,-0.27835477761696054,37.280837040274115,-0.0011992738962232682,9.46461942536137,1.0117135516206819,0.2854700457221915,0.8375613486003488,0
10.329415445092152,13.63781970197637,1.730250387067077,52.03542922257896,0.1806701659859796,14.564108931327254,3.4758549315583838,0.13894883563301866,5.924236777147963,1
0.8831449010328256,3.6890065366118385,-0.2018307181126765,38.25626401125208,-0.0048921114431950494,13.142142053463939,0.622303200906959,0.1341910453844171,0.34831425409049405,0
0.8597984732113556,3.357976894264025,-0.16839608818917304,37.25434437836143,0.0575331960429685,13.376267364774138,0.8994774527547229,0.21133726095393102,0.7004900496274844,0
2.5296992335662893,4.2652539857733345,0.18169349313022098,32.68761050199325,0.05969335515391351,18.383877171094547,4.3646361463870536,5.992478255960265,1.0901417900977801,3
1.180394228580774,3.325104699676276,0.17298681102175842,35.954239328660414,-0.06994745906245274,10.455904497439896,0.41092524296973504,0.10765193144813814,0.29978195723592005,0
11.796192722708563,11.396046554591045,2.431004625771512,63.69033387704217,0.1420822382270548,18.8587074907896,1.6761422956795902,0.4798664250652779,4.567694128086219,1
0.7227894151348812,2.9629468508385504,0.18816832472387002,33.48672533565729,-0.0283394354476679,15.594835154034374,0.5246369996678506,0.17767864500975133,0.5867562742215728,0
1.2726388051238913,3.4450625197159526,-0.49844557008186774,43.214339989074396,-0.07922731900650518,12.789568289576819,3.535295127495285,3.1319275041447003,0.4125370680221197,3
11.395948992231043,7.524872603095938,1.97797131593415,52.829356262164204,0.08296733983733173,16.938945338044743,3.3052449724716637,0.3011501637777234,3.4243235785868262,1
4.883426512456411,3.3306058063559703,0.40210622877404606,90.4724934064312,1.1005606937889825,20.998689310114987,5.698510049094004,0.41748079930572213,2.1092030576257597,2
2.3753454666939873,3.24123680228165,-0.23380491667768405,45.715108402117735,-0.020998494664389907,16.425672042632364,4.467592465347381,4.421179849735572,0.5103941969918695,3
0.6466820520357677,3.285442361779721,0.2903744259140833,29.935871383464622,-0.06388045206631156,11.789077075463364,1.0340443270246913,0.47289805459841977,0.919691366989055,0
1.5316703535750424,3.798996740480828,0.0021952172832664517,43.76177387467118,0.03981789420908617,15.449398649756718,2.355599310287081,4.552441492214231,0.4255520772891162,3
1.2938456456868652,2.6525966124886424,-0.0840325608826542,41.28657492380351,-0.03880454768551697,14.1997672215043,0.2605796564785574,0.22132867767546763,0.582648409500087,0
0.9854975720094867,3.270433793960807,0.1145115791426478,42.36828048589046,0.0579640511977903,13.687168265846697,0.46334636893870673,0.12937605949007205,0.6632460074549426,0
0.4708274069649956,3.0621009129633348,0.27659699016179856,35.36768100353017,-0.007156341389959014,11.228470802394078,0.7324907205418149,0.1606222461773675,0.6056399268680579,0
3.325260682315713,4.341635880620637,0.21126491944661557,96.55094919420954,1.337864286348652,28.628869590292563,6.300522588917577,0.4229425791446477,1.7426322481411372,2
0.7981382624691584,2.4299837374599105,0.04901583083139854,33.38032075812311,0.026576127859675582,13.350252332086962,0.7101173298639625,0.13354215883378798,1.017908832189289,0
0.9008905288010098,2.6908507338230647,0.10074831841836784,33.62106483753522,-0.08493544436110977,11.82277048686695,0.5344990347669016,0.12608870370574232,0.7835941170432319,0
1.277403026549186,2.423948594544237,0.028816626614729706,45.304071329810455,0.0492840399967383,14.592766740225644,0.618214253580662,0.1952800428110511,0.4377282628421026,0
0.7665031215100386,2.81817558953696,0.2734088984380496,47.676491647954116,-0.0083153037162611,11.457928421678481,0.13476315373636022,0.3233919431793067,0.5383421076578451,0
1.800282255998519,2.934838752603375,-0.1548729533997632,42.69160496867435,0.00020719432095732792,12.097960138700769,0.5630185823072569,0.4276037576599426,0.8564125851651524,0
1.7587794383320359,3.858681380355924,0.23663979232229476,38.71418072287521,0.2049894316242503,15.59467855594277,3.0650308016547765,4.227621192818824,1.2421077059912193,3
1.546156185811557,2.7873025820017756,0.18636904426722287,32.04059374400522,-0.036376788417726305,12.26402652725615,0.13409090313352445,0.32316951459078697,0.6910745386581326,0
1.414123241169996,3.4092502858914626,-0.08153764026780978,32.41014221038194,-0.036161783486368754,12.757568046701271,0.2683648278948379,0.45630541061257224,0.8815306996712651,0
0.9472837432777841,2.9689445687350657,-0.19528049234020792,30.072010785617508,0.036399816836248294,14.018099393927324,0.44670047162794846,0.500157791297756,0.20793111963487418,0
2.1000937520446956,2.9853559188767673,-0.002582859247683012,42.88126118339342,-0.05741511084340981,12.160025836574974,0.8936079360172865,0.4435962587391767,0.33484881189774285,0
4.144786830973549,3.485512133833201,0.21612154382888865,104.76595471951012,1.1696036095959828,21.395049284050724,7.9215464512602765,0.4076929104028955,0.6142127905593446,2
0.816747040645999,2.456889521221622,0.19625280287303837,33.49445224075597,0.04559010147482928,10.467422708548849,0.11466220953250368,0.3174141290012099,0.9845890447437284,0
1.695564656041566,3.315095228033215,0.06091889118010568,30.59257686827981,0.047045452667661566,10.600320758894581,0.4945644181180511,0.34174275813925076,0.4697605728337772,0
12.423265354504375,11.235532541553765,2.3425297809569465,44.46226566049333,0.268230152833086,18.79405662854626,2.7069757533404037,0.4457454047765435,5.470481907441858,1
1.22689309942639,2.6124282006554496,-0.15828695254342806,33.45686754306513,-0.05160798978558644,12.842726169214586,0.7845968126677,0.26447690101259,0.6723833127487302,0
5.414054600638866,7.502062129147182,1.521692499437081,47.72365864382703,0.2967097911952903,16.761693998179883,3.7189027103428223,0.12459862983426176,6.276414257923603,1
5.222193935294792,8.592870797281433,2.2257831476661303,67.67418414912667,0.3078003957459694,16.53618518491843,1.8984929873276757,0.5845353116869041,8.046149202885946,1
1.9958206371632423,3.3163535468258085,-0.14725949100649482,38.260837749547996,-0.05654301143506616,12.65623611423407,0.2153357857362772,0.30684436924397807,0.6654940157531003,0
3.7809703052053134,3.8557257952721464,0.2711820372853168,101.66858657073291,1.948322099775497,29.631529865188845,6.933101485288145,0.26301141326362937,0.812509898286727,2
0.8931506054071351,2.981415672252468,0.20278799032915007,38.795765819519325,0.07106271022760534,15.018482676729741,0.4113431958123431,0.16969861246908238,0.2439610658724135,0
1.7511623438796233,2.5143580386890116,-0.16445984628274818,34.15766301735548,-0.07606391045259182,14.408308476072458,0.31473833000695234,0.4912162430124192,0.293341426413677,0
1.2577471554595807,2.6791000831501646,0.01960670316264177,39.86590147548099,0.019451539598435832,13.904497969888574,1.0037973837157,0.220412670417032,0.5408957396210629,0
9.904422939432944,12.790604438077452,2.9733397403361304,69.70156873325179,0.21879989088210108,16.479176125330707,2.594516213306685,0.21129198967357732,6.520446696629395,1
8.942184739088825,10.068886988219857,3.4507801809489083,62.08145240535026,0.11879304821805173,13.418759551704417,1.6493844138143061,0.45552935664480293,4.573468057056511,1
1.290268669625603,2.9575314441335037,-0.005797590218458401,43.33070652985914,-0.025546583252614597,12.185856634998405,0.8481223993259012,0.27592744638313976,0.2547948505612211,0
0.7319171788384822,2.7531101710836716,-0.27263137989812486,56.70072206794433,-0.02651230707472585,12.085582363318624,0.332883362983213,0.4578022115970096,0.43846389613270254,0
1.4689614805898863,3.5658718083504892,-0.10864861930832595,43.825829818632904,-0.0886998048905628,13.023457207334198,0.21032648949646143,0.20468358876397966,0.5456263165700239,0
13.187707290692805,7.5932775356619,2.7032467558009485,43.847129542888815,0.17219769358821344,14.730312230341653,2.0450809446100404,0.3328148411905283,6.719026854701288,1
2.1056786409511457,3.322695897496668,-0.06451932948466957,43.06090105857485,0.04225802527065149,12.291910193329736,0.8780468106913878,0.23652130847881692,0.5447223549499338,0
1.2608423138938936,3.3032922385022747,0.028077281907631802,32.803753742225126,0.07198368009915282,10.930151696630626,0.1307455839034598,0.3923092397330472,0.31642216251693905,0
2.3435953809587735,3.4571222458668096,-0.021916554300822375,36.19551311952287,-0.08019802346445108,14.819753615142707,4.37217524800495,4.45744824402718,1.4781159083521576,3
1.6748080108343626,3.224641446907516,0.3166554103072596,38.58221268689474,-0.07516182778399591,10.535713154182178,0.717288051569511,0.1289694555680129,0.6515451219500631,0
0.562678546163661,3.323318370837716,0.018693104511954224,51.2827194310487,-0.06494854209489265,11.430128861487876,0.7593223965264021,0.13115309842433726,0.948274873071149,0
7.33131881898718,10.14474083642898,2.69254968891716,42.72352578402892,0.19581968890036947,18.895000403941882,2.2046876874022447,0.3711473877244641,4.627054054433467,1
1.1574061501263173,3.9773836654229298,0.17822402131330972,46.172021768155105,0.1289658068968343,17.21086407834478,3.3365084200676187,6.792531915154264,0.8729837095020357,3
0.983252186632706,2.920984720580187,-0.2642906687135249,28.38449525355458,-0.08040102864508146,12.258295951119074,0.8517338766198881,0.41274195661294594,0.367644563559727,0
7.559941859304734,12.971635314374023,2.2845849505958737,70.32517393102407,0.0852624991151853,17.29967440991913,2.492148111952746,0.2680001157853551,5.77512475834824,1
0.5806802480491238,2.921196644433839,-0.1607676264204195,41.28866890470579,0.00533224051687137,14.366375202802699,0.23451960461361823,0.5199711694398689,0.6715367276665624,0
1.3463053676622303,3.43846760116863,0.31796379652583395,45.03425019443052,0.13870744703214122,12.592858432004586,2.9302635052125945,8.613042860167958,0.778460106988771,3
1.1389772481806593,2.7273864500649916,-0.11960247296130372,47.06435610838164,0.007944076814511678,10.406131138569908,0.17808508403766257,0.25926752448770174,0.8502892117129239,0
4.334052597811973,3.468336473051588,0.48680949373586047,75.39707908952838,1.6266577916828484,31.18001426273095,2.881478319895945,0.31743567292224734,1.19527675699233,2
2.8647703947193075,3.2491805779013134,0.25358335506821345,36.00801288614291,-0.0055309251475673974,13.595307118902673,2.340295962428685,4.369338840937843,1.4543675303203658,3
1.8594359896333856,3.3433910162320624,0.2835381384155159,93.39490456531851,1.865062440611507,27.079236577893322,3.685825267039838,0.11491169205575756,0.9744910068126549,2
1.4674653381193388,2.525825765533174,0.19550754808503235,34.48812057915107,-0.08431564688010261,13.437074842602334,0.7681769783839428,0.43720623848541135,0.9052388642490684,0
1.199817019533604,3.1428956708098306,-0.26152472652092007,39.97286154565107,-0.0976303934049666,10.022825528545132,0.6376945236812075,0.3519508402897231,0.2326638275350726,0
0.9843810921051092,3.3122089248796716,-0.2876091083107307,40.153044071253014,0.006630169772379219,10.923096044553347,0.5330692127908639,0.3905908138296242,0.43311813332692584,0
1.879756455115384,2.9860124951923264,-0.25240119880398404,38.34420345597391,-0.03672601772297885,12.979974758810414,0.7657779976880007,0.438487167742855,0.6653398371937084,0
4.095440825980454,4.394449374647985,0.011300545013388242,110.00478984537078,1.4535031798409692,32.496269681332976,5.846885675791517,0.42668670252730256,1.1953536844556347,2
1.6421037646267211,2.782343192109888,0.2041422964476302,34.4445150743559,0.04793316848145639,13.047691174527474,0.5793948225939185,0.11586196502596824,0.32369213285313103,0
8.960674259951233,15.121842585949114,1.8873694303885238,60.96073845617027,0.24332602023640998,20.53737814528628,2.5498386080719446,0.38464158455475855,7.419005773056658,1
5.532566668766842,13.09771337857943,2.474934691765549,44.8075790859623,0.21463563783809278,14.458326379198297,3.0037914424062806,0.33925039479806796,6.966499378798294,1
1.521796672091505,2.6030563302207534,0.09711170295893928,31.736218746284568,0.01659853459631255,11.56275253843266,0.8755575606324809,0.3970563579914403,0.44241487916950734,0
1.325393941420935,2.957788074351985,0.2416644966036629,41.19498378567178,-0.03516557608377939,13.73281717579003,0.7379599129561731,0.46282433922610666,0.8623388703757112,0
3.2478515621126527,4.598353782204229,0.33671883365363187,86.9409263038578,0.8147180479450384,33.78963088317108,3.977760732434669,0.4271994756265109,1.052776349574967,2
1.8756229687503334,3.296239971109943,0.22096458464953211,40.80984082103753,0.08967451567661969,11.871748583366058,2.8862138709631586,3.901420922062663,0.8293222046868336,3
0.5398743509588448,2.839504032947257,-0.03370018384149489,43.303366205441016,0.05264906778703915,10.522175114213857,0.8644391453326317,0.4635072135648769,0.8505808342149764,0
1.561223499799605,2.8935294298346954,0.2209680313268897,37.14247702221529,0.07494765655446821,11.871188478338528,0.4635212924552527,0.11761669918933705,0.6125124793084344,0
1.7973115480627464,3.1167334787114225,-0.21602886195538865,37.365439824085904,-0.05560233219110334,11.129560039097333,0.2669496352228582,0.309840482421281,0.5394594687955019,0
1.561903966075445,3.003046882560489,0.1456291149998181,42.734029078727914,-0.04711073469701031,11.5454839789963,0.5471868057258616,0.3591359161690407,0.4887297551686231,0
0.9186237419859049,3.5285823306982373,-0.15323758737658105,46.70666326860167,0.05153915637380358,10.893587734497546,0.5763528174238005,0.17966093017714857,0.4246244911135584,0
1.2830454835787166,3.01964715778002,0.17930949045912287,45.867617663387115,-0.03200129394573188,14.713910214814154,0.6123796049508621,0.2050951526089823,0.22839449010788695,0
3.301077923206141,3.2482389584618723,-0.19939977108686543,37.92765879376398,0.12478434462399296,11.391553437354593,2.4120576982995106,4.739876115959934,0.30753790700874567,3
1.8072899993329654,3.4430703507769422,-0.22326004485731282,43.29514110612776,0.07422638847087545,12.538026407834732,0.5552670063028762,0.29138854423324084,0.2033748370568812,0
1.0571916048716437,3.203805634902575,0.18217279571974143,32.72771121869096,-0.057375132380475063,11.621164125450292,0.10207798049230658,0.3575157231222415,0.7945388969192697,0
6.7737200502962125,10.059485526935982,2.226015022708745,64.63620114758824,0.10585161089009602,18.666327374481735,2.8996371315993983,0.47229655512387614,7.459213611881699,1
0.813839465921389,3.4358019300359723,0.2282384088363623,33.81575485125088,-0.0294277238734264,13.862210541062053,0.7317188068361458,0.2973008123194342,0.7976999211409952,0
2.051991529548528,2.924301373374964,0.15119329981146581,47.35424902344854,0.022842996749027834,14.403697226020798,3.333777149061874,8.892537781971628,0.5396966812962182,3
1.4322263785263423,2.8428226432907833,-0.26798617190388213,37.75420259790076,-0.07586027219825638,13.582979531209745,0.5732338205205746,0.3906262401056461,0.3063099993010554,0
0.8587112740877695,3.7744386853876764,-0.2124639112955706,33.92579945965588,0.05216768122307818,14.117125260279181,0.190674353845036,0.14235332365606557,0.7899900601262161,0
4.2523920913802,3.6054857881735924,0.2524401671410494,90.5310098167065,0.6098500430690625,25.303602366042252,6.04786191452866,0.4362999220901199,0.6415854414592347,2
1.945764808841232,3.2069294962809285,0.03470959293028699,45.67140557267075,-0.09384988566977566,11.062745776589024,0.9619344310862151,0.29462047476040637,0.6622199481070611,0
2.4972303283522312,4.297383770978113,0.07509057277859806,89.59259365643379,0.8561073876877624,32.48123840922283,7.692275729060303,0.27350058880120837,1.5250446343215665,2
1.5014067866335772,2.6517002257386695,-0.4960633233088173,38.37918101506585,-0.019065954512203526,15.807622678667729,2.710795658649844,7.315183697286757,0.7031224867552737,3
0.987660297055413,3.1996430310309107,-0.002542589450132567,47.6537505739188,0.013077816068117564,10.661943375651388,0.7614100437573387,0.1509460262975127,0.8234493362776089,0
2.5638260139625877,3.459540952139873,0.20042527002487737,52.78423266918989,0.20800505159629595,15.353506716145112,3.0056382053697646,6.386770791120432,0.9851926930412074,3
7.498453730803899,10.38149280823961,3.804710476517166,49.24242969102671,0.05367628294056043,18.88975584063706,3.286122281048214,0.550821328273802,4.313179906508553,1
1.9378210775428888,3.5665662081539318,-0.26632085614931095,31.725436667299466,0.07382202785031423,11.999185234962772,0.6887485257628767,0.2556957384296201,0.5806493458234275,0
1.1159770047633775,2.3796142495892796,-0.08259408175590907,34.02505441510779,0.018526688524425943,11.084715227283798,0.8622264104657474,0.2817935214138631,0.7583414166776772,0
1.5682844619252252,3.2498027205653033,0.18759670261635605,47.630088257490016,0.06261201625471778,10.818114149405941,0.7132056332928658,0.34242360549987155,0.7171681064344949,0
0.7766188004834408,3.119402642197134,0.29059558458741996,37.380887846896464,0.02436643656850278,12.403486727106136,0.5930834832350903,0.38005014663616543,0.2907460510901359,0
0.5714122649068316,2.8427846237573453,0.10341448782087412,41.73393833821032,-0.0780296395885893,13.16964175048371,0.8843805345212575,0.4058601575091039,0.6419299519865206,0
2.6295305088796734,3.161764303043142,-0.010078414342347138,45.84890445897269,0.09553192485869173,15.014495392084834,4.112239876945271,6.463078172305334,0.7020853749060192,3
0.8320945837125092,2.8712847934697834,0.2958841471861887,46.55370620179055,0.08120597584224291,10.296260833502469,0.9611132578409453,0.1367397327019451,1.0425965353290958,0
9.596835647837821,10.743133327640416,4.048942546534864,55.70263389355966,0.060688382378312644,17.495715286709583,1.6904658928488319,0.2907232170310363,4.544395113110799,1
2.191279301745864,4.264239431519955,0.297858536010029,107.12017002645369,1.1251565748088361,25.830707269216305,3.248441259532622,0.4487942381193423,0.8794352712659272,2
1.13796333215885,3.116022648043769,0.20048944238744465,38.415540637823845,-0.09704375521191795,12.276584573634503,1.0357651520573423,0.1793674201438496,0.602350185806032,0
1.9334830408221946,3.410843039629724,-0.13883980120421144,38.26145813429384,0.0012248871381793551,12.237181377203012,0.7699041800188654,0.36181007916514546,0.3439029096058874,0
2.3713615203892275,2.530125611688287,0.39265290620210563,42.70047304601077,0.007527298067761436,16.720981831453294,3.9129055532556443,5.321591679696772,1.2035882968889347,3
0.8073237554217952,3.1893315784572147,-0.2504632923178146,51.4027487716054,0.025235450225167596,12.931102429892377,0.38816731945153704,0.4588721674642639,0.8833824974508235,0
2.6110217188739693,2.529794199072243,0.3245661056688029,55.50442489017992,0.02034149400228964,15.66486387449964,4.136513486725856,7.867031871054084,0.885844934959755,3
3.016412995332883,4.2653739685614935,0.21963369945977143,82.31055039929971,0.8843341079341356,23.838974602145335,4.668126225292907,0.136322886665595,1.008904426092806,2
2.5572707978494766,2.4867431751987104,-0.17810459906507112,47.0499342078619,0.13198265109496918,12.11291911881795,2.7141036994943386,9.815066368348075,0.8844423437668684,3
1.1108573876884,2.9256189110401865,-0.018443564557384683,34.17582587466312,-0.01053489432413792,11.560999814759555,0.8029916245162716,0.11203087508256673,0.37797943257931704,0
1.305344931647649,3.089136380403432,0.28044273953256244,47.739346654346626,-0.08162417480900418,13.660859579248447,2.5880554018192017,4.227202079349165,1.417366944007935,3
0.7964738622534174,3.1054960020925213,-0.2098777117187158,34.717483721158274,0.0954867099066063,13.904330256723354,0.1214812918208072,0.4960318759924922,0.8680733093907345,0
2.0226458500800018,3.2964032723051293,-0.045210327565467556,41.20536370657242,-0.06294144085644529,9.765638850294804,0.7473222474778382,0.3727546403579487,0.8680233832597207,0
0.8637404866896661,2.74699140139019,0.15943787767590123,47.627245338399604,0.02356896516548496,12.25333960355307,0.8746931409734169,0.4118277935630152,0.2294529669484393,0
0.9175894998939956,3.006853051862425,-0.0553431167731108,49.89204637434419,0.07261385939603793,14.393290184003236,0.4337204058823857,0.404649464908569,0.8817215170750535,0
2.02910272798591,3.6842832199113915,0.2171040667347965,83.92391255219977,1.8471082696835621,28.20686175966241,6.671673960848765,0.3754561800257143,0.7180287505986757,2
0.8256984099089276,3.0250485691428635,0.2007040710801293,36.35410495255235,-0.02881516365400896,13.983313396956905,0.11947955483790447,0.3524629065542816,0.2741717284510421,0
0.9080966764028697,3.265475846226542,-0.08161714515748042,31.714282401690216,-0.020443956517236017,12.96367465831147,0.6341185001311987,0.3028766385442056,0.9873909318185577,0
8.384510723740462,7.7273192902328915,2.978182208554357,51.3241118569623,0.10896303256127567,19.71668838532551,3.1118614919319985,0.13442761247012797,6.9194756052311295,1
2.6338816882408764,3.2840911257583336,0.23411210232034108,52.259874240166084,0.18593371432885497,16.23194425010574,4.588079319821315,8.470472625793334,1.1352837073308784,3
0.6871620193495482,3.0745178004978304,0.028511030727762048,37.09647214586396,-0.07230590617415529,14.974531014750493,0.7272442908340261,0.15181473949926255,0.5534883982410699,0
2.021461491940958,3.1189138690525966,-0.06704906559535176,47.71168948460036,0.0581200664303864,13.755138703782684,0.6420180449363597,0.42029076308525626,0.9386152046692571,0
1.2991969424968242,2.9820163516041154,0.14249322377148332,44.87096740774371,-0.052901413214232376,14.412574253524927,0.15455565207126348,0.1936337329985042,0.6229512153966317,0
3.271720051965809,3.7926640590670595,0.15889482587752685,41.43077006130383,0.07156126395533058,16.68295609542695,2.5494400890611617,3.7840185823621177,1.2666280484782952,3
1.5780953096967085,2.846875708138216,-0.3056062425285942,45.40820917055145,0.08580050552699936,14.820844731576129,0.31335601754871495,0.13917581887884536,0.3831301482112827,0
1.1706289110779173,2.9759700906714097,-0.2301645601629515,42.24873648042621,0.040688781980392066,14.95303899276236,0.5704508034281944,0.18722780517291812,0.2154835409710255,0
1.1508036000877557,3.3264405396771903,-0.18498733957385102,38.69413167910271,-0.046310090834622085,9.03480467000729,0.9642153616539848,0.11878778904673268,0.8241884938258901,0
1.8260715124294002,2.8421592973761696,0.27687472035826116,47.95546043779593,-0.02165967552370984,14.692820233230892,0.8591687318568592,0.2740447812514207,0.717383316787264,0
0.5695786091718229,3.3855829462834754,-0.005529090687032275,40.40387231823593,0.09053629916395584,13.318762885498751,0.4432216892851119,0.1581331902197402,0.8265766442751631,0
1.7295468684403388,2.9729854210468765,-0.09045588879575292,44.15166278580193,-0.08102562181374207,10.307674619340125,0.6712548283667916,0.10295275120200101,0.46796452179752174,0
9.166240506637035,6.0092907853151525,2.302202291147128,59.41872338952718,0.19827197478258027,17.64559929878958,2.317422330840347,0.37694881169922273,7.069930199603479,1
1.8789390914914943,3.2962210104108167,0.17195621858889465,33.84909026960651,0.09472891614330586,14.532805323041664,0.9401723850327858,0.2706369022567077,0.8776308046310701,0
1.4418945353074903,3.0206587674860383,-0.14176634159411627,33.07448230535912,-0.05459153294086123,12.437057643666565,0.2721194707935054,0.24705255096432194,0.904983890878155,0
5.3939997682049725,9.503642475124606,3.993705756529238,63.30446385489539,0.24795374562421194,18.77135325602377,2.34798040086639,0.2999609559308615,5.9727921025719635,1
2.502446614900038,3.5931464973411162,0.22645709395085126,107.18379098700245,0.9288863887440802,21.942967496827833,6.968539264428571,0.13293234111389823,0.7502029443588822,2
2.474216022405365,2.787817164922217,0.03368528813389717,53.76128563525875,0.12099663771108474,12.48403917646056,4.166601967599328,6.289820530541553,0.41113833589818105,3
0.7987156891994833,2.5343308964249034,-0.16294315988462257,44.759651545856904,0.05809448477786489,12.261584048212939,0.7241488978687239,0.29227737205777976,0.7883075127587287,0
2.471127227667679,4.441830907169922,0.08242464982528823,100.68080831527702,1.237673257592247,25.570886048663766,7.970594938735681,0.1917434829128278,1.9552267955401064,2
1.059018413641776,3.040856090136999,0.07339253768862287,44.083705948813794,-0.08933280076559597,12.87918668976266,0.31987030851961323,0.21699372531708266,0.6384416496451946,0
1.5052258517059924,3.4094445740853705,-0.16244072953562932,28.953412212366526,0.04138699275728697,13.02563442281129,0.6464351457741238,0.26199479005723925,0.5186218340461275,0
8.389294536341417,13.695286149037813,3.602200038434017,51.63829691161082,0.12338015670204794,17.783023936342904,1.578798188662064,0.5053018604544057,2.803167783564193,1
1.4587948506585084,2.7867752443716753,-0.36090455909042624,52.34619179827298,-0.0763313381489203,14.897271392445205,3.268520188578327,6.501818730064458,0.36665586808838446,3
2.987294003984943,5.153767131261745,0.2893571136783527,94.61540233776053,1.2694735585640575,25.72145596900203,3.414434721489457,0.47824101128452584,0.5837535043321554,2
0.4699389171756377,2.9979474569417928,-0.23212515122895364,47.095976427301984,0.0666039478170333,12.093400215658072,0.2624973241309431,0.5134422747919026,0.7650809206219892,0
2.935037169889253,4.343752571839401,0.4106788939549228,105.11000071554862,0.8987498629744984,24.124943903360517,4.1990965799444036,0.33510146053564827,0.8395533652337561,2
4.91216346143458,4.96954925805075,0.2553756997274775,96.90129480767203,1.7251435379812103,25.170472444046354,6.9423094074965865,0.31134575978161066,0.8191643493373151,2
3.071571203880308,3.1870013624382922,0.29081183928660165,99.17337847647312,1.062411474638718,25.354354072816605,5.205442909996943,0.17599401422412642,1.267463616836274,2
0.9317298563895436,3.688165254689027,0.24892121223920652,41.28764907181266,0.020948646362147796,12.330820291726255,0.9237992232393476,0.43041317171553883,0.5092670477353347,0
1.4122195716764998,2.537980157032604,-0.17976535531484586,35.00411864864021,0.034363046261829434,11.346973136397486,0.6610031201365864,0.12658863061895456,0.2910618490712605,0
4.018504772609756,5.051211405367244,0.4528466264707902,90.22020261101868,1.3830771635795878,28.337684572599315,6.679136120783441,0.34136835239540064,1.2960710589679971,2
0.9017167655440818,2.685836067408085,0.061482513767737085,43.954170321620765,0.03509986393258451,11.869848382200537,0.5981112704779622,0.5078603067992891,0.7393080068449268,0
1.4617593537619291,3.450090574178869,-0.14131273556788382,35.112939263834114,0.12136873326389087,15.60628991614007,1.9369921176679095,8.467123377865098,1.2795526574147074,3
3.1544569759258594,3.251038686180244,0.5119408323582595,92.11162905117455,1.214273093698426,35.160971209377344,3.665855437166972,0.44390394642616,1.095536017212125,2
6.136833661015502,9.549077983386033,2.943029837116732,48.43307933870374,0.17412764937885172,18.59570928999959,1.5798180117533203,0.5853056495419954,8.150190612030444,1
0.6186989844457486,2.926899769123588,-0.27136035925637236,34.257394188382236,0.04207481776419969,14.783674416567601,0.7867780696463934,0.4122642160356525,0.5157864612926365,0
1.4711562577984678,2.8331640517571777,-0.5328292557787818,58.3527704691094,0.09016049631882996,16.241675025494494,2.8498842325407234,10.007171395686948,1.2472638199873702,3
9.952618871957952,13.949145267419098,3.629052559385696,58.567524803517266,0.22818727809719283,15.324811772362263,1.8166644292811505,0.13655323895044763,4.431121822367327,1
3.4989989469009375,4.846120994888986,0.04259169152447529,97.36202676545281,0.8475220761200353,24.342921056477373,4.847818547079423,0.16784954537089392,1.3711518553435214,2
6.476927799475627,9.775722691496465,2.737746781511279,55.7779863038634,0.24033735542418663,16.732697706677587,3.1639102780337676,0.17144272038158961,4.921477778945023,1
0.9366835455995186,3.184735956355314,0.14984384712245555,48.1335541552987,-0.007548639572217411,11.332323185866052,0.7142756800139984,0.34090095413085475,0.5871815087312846,0
1.5922213114043509,3.6408097475454038,-0.26069629982118286,44.83264385915861,0.021092213980483606,12.797189052705896,0.2233009240698099,0.22491133080318243,0.6350122025456316,0
3.6065658854783953,3.4019637773251308,0.07856511106917806,106.2212610515471,1.5423847887610005,30.328055887622114,6.13082183133989,0.38256326365316035,1.7662533941537495,2
0.6274801881434849,3.192781376828848,0.11545972267366263,47.5383185085651,0.023979743072005295,13.652806657815821,0.27076518319222653,0.2557608531820451,0.5217095877130574,0
0.879174165089124,2.8444802116810908,0.1652782730355806,47.64900051348063,-0.08626168337855575,11.627522182876355,0.2807376622006445,0.124553869814332,0.8526491892940338,0
1.6857423621383545,2.563273663582626,0.0777854940815447,46.425432501710254,0.04289966115144482,10.4248191687156,0.7536075816365272,0.21509727610082924,0.6977629482595004,0
1.6270265407849867,3.334918017708218,0.10716204948450068,45.872816018298955,0.08720308973996094,11.799694673245696,0.39029239528204845,0.29138129674671454,0.6759714036311064,0
1.0147436137465582,3.759794919070228,-0.2721030202078049,38.637452722753984,-0.058411559764743506,13.490366695966078,0.773351088948265,0.2018699765949985,0.5368441118567582,0
4.353627755773876,4.20102265298384,0.17394775781685398,99.16893500458055,0.5146413639280722,22.726854403052645,4.590347898513178,0.3404376492756353,0.6570941745617778,2
1.0917692365602658,2.582514121768381,-0.12799866018822534,51.096565857646084,0.04277254404780946,17.050327090934925,4.9453867343871645,3.4865398751845755,1.0135498028120893,3
1.4553431648199693,2.643525294937585,0.25104278436681166,51.08219473467224,-0.08154118279455586,12.350208167083158,0.24009339745149752,0.31108115375412043,0.3110008611554566,0
1.7920067502584316,2.919026620262572,0.20751938450741045,46.5139653368972,-0.01722302779409286,14.60220599631306,2.2682659725386944,9.417600835859066,1.2712069675256241,3
4.508956013570866,4.8794320298295295,0.030667672121745797,105.41805691296551,1.496277461697368,26.08837294895916,4.927181196726673,0.4630858227038559,1.239562902674801,2
1.9739760378970455,3.0135533572342252,-0.4268974819185216,39.863919458139165,0.1934011390545224,16.049094162286735,4.933001925812724,5.109443301692162,0.9851155598216428,3
1.9370983088139553,3.441622922905286,0.1159996814347195,51.618747751453505,0.17352126858542652,12.021450453036266,2.826138636704956,5.6936131784282775,1.5482244286877431,3
1.263879554528693,3.110057125488707,0.18027160618686425,41.26616406462208,0.04024091428956028,11.980546992836153,0.6305408400657697,0.48954156891012046,0.843610219289044,0
1.7176176049310539,3.3583260159814037,0.2734810523295005,47.35853129299549,-0.07749475665576465,11.741043540583256,0.23516727277651173,0.34287858758786693,0.6827306571941855,0
1.967746454862401,2.6730496688683645,0.0551619779075262,33.8554320991738,-0.06564397361890342,14.34419655149077,0.5427285382655107,0.1813981034209359,0.7431424128968582,0
2.2337928642268525,4.598110667047143,0.5152580636324222,93.11645258783795,0.6030972216858268,34.59348768678996,4.0555243931110265,0.4513487167053756,1.139094154725161,2
0.4475289266468849,2.6162790990064386,-0.20756600934110275,33.979536842426455,0.053148170128100136,14.966806631385618,0.7029865264919813,0.3512656812253984,0.8584988573246463,0
2.182795281676222,3.8930522147506172,-0.4068565786927743,44.369544703033924,0.07128990135629394,13.302933117998247,3.389592825288148,9.793535525392029,1.1808715678005497,3
0.8406752847771767,3.341922930292558,0.06228626644088033,49.801452733542874,0.08429658640997854,15.167468592893883,0.9833192340575665,0.3955027042111581,0.6813721535639493,0
3.0866063284444185,2.7507010317092284,0.17501890547376703,47.279724863814145,0.026641068131248603,18.88993346087077,3.2623815135112983,7.4245981712171245,0.3042238938149119,3
1.343759601671061,2.696283786153486,0.2335250050487868,30.77433793860725,0.050275165474075866,13.361844938970254,0.6083581081314209,0.11375474125953614,0.3105598212939863,0
1.6894000728217202,3.2416233702628237,-0.03999770469690643,41.54879242092597,-0.038434601186512304,13.606686468099133,0.7737202988040804,0.31752845723139905,1.0766065413284889,0
1.7720730366546946,3.2300679640817815,0.279448650180975,35.32501785335266,0.08933509922605903,11.906749495606892,0.5812472721427696,0.4865434609196349,0.87523415266121,0
1.5520735041781288,2.997964277143289,-0.17124068091301903,34.92323431515358,0.09067909932753954,10.870129632584373,0.4594844387155769,0.14391967885344684,0.525899435077862,0
2.547229400722162,3.5191775829818317,0.4431159222279803,37.39444527460608,0.1089996646961528,15.106869750795587,3.1390141487755847,6.913086056511386,0.4476082018937174,3
1.246626768574697,2.618096673854007,-0.2371118467209913,42.56834417537078,0.08743258190532124,13.374622272697168,0.42220001130046436,0.20897691122752307,0.6867209586746884,0
11.910833949166918,10.909057671588803,3.7302923499816405,57.10615746987025,0.16492169887616406,17.51295846597206,3.165914851433299,0.3787129017371296,6.313472868907411,1
2.419251513679172,3.4826386683806776,-0.04123358005685273,41.52668554891586,0.18987119512056386,14.077740587534688,4.764592310646861,8.74381026669238,0.3588098969283739,3
1.7601761321438667,3.025373345196419,0.23277225205208366,33.5805378893328,-0.0348474156336679,14.274662130047027,0.3471760609088694,0.2668456359177342,0.6007201661787104,0
2.5004532233529395,4.398165062709433,0.3745328714963331,83.7684031082971,0.5919967443986099,21.153791025956423,3.523696617528841,0.2293211159117932,1.6149474314835537,2
0.721742356464806,3.159029938249563,0.2669338293283893,43.78457854707982,-0.07011694982196023,13.54675373379379,0.6411443417263322,0.3844030357960248,0.4111974534709074,0
5.00046918414164,4.1935653452997546,0.0951443181879054,87.07655543510549,1.3821796556974337,27.469650584924597,4.493402227379183,0.2171287577028224,1.1365792444171694,2
1.4389899079049204,3.2067800215901636,-0.02390898481799726,48.10867604621066,0.051732739917660246,11.496465637116208,0.1674031693781837,0.4145754775346875,0.23628473590235613,0
1.6390300492597347,3.1185569257731065,-0.16562207469304377,43.04354449092769,-0.061820535967212584,8.986409293030118,0.5789686622044539,0.1715223777198391,0.39307354468841116,0
3.3921801606354647,4.080053309018597,-0.47359030682241626,34.1146209300542,0.057158119448084965,14.012984779771703,4.273427792053396,5.8023200453935795,1.229793066572038,3
1.3527677366385793,3.15543937897057,0.08939460724326069,41.934664451950006,-0.06065773678075413,14.102767059863297,0.2070575276908399,0.17694023118064,0.47363574162919136,0
3.902673395943128,4.381140633113367,0.08605164518763979,109.19809190613596,0.8947089341462331,33.62198167019079,5.430933662964877,0.4755873604083587,1.9889885723483551,2
2.3653833752766587,3.0238590717681055,0.4422828314289702,38.0981538867866,-0.09357829609651033,12.563619302550416,3.711493741446207,6.449037634404454,0.41810752291741765,3
1.294831983881794,3.203989089132581,-0.14699266533079172,47.35843990108168,-0.027629909578342108,12.936199163896323,0.5981870588058044,0.3066022167282435,0.8599187580230073,0
1.7052047913914117,3.175672354606084,-0.1666048324468905,46.912418536738286,0.0011138405377746114,13.067928269991103,0.16374349694424206,0.3711214067813524,0.8194878066005185,0
0.6741093838095562,3.1215934078661607,-0.28331559495748754,42.792173449235264,-0.004237617922495363,13.854592271118827,0.4473888128410087,0.16212545001192535,0.36370823394298646,0
1.7844008709272863,2.96980840068712,-0.16757343567671942,29.146833131701463,-0.06834639559318863,13.646629998437744,0.9701961452407973,0.20355512057470587,0.7667803234363137,0
0.6114244115616739,2.67211726517606,-0.07576415278625061,51.30483828418416,0.004512176589682344,12.138033160767435,0.42904707996311475,0.4073314682634983,0.2758959760031281,0
3.6503549513356774,3.933880091205944,0.37838098602524634,74.11952559225031,1.906588500129966,31.774446407097514,4.702197640913773,0.4003278107592105,1.3040639365089035,2
1.7744449113471215,2.8887021213539565,-0.1250033738315538,31.047544425978632,-0.05685740915042703,16.104885472249144,0.6044766337672394,0.14735440893174667,0.6901141055262183,0
0.5331995000216504,2.814126472306937,0.040732615321202516,37.41644411593568,0.02586659479582117,11.508664780108806,0.5127209946231518,0.26275958927321974,0.2227953235216226,0
0.6352600080256579,2.7738345005791616,0.2175802975798968,48.54967154661083,0.084068043764082,11.366441392707355,0.8284975562860422,0.4145377641650342,0.7996270232315732,0
0.7305257628939008,3.0202675704203794,0.1067392267470983,40.33404511997865,0.008903343611037137,12.584899619286173,0.18675860704586456,0.23962853283675256,0.8883850896088009,0
0.9185951681580149,2.6351562895489566,-0.2998553460382523,45.35462640662875,-0.0936395741912884,12.316225091699637,0.9866876296837676,0.14805218076770676,0.6359879105597726,0
1.3171420819344475,3.349110298582191,0.03561243200284149,39.83143535737565,0.059313511400889064,10.0169062732689,0.3439037900659039,0.39046243529505015,1.0296802077621063,0
1.3035179186373598,3.4837613930314353,0.12846912929167326,37.93723279887787,0.09511515090945713,11.91781867226688,0.4074807097918607,0.23124801277540194,0.6723546663544322,0
1.378924757628927,2.584275894066433,0.08353560287479905,42.983080142971126,-0.01611506144311901,10.95208803302583,0.29975263319001505,0.12093381020309826,0.3135439724674165,0
5.045564433498081,4.4743685800910775,0.050414489387762405,88.61530939549301,1.7345019645138926,24.19049485087105,6.542920586439351,0.25470030021210466,1.3851559707459467,2
0.6894400111474149,2.539709881105715,-0.2575848176082829,37.73236709526243,0.10041105759963216,12.93423332924586,0.445582413624633,0.34730243516094333,0.6187180654318752,0
0.9069272312702141,2.9697065812560033,0.18589440611539454,42.5833921044541,0.02575384422413374,11.018127465306058,0.9448859806549785,0.12031518367273905,0.29228863788394654,0
2.32059980844097,3.2733938348048754,0.11883010968216293,49.11841764402598,0.09130000656140676,15.707840347213219,3.881499286239427,5.3756071521692705,1.0104759481349632,3
1.8310182973330102,3.107042584580951,-0.27595070110697617,51.44108561582526,-0.0036042382843778278,10.785027284671635,0.46882144396431735,0.17353388348511872,0.6651015846233872,0
7.908263432312432,8.89927979818699,2.962890416323389,47.296559815585596,0.17333142999387713,19.938961973878715,3.3147871568016387,0.30650990841399506,4.368376745716731,1
2.0008541305821965,2.6366195319714603,-0.1707420583349545,50.62325954386508,-0.03332539224205626,14.181156624482599,0.7442336278053425,0.10497111003256634,0.5430695131457901,0
1.086607493429336,3.0726353115031877,-0.0905068164047341,48.86802383585184,0.08514954319693116,14.494195949292994,0.514129109245506,0.2025660289596883,0.378837375354604,0
1.546722127711313,3.8774906162983465,0.29057392701510076,51.923209082083915,0.09608209644237557,12.500745606656338,2.5321301718844405,6.881570201309456,0.8029027807818645,3
1.745503728886016,2.758737342018123,-0.09461138195713317,32.344444152030654,0.028106069460016852,11.971207983771524,0.22718802985593273,0.3243749633058947,0.9084253794834859,0
7.346792262244169,14.11690484169562,3.4421078817446484,63.49161460635182,0.08206999095371732,20.303898875407196,2.4947964099798394,0.11531973899205022,3.5030915379931202,1
6.423652866555571,13.263863023977255,3.8291677985443933,57.39675308937223,0.15159021900675904,17.689320950658804,2.8681363734038094,0.34272599925290853,7.45822900798384,1
1.6915174876662602,3.45149504142322,0.0446861974588552,41.83722703851466,-0.009901226169790476,13.584636294946854,0.26781406250932055,0.19074199988170706,0.4018136389885325,0
1.6197524658616402,2.911066771798178,0.234666695096391,52.11713305125055,0.06048165393360417,12.128788856284965,0.40583472012763394,0.40037530043162506,1.0416070553326846,0
0.8873051839082687,2.5461028164869894,0.15594284585323873,32.84692646681151,0.06539960573629434,13.514855334598865,0.8337229100622823,0.2494911215244445,0.8876013846719141,0
1.6011727006736673,3.1919726072780144,-0.13122822599663975,49.46860946349107,-0.08431955282096905,11.667903338312083,0.6799777718787141,0.5305543116894691,0.26111822210605073,0
0.8978624523301468,2.938843854678243,-0.19504554506152216,40.99325507349063,0.06382002350710977,11.003479619371223,0.6076339534644575,0.38184168933218904,0.7745658386634332,0
1.5782109234942205,3.298246256647671,-0.22666280192563001,46.88844648230879,0.02679088814217618,13.210656488378008,0.11797084445642608,0.4498425400212018,0.565618739023575,0
1.7650804000098326,2.834541229430186,-0.02218227600797453,36.55015414820606,-0.003046482681922068,12.405907013667363,0.2332656112295011,0.26517437327604737,0.5253464531900196,0
1.8246740361362919,3.806487533475667,-0.26945214115577126,48.082049140629955,0.06539853459592218,11.590486676357358,4.4808961289706675,8.622707325798057,0.32913176456901183,3
1.4573488497379716,2.9363897465045556,-0.07293496390031885,33.95622307609679,-0.0812315764218984,10.913164532403984,0.7757927386298747,0.4208726994874775,0.6414243034705628,0
3.183975419885359,3.2902748936319033,0.2931497555830919,90.9540028430088,0.7798204769460878,22.337354478561636,6.205335979346015,0.17846962968378266,0.9695127739127758,2
3.7986462891217125,2.9275246661794063,0.33566179981496475,102.10627471352721,1.6324133970374326,32.687507448633774,6.499636178334512,0.36281336944254555,1.567607170157784,2
3.4737974401471985,3.873625663887831,0.17686954885295314,79.81889058807732,1.8475433609573775,24.662916033734792,5.51444616045044,0.13227524737774807,1.1775560155182625,2
1.8087726618744997,3.185082302365559,0.08285957637728429,36.29401689350089,0.06008929119535298,13.53830108118911,0.8083641726955858,0.14942031259732522,0.7963340511201737,0
3.2949973349803154,2.894934221488456,0.4355429217696678,37.411107172730716,-0.08693314925547527,14.17227035797876,2.5858507564557547,3.2524926751615144,0.6721554379304648,3
0.5661905009436704,2.648726216421546,0.20938095819200428,45.34135405458043,-0.053561093050590716,12.369776197619315,0.33941182836996414,0.19554974456311197,0.7168254666993303,0
9.51858266900651,14.911003554269524,3.5647080494104957,48.114325775143044,0.2803089443073688,15.618787918878398,3.5589070710864528,0.46395281986802384,3.1094572482167138,1
2.847597278982228,3.4157951397055886,-0.14070280761665843,42.447963934200985,0.12861984045874453,14.919958320278266,4.556946967025189,6.956004806421495,0.8917095202650431,3
0.7973032279689529,2.7884981927254913,-0.2007048666175382,34.211802253597526,0.09278554276864028,12.8547952772102,0.26479004773407716,0.26498489305446443,0.8445649744384749,0
1.2920067625397849,3.0620101856646382,-0.055314604556770966,51.010980766974775,-0.025880490131568235,11.578629537085853,0.6125375400370537,0.4576495976652724,0.3878049021317458,0
0.584264400344932,3.3869000505291043,0.04893409492975435,49.201902274825116,-0.02448035775720206,11.031655980567821,0.9143522985787685,0.29886925749053805,0.33810117781669863,0
1.1506495642377859,3.219829373356068,-0.2568538183652558,29.445021779677415,0.07777385156378472,11.442034556628041,0.45973455244079847,0.42136967232235556,0.6479199329767763,0
9.345534310024169,8.067805420095498,1.7068884818953065,48.7824970606059,0.16807911946421245,20.445380373498164,2.1490343001162038,0.35247107167019043,6.471812448428107,1
4.824294847613584,4.567846058966973,0.3807163796148214,85.82058916987246,1.295294742175193,35.89995230209455,7.227681503337272,0.40576530055280846,0.8150828041682782,2
0.559463151691085,3.3685665307643853,0.08083408761791795,39.33155781766944,-0.06887902069785191,12.418267614006076,0.8550920976121132,0.1856909649780951,0.6043851075234129,0
8.677024145990613,12.90054673853479,2.2683055320099905,53.70294389539862,0.06658633128861872,13.985979415081788,2.923748631199875,0.5089029226048367,2.81267955579557,1
0.9065603364739383,3.4083428834406804,-0.2695202216773262,38.257089451185834,-0.05707726039387955,11.822341935526017,0.927710470773372,0.22057962468651665,0.5252676384830939,0
1.8315455615388267,3.8277608737057665,0.329908821611348,38.64952110375783,-0.037538904776355464,17.864372579641987,3.0435024151902,6.561813732119513,1.456620722141436,3
1.0731844656388931,3.0980987316650923,-0.14680116159076126,36.45468598057615,-0.004023926011006905,14.540716767218944,0.5299547231362334,0.44377099206807047,0.6956571934462289,0
1.4122870332086905,2.783291264870422,0.11302039130046358,49.77627611741695,-0.037166733452193526,12.46487936343724,0.9313802973682185,0.17844967000673775,0.46839495749881116,0
0.6398412539926462,3.405981037981567,-0.11073496851997706,43.930769877815344,0.0912672968260528,14.305356019242888,0.8055345495395423,0.22702938716647736,0.3495311735767426,0
1.1835004032766805,2.7272853329269737,0.05363235097139143,41.845643782107445,-0.05054963468753946,14.789615713472465,0.2776082768843129,0.16973605379033632,0.6185620007655851,0
1.5468924718348744,2.6239631880424006,-0.0837051740899461,45.17227763328792,-0.07280741346893554,14.252890101326166,0.4426576568090858,0.3899960218359301,0.9719508232522033,0
1.8514659296495033,3.0841603482920283,0.261775785696842,37.21839471027916,0.016881901485435852,14.876784241736997,0.13645713294437467,0.16633674820208372,0.7766922091213907,0
2.724140037691777,3.9527156225356337,0.17563964827686165,78.05142277329375,1.7025428884884206,23.157208429916444,3.1377810683168845,0.29993459244771314,1.5348760754527302,2
1.2463345547983804,3.5392347509421676,-0.01950378413285334,41.757465568911286,0.09631528511519348,10.185455563898847,0.21813106110461247,0.4108859639471517,0.6103393854289916,0
8.485279063787392,11.637280726670708,3.4393671889315987,45.197189528880585,0.27657931851341555,14.125679327912689,3.420474034784878,0.29134839963739434,7.477406241176768,1
5.587852484605643,10.084122051076823,2.522639873512619,50.83417593801819,0.10722925302323554,15.881259761918862,2.449468630156698,0.41872114961094387,3.6699516553484877,1
0.9883308381596075,3.299322629945699,-0.13939980062797724,34.295466371469615,0.05679710496788326,13.524755444101215,0.6714885271399524,0.16966665915393758,0.7942668853819006,0
10.766123305384252,15.296872617190846,3.5417975129657195,59.969563815139736,0.05438341344853537,19.60519726754428,1.5960095190954215,0.622698567932518,5.970834241698767,1
1.417233013693153,3.037329054075735,0.3391250885945769,47.40386924451234,-0.09230250119964642,14.276113144751546,5.2034873143258515,5.378574614561433,1.1415515034967076,3
5.686281316885088,8.170295792897186,1.6176326037558426,53.04467115423848,0.10937024973831362,15.370365013807795,1.607175298599493,0.3997642731746234,6.9157332534121965,1
0.7372351731695228,3.1030082355883173,0.10592847054587931,41.86675519352004,-0.06305802916689579,13.199541505493514,0.3704317255205584,0.33529128547305875,0.9763095675185777,0
1.2967753006360192,3.4981888324275654,0.2200372581205298,47.81738644424009,-0.0247522577967695,11.259151802631413,0.7101328031057328,0.23958000102859173,0.7858837869080895,0
1.9810545773392416,2.9613136005135674,0.28040110690565645,33.92589827285618,-0.04809163905516569,13.61111364177297,0.12748572023221155,0.17677556908237688,0.3911137908536858,0
3.82713335181242,4.919595109615459,0.34387927244423033,69.86361902261343,1.7436240472906586,23.806549897639528,6.013296192369762,0.43837918930574543,0.6873454080921628,2
1.7745327451292197,3.2569754913309215,0.1566424058973397,40.23648052968814,-0.08094734774277225,11.849837983695991,0.09836672775708508,0.40842974786890923,0.8418968485375856,0
1.4753110665852334,4.1283148437623804,-0.09245811681371222,39.74231901078284,0.06926254481529084,14.927806724841073,4.845829695769775,8.98075307204498,0.7582164639855401,3
8.938206216071155,7.029012435874819,2.421136345151541,56.203712487710526,0.16325299601533533,17.74421961615153,2.8860229603898273,0.5373514652158412,6.220420502984889,1
1.8817770040252908,3.0502327480441775,0.0633168145881873,32.50546817623817,-0.020241708735548362,12.852393745338315,0.2464628815527874,0.5402236984948823,0.47410838905244745,0
1.9333857277865778,3.008911499893817,-0.08820398362155156,33.99333641157014,0.07025421411422468,12.961849751022749,0.4311602460398567,0.38519448801933404,0.348650087607893,0
1.8761881606138395,3.3627589819386623,-0.14955760410551344,31.948666416831717,0.048232683597174156,10.727291286261567,0.5982266955097423,0.12995922690473452,0.6388141045372723,0
3.8306442093149373,4.0756293338128105,0.09419481274103153,77.66858511073858,0.7568427032238618,21.91962410986542,4.9675409106208805,0.18958437838888226,1.7189902379043462,2
0.5807251491728066,2.93574454062947,0.13916050019795517,44.25368380299401,-0.041311054031434556,11.987634289744625,1.0176255304705175,0.3628864440517278,0.47787169049824235,0
1.3613480500509778,3.1573852685048456,0.184230042734722,47.96883898589475,-0.030158419766277835,14.454652600766021,0.6215111884008434,0.22543922712956022,0.31638285262317534,0
0.632989933729159,2.544160350747467,0.20058240971033883,39.14453785391643,0.0796839871863632,10.61504442350657,0.3919832871761654,0.23099818707146436,0.35427654076594034,0
1.8027976604415126,3.226420340505127,-0.1652648586457271,52.311138518473705,-0.08322159722868364,12.649772231707875,0.6520647588664472,0.38366967350527936,0.6637492545447433,0
1.1845315795336167,2.9354548101069216,-0.19141321403852155,34.90089791989061,0.01676788192259211,10.727477093506641,0.337907836255643,0.4081781794771001,0.7230467601677917,0
1.44257370529606,2.7036345449513335,0.022084489157151475,31.251576756764056,-0.05769119487666397,11.360085116954853,0.5463900130765367,0.21655773231333056,0.2387319741613096,0
1.3835850035319823,2.692143501148955,0.27572586294418083,34.65039624464803,-0.07452271743495878,10.633236277075305,0.8821990126974218,0.14010663034998483,0.4649800919078752,0
9.927308999488117,14.026561466989214,3.574759858854153,52.466126444405774,0.16634056765310493,17.7696819609175,1.6783230981791188,0.17343806254473135,3.754200109974535,1
3.3213017882827347,3.468897780317686,0.11608007244438344,46.0012859642042,-0.03042883228436014,16.146957499336082,4.061152009646185,7.690457069742806,0.9164774927352376,3
4.620557357990922,3.1414196856435472,0.17271303711412933,93.91739674524537,0.8905459525878674,27.311067298167316,6.422838716363164,0.47864361946058087,1.5521852780456762,2
1.9647003850332494,3.458380801052739,0.21411442461400507,39.04170714474107,-0.04677168293342948,10.604602807840493,0.2602511573990538,0.10589414653886293,0.854555210021222,0
0.697250334334182,2.95988223516651,-0.19180600101071982,43.484941289199924,0.0505799609380273,9.842470481512802,0.644783902911956,0.2806543979811304,1.0432289319441315,0
1.5921606088278268,3.200060551822443,-0.2747818881617262,47.6361936705316,0.08362250394941262,12.952510212552516,0.8177509466807019,0.28705614814634695,0.42528140392304975,0
1.5850329357191322,3.052202589672024,0.2816357018756293,49.32033662923729,0.05407994536020289,13.458720437910202,0.4117050606677576,0.4572189378512368,0.5107024841277336,0
0.5639321620254188,2.9748579103096,-0.0030682876666358852,41.293082059795886,-0.07797154547818815,13.939106793385069,0.6324037067862689,0.21431075779838224,0.9435399229789563,0
1.2485089360842723,3.2805046011206525,0.07611852193305982,36.0809109120133,-0.06658598986508026,12.551088427676584,0.4233080770983352,0.24452534805049067,0.19871300305636105,0
1.3802523992437288,3.3599021779026037,-0.262601005528877,30.574394751444608,0.06685995388931978,11.294408180853052,0.6286654929157621,0.4371623659060603,0.9651805482031867,0
0.8362987656474744,2.248681080422586,0.2686933728370288,38.52285196362808,-0.010811186258381513,11.141573196692159,0.8433897544395061,0.417062480417191,0.7775970714490794,0
1.1828280995092821,3.0254811297442834,0.191285593310597,43.08307015837309,0.05255206834503641,16.081420848513275,0.5475532243665607,0.35911061207164835,0.7033106873356758,0
1.053379797475877,3.7657275769700918,0.2717110125121234,45.82636021456086,0.09212995889108792,14.832890856127259,0.565568282685839,0.13796387915397906,0.9044465269930748,0
1.6686915519015755,2.901996022970566,-0.011897321377128659,47.861573542441754,0.0342622566928771,13.358443898440067,0.2897707805659193,0.32938015435417156,0.8153854034182205,0
0.5591597054239912,2.6711299648324545,-0.20530370653624616,43.314336172694055,-0.07340595802895226,12.42554519555757,0.16834514728067485,0.44644248987843976,0.22711398332813448,0
10.630019301492238,7.216882649368709,2.223346915054138,60.213979582462436,0.21875366803061866,18.82596825667735,1.7353387019255253,0.47928585717051153,4.9695710706827585,1
1.809012534301639,3.223437782347252,0.3056766064708717,31.797510266564963,0.09298068364124709,13.802010093289315,0.6019165392727728,0.3842021182877966,0.6767245762416803,0
2.981669433418525,3.3006210073713573,-0.05680572497420218,54.684419962420655,0.11611090237315772,15.558556279945716,3.5347367775999783,5.024388351042314,0.4658742490971643,3
0.9142217851938362,2.5996277814837074,-0.253558173425987,43.63724078872641,-0.0460389365007759,12.054222167181587,0.8002774640812015,0.222616497796292,0.2208131840455451,0
4.698094622519696,4.244325126509004,0.13131690189410167,91.01045506112045,0.6906851892620786,29.505719048066073,6.034696768252637,0.35230751128675386,0.7660172706017001,2
2.0709587199774875,2.6261787940039794,-0.10527948904981932,45.28292769888012,-0.07971099620545316,11.571876478914255,0.7133016254843595,0.4620947017171558,0.2381923218298991,0
0.7194371325852164,3.2047156284648883,-0.1274874710427714,36.97621810675304,0.08358423334718998,12.677051258518334,0.5956479881112723,0.2757265077946284,0.21093680863074563,0
1.7051262782921197,3.62475805534444,-0.21236685038153347,53.74697192766671,-0.06749828410161253,18.268425626080305,2.7121672225460975,5.784612923628987,0.8124107285710236,3
1.494809035615949,3.71609312176419,-0.1518056283264274,48.1682616950808,0.08403379231611133,10.776586282410683,0.7452009691008697,0.3997164638301366,0.6855852204764213,0
1.687044662160721,3.322359120466558,0.3169641298818093,46.91869808826575,0.13441978490955367,16.521535258129255,2.5503411612096607,5.271213659323995,0.3113206502080367,3
7.293934312598297,13.795627605956737,1.6976438753932332,60.268093206391015,0.1771386018162707,16.37672696294203,2.7983465844181974,0.4663080077114462,6.688728911372971,1
1.668912852055496,2.57572677327092,-0.27012349898202376,38.66599599235303,-0.03327102679683732,13.797822381752665,0.7121820561447071,0.18628062402639414,1.0127042724729125,0
3.279959810177677,3.460075639473972,0.31758967133312177,88.54791947034971,1.8478210834514819,24.500189777634727,4.8223330253764995,0.2916268306079341,0.9522474270456671,2
1.6902932898002898,3.491374684208628,0.12083508737654665,34.36270601091545,0.0010532201099944464,12.937563173565605,0.9258617550092851,0.2897974350588392,0.5254975030256035,0
3.299589957294815,3.966277896110771,0.3302022745675888,107.06665746999556,2.0195285677177024,30.1334570863313,7.08381485513966,0.22505123981909045,0.9464939413859508,2
6.471268091295199,9.08890336904716,2.6465180774106645,57.939879303048215,0.2979515235895782,18.83956489145144,2.135140695824192,0.6055071697662543,3.3804018000445266,1
3.73441383982194,2.478949499793703,-0.11043316995849034,39.24926577531006,-0.04118885132088837,13.366379355950162,4.087226386243654,3.5404812996625443,1.4765060300048936,3
9.947537195732924,12.78826933682809,2.7614163594758754,44.612261962514005,0.28317381726385293,15.53219577592032,2.166707867314325,0.34397111882550135,3.4793199424132544,1
2.720471249452104,3.0080110835806173,-0.1017537573338289,44.537589423798565,0.00938366545683317,16.824230356352967,3.4502913958031454,4.739083509670151,0.31512129726419214,3
1.7966798619677025,2.8076030260354967,-0.20777146365581295,34.12034444576398,0.060920269781502015,14.413259617979477,0.49546407032797074,0.4108134689282441,0.5143800461346211,0
9.569076498211981,12.125242421407775,3.5860069248363704,57.8601721835536,0.17493552105808272,18.256682778348857,1.6518320152957222,0.34230443035930114,3.562324748540038,1
3.109456558480386,4.676726346832503,0.372318905274614,109.82207673872956,1.5407300801021049,30.241274550943054,4.096080183567257,0.1719723562328498,0.8493830820048308,2
8.621536524380604,13.349840663354977,1.639788204302168,59.00486621109305,0.06549010338730353,15.835987363189155,2.068279974559396,0.44559329296539857,5.13379824925464,1
0.9017710550008438,2.7602420133557106,0.23888020237623114,46.403373485656815,-0.024073217645209418,14.604065430318498,0.2288178548550812,0.34938218146558814,0.6692359775438864,0
3.67338950649845,3.717697199681762,0.20930668269530547,88.98164260862937,1.3201512277917633,21.34751381215877,4.714604252366462,0.3264432832807425,1.5304235554911148,2
1.2271771963549025,3.2549691567995507,0.2505828808009864,29.39214574061551,0.027514449667132006,13.804538836257121,0.8505733666637731,0.29349843969661626,0.9760611961625341,0
1.5702376984512734,3.242678876693175,0.03934817296557672,38.71199396857914,0.015049002232453161,13.779315429561038,0.21713061598605157,0.12608806613773413,0.3369771648289234,0
1.722921250160926,3.6051067968539208,0.05190878203370169,39.69887871517247,0.08198510921241077,13.368796575609107,0.20079242609703196,0.2005204598801184,0.3525728592675548,0
1.2350545989042314,2.675344117537631,0.1355554912585344,45.576879517355565,-0.032204881235919844,11.25450895722497,0.5457420399036268,0.5108896189047722,0.5375943015967213,0
10.829866089745531,6.2893365624342765,1.6332479637314556,46.56638863481596,0.28933047331256034,19.053863247023084,3.4020557171339045,0.16330589280562982,3.6139204320989564,1
1.3069462587669385,3.655104930741237,0.23133983552182574,42.14704587272453,0.09308446194710884,11.794342188803562,0.9096900240406791,0.2855041938415545,0.7382218697001297,0
1.8930818611077755,2.4780335099725077,0.16790315481486254,33.652491146875235,-0.05065644374578682,15.21174200222782,0.6785682691313563,0.3405324753793897,0.7873431435383371,0
0.6618265675167293,2.6056566506061887,-0.2527154214445435,46.63749099919789,-0.06566358723253721,10.295440059003758,0.6633420323295611,0.17349097625301607,0.8757719210359651,0
0.8521239314108932,3.030130052246482,-0.025372473237802628,29.912307413762388,0.0919957886283762,13.926568013274446,1.056611295275153,0.24615774383443353,0.3261437084082734,0
10.04506715086327,9.861526706439607,1.578937968788395,51.20212743625641,0.06634614053838252,17.00041811471596,2.8387223379688025,0.28677537022616273,7.7034242822562735,1
3.423345372760579,3.165544487529168,0.20458186402412815,35.484734686087535,0.1563596948715771,16.447414434160628,4.096701067893005,3.954100803924808,1.287926383544541,3
0.9463865626435182,3.7537398010116316,-0.23160967555142187,39.622750162041285,-0.03033025256466718,13.193634551266149,0.8857835581853113,0.5032185259025119,0.8108297134742666,0
1.69817050498055,2.9055702968673325,-0.15513596378282865,42.41050159348467,0.06055468334021664,13.945334700094447,0.9058374837535347,0.14413963045023118,0.799586605723628,0
7.632626098868806,8.017831943337775,3.138972008344479,50.9404543734676,0.22284471597600888,14.510309755790406,2.5296715022693688,0.4111599635192085,5.734202569784497,1
4.322944903627096,3.234946920966386,0.21044896446167183,100.54994837094587,1.4450372720112554,28.633758899028503,4.788412208371202,0.10957921321417928,1.8741005937225053,2
4.9320544984048595,3.460091454231469,0.4278809287594397,90.29032653197225,1.5383269190393172,25.398509606349684,4.527407749422869,0.2119448605234134,1.4335507481569558,2
5.827902973115816,13.843416461736592,2.5454435655916874,49.3218196431795,0.1455918696084762,18.834080605235492,1.653839133634899,0.3530902056967598,4.635096879406242,1
1.0584206516682935,2.820950023627139,0.12659361508824313,42.04855344682601,0.03269421481560028,16.358669413416198,0.8034211444083452,0.2564973379319079,0.22533202786169806,0
1.0774512503722204,2.7448002765895536,-0.26718426390017147,43.84726466897761,-0.06519505643131271,13.94304698058895,0.8093490519753674,0.29958818666018344,0.2998116158472654,0
1.4374652477746612,2.3893612568419873,-0.07422449173708906,34.38680376516838,0.022971063728534052,11.013322214258503,0.5392269968415393,0.42387065222621756,0.7260170724323554,0
3.177284802119979,3.2644484669687475,-0.3521437330385239,53.27437914704443,0.19664149815908138,13.9633627945864,3.7051474237321163,5.22880969191545,0.5765376759578387,3
7.166247893276977,5.66918112479214,1.6207461323752628,52.971561361410046,0.28155255445131877,17.542895163553702,3.8852394805294925,0.208074695064371,7.157241354492288,1
1.4398037900258513,3.0855477654698746,-0.23075145768732266,36.630022066468854,0.04026012027624854,13.179153596816375,0.41530513611689945,0.17793652779830835,0.959237315175654,0
2.2979686724980923,2.5582416842178324,0.15339315263223002,41.61130775085832,0.04164450198755311,15.78188931477057,3.148048219475029,4.72579112520303,1.261593373555252,3
1.1540965074964709,3.240442454521507,0.3006333890299349,43.24888057158128,0.023591192290043014,9.546794410791621,0.48774320022253853,0.4914615777254566,0.9398952784068887,0
9.492741793276187,7.341688342208321,2.2185664375892276,51.12741858783508,0.25859250470213635,20.960794277122925,3.6966510946114806,0.5400883899809631,5.323118151574797,1
9.30611314207881,6.589029310574268,1.9026328004022592,53.84905648488968,0.06267576031920925,17.36401616552529,1.7595357095496276,0.15674428309199015,6.5184146170429536,1
1.7438586109214327,2.599648834363594,0.12191304747918305,39.64033260236907,-0.09056906610155252,13.547032082133468,0.1109353715523315,0.22185537677997652,0.371464857655702,0
4.242757594085555,4.31040868431773,0.3408195072844211,109.8433890208886,1.1247693653927306,30.54186658459106,3.07040390823842,0.19581562487017684,0.4778959844159057,2
1.0136608117088468,3.027102124094158,0.08550191618502175,40.65592102454786,0.08014144413349203,11.191330577368237,0.7613766965486942,0.4521032514193246,0.5085589614259116,0
10.484995263442741,11.898594047983622,3.5096746294263195,45.52706726063038,0.21877263636985567,16.873102492585563,3.737264891644901,0.4282886070069276,6.061775730522056,1
0.689093006798439,3.2794685012751357,-0.0017131905966619218,37.60192762237129,0.006020242440143034,12.486838821177164,0.4873516967633191,0.25010391467402426,0.9397599156799165,0
1.963275686738643,2.6968893970069283,0.28402658371803563,45.75261020974171,-0.08817707266738481,12.95382366009381,0.875506313959928,0.14985743444561628,0.7175467435683492,0
2.3044119081602514,2.9844463012548923,0.3597323929695882,100.67840170444153,1.6016674332262035,37.077584783239146,5.700906888734887,0.3112639858709415,1.2145053731135724,2
6.999545030534569,14.072572333009873,3.1251815544302692,50.787471307458645,0.07934152961352658,18.730788123535017,3.921426097963697,0.5526531967519991,3.8735617010303285,1
1.8761224681730797,2.5097153689179272,0.4026098151729794,46.9487005088241,-0.036696315841832194,15.070751144041328,2.1085613734185125,2.6460000034594935,0.930139307707822,3
9.61695225367814,14.493704599855622,1.587808635234228,53.70155381286567,0.19348365926480812,15.630338805665817,4.043535780478253,0.22972833757519026,7.70648499679648,1
0.6777895979283985,3.4363542438762495,-0.11547796146359152,40.20314721381912,0.023328327426769095,12.731054980266338,0.36802879218887546,0.3930463717937281,0.37377716532327476,0
2.7468335985429895,3.0204043601432677,0.40690425496640453,55.78022031242103,-0.04347428743043919,14.860320440989584,2.3469245105089676,7.080756795341985,1.174099261684577,3
2.298594827975201,3.3748172801422323,0.13432897131836108,112.7598728790649,1.5037100843897018,25.990279341658002,6.719047503929245,0.4125650933759516,1.3921225963287245,2
1.4012479841879708,2.7685529949658414,0.14523980272643922,35.79728176509567,-0.008718528023679244,11.229145147894382,0.8332856550953045,0.16259915892804092,0.904665679443045,0
3.6159945600883345,3.9897192832423425,0.4756601761032057,91.32917150323074,1.759241280084322,26.98445790950947,7.997511109082454,0.47486160569103075,0.8654285548039351,2
1.8534532107692694,2.5054569935492954,-0.03359694201923334,33.14405402232545,-0.016004503590697217,12.268741049708007,0.15593606001751195,0.11321637685563221,0.45244165039602424,0
1.380598378205773,3.064483979563878,0.1367179233968451,38.336125027365526,0.13305053452735888,19.25738992829325,3.1493994388734947,6.22762356693999,1.3244569631965921,3
1.309615411339577,3.7393734082234618,-0.21909200609411922,33.66078666914062,0.0516178922218583,11.154204528264545,0.5935344081161991,0.335204374598163,0.45589536158359356,0
0.8868925961563531,2.890960448627875,0.11188086673290994,45.71986354418694,0.015070606695591633,11.983438713439032,0.48161755749662927,0.11216656243227993,0.4038925494851258,0
2.4569541686080516,2.7828195027595584,0.2964182173011591,39.466956729822854,-0.05570962338427556,12.47536628978905,2.3951508347356083,7.030614641379557,1.3461604493162669,3
1.298264010304563,2.7962132153773824,-0.2458060836411792,48.55012565191999,0.1703382239406461,14.312564221167467,4.8579275636939725,10.688676703219366,0.7508773939841092,3
1.344404014697336,2.93030493715188,-0.010937333907493605,39.751511824969604,-0.0796283664262683,14.074420089130971,0.5303098183743684,0.13058087069015212,0.8765062925014037,0
0.8691577361572945,3.0146789452597265,-0.0180185964466618,45.51465310208209,-0.04137409946448242,11.93173682835515,0.5427988029242481,0.38825192598731934,0.4141170276257701,0
1.4113990557241651,3.285692569104794,-0.22872164324108352,33.71050067374511,0.03713132220778729,11.715040811145341,0.9943316009619745,0.3497864366795369,0.26781459910527416,0
1.7040771574665108,3.4318564725627394,-0.21601097336121006,35.07276253070097,0.08928761177264136,11.856379077100227,0.7828967581961551,0.36768875119767136,0.7500922015733164,0
1.452719152101927,3.0526813847003993,0.20542156949141333,42.209472450850264,-0.030225508036857467,13.946252096352453,0.5782327074443708,0.2161379480458364,0.22953876574583998,0
1.6578093425248146,3.1772716334303746,-0.2448356628569383,37.36485107843927,0.020335442629853453,13.358236310189215,0.3233939242646674,0.3021872470744604,0.48897911218834555,0
1.2294178376070277,3.253758653610249,-0.006989140156876492,32.380435964770705,-0.05739384127439618,12.76488702768509,0.7367644910178458,0.2971720272153114,0.9114262942044591,0
0.777265169084952,2.6399403929274583,0.2535745418818589,38.67616313027276,-0.031809601417450956,12.738313479119379,0.2076002239494585,0.11362774785199486,0.8228180929222829,0
3.4880263635995337,3.2231644186916273,-0.11075365231723035,52.38849735770647,0.12776272707510958,14.850815044948462,2.7344410113137054,9.013645872684474,0.3156613709373935,3
3.1453955535113054,3.080440518993827,0.4722576390136426,109.96558102631438,1.1460944994011522,35.183491643627384,6.882093407142088,0.1984448463512361,0.5942626363390366,2
2.963754185648699,2.5169240055609405,0.16155030000676238,34.89907000462872,-0.02923842841630474,15.718401239486102,4.632508895276576,9.034613398151036,0.6002904912893798,3
1.4119487167426654,3.537331605782455,-0.02290742689412614,41.52230667638744,0.05390644507316912,13.19441733605005,0.526723009039782,0.5049848088253349,0.23296458163241773,0
0.8682966619191349,2.7787855795815255,0.23097927543784205,40.45365666393497,0.055153038834841836,13.962109873404165,0.1578650777626889,0.1875175407625297,0.6823781370618178,0
1.5113086377547602,2.978145484264687,-0.08711013120439622,35.65505695535423,-0.0642570674144571,13.332670456138668,0.3488193549679702,0.2693486325029958,0.3696752887326429,0
1.940658953746657,3.560856634150169,-0.0007895084366644247,38.46845934179097,-0.022969961122497395,13.673888893712581,0.6206592628679971,0.20064867100702563,0.7415099437494127,0
0.5408770490463185,3.5941013034243525,0.11980844691504813,39.63131964855029,0.08119987758247321,12.70819586260045,0.6021517103456873,0.3276416840225425,0.30473441174873866,0
6.009669798526207,14.365140000215874,2.6034736488052133,57.82574452544664,0.24941321916547518,16.31355237447813,3.4383128882702576,0.6013811446739752,5.335165992398171,1
4.508708184198373,3.7553416338304553,0.3596359996752593,107.42767720286602,1.4053695776782005,19.322201526052165,5.254625128480465,0.35337165310844765,0.5999724495187716,2
1.4355198827985063,3.46729931839255,-0.07704838388397811,42.11772426596805,0.14770010250342777,15.972731256167746,2.0723937529993033,10.208439489243014,1.1779425888188158,3
4.136960795473043,4.232668933420072,0.40470678804914584,78.07283705283469,0.6362413715030627,20.23531540619598,3.93468455287488,0.14508477540885978,0.7898507227930178,2
1.7981933927806022,3.037464800094179,0.021388149334035215,34.79329497739965,-0.06107806805629371,11.510123827461905,0.8627802462868488,0.4627427104868146,0.6743094943940999,0
1.5858462893986711,3.4836446529171803,0.027666180097557537,37.77650987899928,0.0447309233634935,14.059082681351668,0.22322884333920223,0.37844133515069955,0.7066138255681648,0
0.6960841668292487,2.8038922619118214,0.09630506466470225,30.72313153748456,0.09885627040871062,14.764419291703057,0.5475524435808956,0.4066390016366152,0.3097820065181355,0
0.7910435215089334,3.074814878897618,-0.2978560621709832,35.30674221739076,-0.037560682714403056,11.809878730912777,0.7160050031691946,0.5064598365676017,0.5741646428269,0
2.6301721567805245,4.402766860524028,-0.32207503107786667,36.91025131182096,0.16726618355649364,17.457771670874493,2.714152547598772,9.824634414240435,1.1601224918177229,3
2.7775353415044557,3.0803800393195417,0.11182467811246867,80.29187787150686,1.9130578853890556,30.626492432224783,3.8071370518464986,0.28541465832715585,1.2453056928214719,2
2.943677101577005,3.694047696300468,0.04864960035231102,102.36371267979375,1.4227219676940328,30.74005133225247,3.4808248946748064,0.49387879821832936,0.9601855268461315,2
11.845834439460944,5.904458446387077,1.7211590120049798,58.36828600836006,0.1305398055518023,16.560513219664564,3.054166053751195,0.3594320961102933,8.657927642452144,1
0.5116336796345524,2.896815135301362,-0.28783884650224545,30.68754038166855,0.07737722837377921,14.398446254698367,0.9403697570003808,0.14475246309341272,0.532939344981837,0
1.3362267031579325,3.269646418383784,-0.044300103069320626,39.63677246202314,-0.09611753682455705,14.49457727998197,0.9121841068382799,0.3095654583714554,0.4875627377285547,0
5.051931197326972,3.9997844270962797,0.40796328495847056,95.24052967479813,1.349394344828412,34.673030919732255,3.6601833041623673,0.452317975605069,0.8168219402727471,2
2.510578261228532,2.9117743710329473,0.3862521484724568,98.63986578892641,2.0099184343729237,27.204395951648575,5.9873119665745795,0.37792207475976014,1.7538299162785274,2
6.624336088910464,11.017691756950004,2.5984193173740313,51.1840075363015,0.16817684500681207,18.805178612970014,1.4268705954993477,0.10394962692125957,6.907515624282141,1
0.6456324130418425,3.070437028583718,0.29188792601694696,43.49383796707137,-0.05754629746430486,11.232410068420915,1.0372216717374938,0.45209466291940226,0.31006248620575005,0
0.8780153054454793,2.5613027960396386,-0.27535809737984956,43.26372543135049,0.006581044893306398,13.33178767591084,0.3685163208033734,0.14015678240682372,0.3726792985451129,0
1.4407433876198692,2.6620409605099753,0.12814687325585697,33.07133933570064,0.03514527746208816,14.100212981949587,0.5105586155514139,0.4580302882536273,0.7811063168286483,0
1.769669090174261,3.9059942919512562,-0.1479580792422404,38.817530930311044,0.08525909708408684,16.851852365034944,4.641950728213761,7.779316204396439,1.0540201081110534,3
2.25067418857644,4.2554006262132695,0.35397467015791007,90.53970454540698,0.7787832682599585,23.11535957026289,7.021072500532362,0.4672083831953686,1.2154013550763723,2
1.0232640272244573,3.6922243632591503,0.08198443080973745,35.06012629610589,0.036515877576610005,14.557046263225853,0.3755202798798223,0.3205073742136567,0.4670991075060747,0
2.3496172476212833,4.481514442903212,0.4687004642243552,103.6023624387818,1.6022693230690321,21.503155663766407,6.132473876856501,0.18903781365019218,1.2003278230300023,2
2.9849761022053403,2.9066822083791433,-0.02371033288350716,48.81301133962506,-0.09095465484305751,15.387704336707719,3.6494494754899134,7.106070972046094,0.6110419062327472,3
1.9264359997853597,2.863971194614717,-0.20130906829337744,31.93370869899989,-0.04979183492469436,14.966358751091006,0.22224823705720187,0.24493405408564858,0.7339265365076666,0
1.6165119842521283,3.2693794498116957,-0.16119499087971997,31.400638005826483,-0.09775700800041873,10.042268531632608,0.4230618370118108,0.14169754755425776,0.24326918635030237,0
5.671450652536015,14.664762578816989,3.543942162487536,48.93247837745363,0.11166581333298374,18.381153739237696,2.26028108346188,0.4102519759875704,5.561905363003916,1
4.8934098412183396,9.364536936400526,3.658942809808181,45.45016000728595,0.07001829401379296,19.981225554808887,2.922840533140828,0.5461407561443009,7.135776472769974,1
0.8958638512748728,3.2946332344165072,-0.14189710136475717,39.449085353728876,-0.042371458412040104,13.000311186478722,0.33475516708429764,0.37484540195015725,0.9601065342738794,0
1.3231213182085266,3.4293363321212977,-0.34818835565793166,47.85277350329634,0.09286115671084398,15.670654839138749,2.35557816410054,3.7964495549910797,0.6700400936938424,3
0.5760712281895027,3.269344092949526,0.15380211831903312,38.86346049601201,-0.10363011637389584,14.24538673769121,0.6361470029761388,0.37031328281470105,0.5674952174550119,0
3.4352280009501577,4.012268935798278,0.11176954054100226,113.44343743086023,0.8225114917610596,28.846167684269098,4.015904483679053,0.4032246272132906,0.8471811500523131,2
1.3236108017905754,3.251978862076823,-0.14493642491202668,32.788867371124944,-0.06655695474437304,12.587841087878473,0.9628533483899158,0.4471222901376766,0.3938447705203742,0
1.4289411935334484,3.2970254039050126,-0.30941208571296047,42.880988287546096,-0.007100231163632277,12.198401113847321,5.0160866352361,4.881363961777707,0.5190760595756337,3
2.3650646049791737,3.832077024608716,0.15269653744009917,85.75871091647903,1.736607732105834,24.04111949691136,4.070173497681635,0.1277992717268564,0.8791404535973009,2
4.536692914240542,4.64637803612741,0.26928720515670435,94.46914572610011,1.333589970638148,30.464928087937853,6.3553159872062395,0.45076485724396637,1.715028700297851,2
2.0382972097178067,3.2491922423766653,-0.29332661583785197,39.970985999920195,0.09066725367661613,10.036272794924326,0.55362979774362,0.3387940218649894,0.6798821575617257,0
1.0766891721292722,2.873441416629835,-0.24433169266617483,52.007454449862614,0.03162534526345719,10.437950071546032,0.6190954783650433,0.10875680347094348,0.3394702912200761,0
1.4377192547508049,2.9811505416122643,0.2959967166475991,42.803852426503944,-0.10511444463760723,11.341454428753677,0.3408999793358977,0.24255018676915283,0.6932714769059094,0
1.3880713194470553,2.756224170771752,-0.217637876002266,39.94996100882298,0.0910430553256302,14.607494474631913,0.8934054787983647,0.45731509913539814,0.4684110874012819,0
1.0773739164200196,3.1654593016650354,-0.06889862271673902,41.07100883842637,-0.0823760758906021,14.796964054404643,0.6119155326327103,0.3655955595183406,0.6100998302449492,0
1.7522845016722306,3.56047327361188,-0.36618791561087355,50.05249949641089,0.0841694962841691,17.87937186779503,4.526448068242139,4.612736390512291,0.625129636844466,3
1.4861131215997292,3.1201568991041033,0.22434571139749507,34.37098419425027,-0.04712612552120338,10.912695881763243,0.920280073961947,0.367836396128607,0.6013428843291502,0
0.6959972979784018,3.054511154584246,0.2398198560600941,27.3527575925617,-0.029558562431402053,11.660285685286164,0.5610003254851096,0.1850723107208679,0.6255390076434952,0
2.9184792086153077,4.8496222850961885,0.054848226063961204,75.91087185088497,1.1315045992965662,26.72975348109016,3.7004371057259857,0.23544053904219295,0.6085499716194666,2
3.1490903817857547,2.498810272203086,-0.0361350573290004,54.30036131566847,0.00023391451340438538,12.003645364567582,3.480584920011386,6.287235557916395,0.43713731365538977,3
0.8002848716206115,2.88984266203107,0.19780987104519626,40.95844083320899,0.06147946354238336,11.861692516344277,0.21328959396327984,0.30666482603728495,0.24075244736916018,0
1.3474653651366773,2.8843072988167267,-0.3640531595044372,54.16866497881298,0.005788105891915041,12.48405215196332,4.650608473646002,4.306416891887141,1.1617832287571357,3
1.598169485556556,4.055329014322567,0.05269985799401858,46.71204483120886,0.1462305182547638,16.968447166605372,2.2424870816388283,8.453761894919769,1.122627555320987,3
0.9119884960817722,3.426576871393386,0.09647948879079678,39.2094842251238,-0.055363435161768164,10.010489979333967,0.16093959675198394,0.19666424819078573,0.8659905461041532,0
9.09566105072976,13.081788578490391,3.5731957154623344,60.92241586140749,0.2802085317166293,20.68920356545877,1.9953154763196816,0.10736140712449672,7.475528047891264,1
2.4807222808032803,3.740882075831138,-0.1296897223523086,49.92526057979514,-0.025364762511634713,14.397015679718503,2.7492954849016544,3.4173707519853687,1.0943440847097359,3
1.82846023984286,2.820563974519197,0.073868788000726,33.05890978177816,-0.10393717955561446,13.534436776519811,0.24915909193060404,0.3483247490230744,0.3557358111914519,0
1.042829848820425,3.0701174397631776,-0.27461881507920516,42.32475006501935,0.026564752895357046,13.350430319389407,0.39989659180977255,0.1828637862756472,0.504213787906285,0
1.7563693466604282,3.0603878079995672,-0.019770749767828118,46.110637536382875,0.02302111125483547,13.375670367831535,0.6031755948968559,0.1888053908989628,0.6072596986264432,0
1.0527776607865724,3.524300611121676,0.2821740274586081,32.301410273839124,0.050609404699015044,10.66264644984768,0.4147060697690287,0.3631853466815006,0.7184741076826257,0
4.87518559736013,3.910839138239146,0.3346110148180273,98.73721910400519,1.0686482434323814,26.423980411707596,5.8892132666993575,0.3752440610405937,1.6259896747646123,2
1.2079779958428387,2.3183748742650074,0.04486063430832902,35.737173268323446,0.10268151347349458,11.056481067800215,0.32606296654427314,0.3901106951083997,0.8094647404840628,0
1.2479483586345124,2.5151087751102166,-0.0908297408094136,39.749372138453325,-0.061866496087852656,13.681642955654192,1.0225236479759787,0.4621064087195928,0.6182784956510273,0
1.0192892184077633,2.6590202882351472,0.10083158883322807,32.0998663244678,-0.056464204073320964,11.094178613754936,0.19430160764391158,0.45514870982104727,0.9956190298214393,0
1.3922451248678094,3.3715908858331334,0.3034789556246677,40.90696268747111,0.026218239095534963,10.20115706293832,0.32641142977884546,0.2629627481751278,0.5785791897470177,0
3.4759455438937064,3.4127324484128425,0.3770247236141135,84.26733596815313,1.335097715344868,31.67968078409965,4.265263269969356,0.15941459867078117,0.9199837690669773,2
1.6610601057525376,3.5262677896045727,-0.03049731983571602,33.50290129088747,-0.023158380838768478,13.931524425987304,0.5879666046641435,0.21368763982121627,0.6019314322263574,0
1.7259179762139794,3.173167441472838,0.034179638903473517,37.40526324582351,-0.03644303844951881,13.57515973476674,0.8938957918759087,0.13962530513300125,0.2696480673527061,0
0.9621766986044014,3.3398049955666633,0.09042063755350584,32.088875973570794,0.05624586203109478,14.041710934357154,0.3780718237503993,0.10581603304850094,0.7677866262495077,0
10.585100628764666,10.883837454616492,3.8016781417492056,62.87854487378712,0.2891869197929914,14.639987018874745,1.6683859204977678,0.5644445261415104,6.830255949442548,1
9.090542578155778,12.668410257538397,1.6609824769820636,52.250640387249476,0.061217560809199933,18.94555702666069,1.6706711147275661,0.412813910650191,7.292905395734061,1
1.8877145572435645,2.2481045665691113,-0.09994520155287759,35.291187648345044,-0.022385850922817238,11.750135638771178,0.20007307776996971,0.21656986410924428,0.8026689292079326,0
2.9713287581907237,3.5250562305099455,0.017892297286419882,40.46892151379537,0.18199998316693397,18.591580544794375,2.9485162710339226,6.970644441152811,0.5382448728177032,3
0.7581572074984163,3.2338558926802685,0.23685942755230482,53.17398014139737,-0.0871258816951131,12.923904542773776,0.2141152184044433,0.14853452893454613,0.31104091600507167,0
1.7754911447167696,2.8356384196592237,0.07374558837145377,47.01280517986824,-0.062045009403075516,10.464916620844381,0.6673004805636787,0.4904683279802077,0.5719311272509444,0
2.500255435671084,3.903863688942606,0.2825886996655603,83.4965784576358,1.5888583663234415,20.72007239142951,5.850337363963942,0.38025090751967217,0.7771928632826646,2
0.5454367307054467,3.0583029202047274,-0.0017016927491070378,47.36610636652233,0.06368536054035483,14.769153732727508,0.22770347574058486,0.36858550796150946,0.715379626739373,0
1.343597816865838,2.944420169186138,-0.25831727576760055,35.66992638877772,0.028882717704870938,9.59559222155658,0.4715565546478426,0.33007396008878914,0.4581565855022056,0
1.4240905317277237,3.027650047161659,-0.4348339597759052,52.32581457380938,0.06798327809161608,12.66471540219422,2.1529012537188,4.21549457976272,1.1665822083044621,3
3.124485239385753,4.684997909371971,0.08300182980579125,100.12803439589196,1.1915427792467066,30.281232196033002,3.7983036019138128,0.32782487742904454,1.117531161716569,2
1.698113631927081,2.8816993273514666,0.26524921154035175,49.19270117322641,0.06502733838034214,9.332159312813822,0.9073893190387042,0.22531572183698467,0.39980212803150694,0
0.9782381541779746,2.7643329806804036,0.12427104987293486,30.754368819552152,-0.04239517269798153,11.649095265159911,0.9068154385681706,0.25839330329723664,0.5995541058292188,0
4.740553785800173,3.953592756009341,0.28733704423565304,98.78153170940745,1.0862328772722527,25.604604602238386,5.709408187810364,0.4004734387209698,1.6404263835236057,2
1.4084212316781355,2.82321792164908,0.1314141856989769,30.667633959787885,0.07766957167202754,9.963962459287218,0.8179847472410757,0.24530870392010276,0.32777603545871453,0
0.6855663213483761,3.0347947993089144,-0.29190562849788815,35.66503162990666,-0.08853999207012052,13.191162303836197,0.22643540395528988,0.3334582018483708,0.8877274757590258,0
1.0361928827602058,2.9633231751486715,-0.28104356734325037,31.87742380344177,-0.04416043239397759,13.046185800381286,0.6210454962107189,0.2765404109672388,0.9200896982758119,0
1.772384577806706,2.9056527126015204,-0.1397801397995716,51.11985908805272,-0.023339699838913427,10.596749595446383,0.4101209821498577,0.4493664942203299,0.5936069865610498,0
1.3946724282393086,3.438674646705779,-0.2795812221031973,40.646771923673306,-0.010559420819695221,11.839541785593909,0.3528024295246366,0.1818247264012337,0.20515282783357533,0
1.7081297197733467,2.583222525699852,-0.2072151344708362,36.82558618817053,-0.06826293815986256,10.159632890151533,0.2604200761319147,0.4644444412824963,0.6298298921734259,0
0.651736561319671,2.6684559475658167,-0.003899564427200331,33.130769732401546,0.10529624584990054,13.383986107602642,0.7369784061986905,0.3250607270913857,0.8932612258586854,0
0.5853630057553356,3.1057171855562,0.19105193140494636,49.812448583413335,0.004086329657524388,13.846834141580063,0.37978134230804655,0.48809493850435604,0.9391365152725123,0
1.2913268815350476,3.4577624720006654,-0.1403506555220547,56.55267951156348,0.17093056876153762,15.965117772182802,4.6482380098676614,8.238574130852133,0.6943602750558473,3
1.5168530278240828,3.012165595615539,0.17700104784821005,41.62806106287092,-0.04532881396511085,10.934246067604755,0.9144527130740114,0.32196885286576926,0.5075606453774304,0
2.0680386996155162,3.3786071440951155,-0.05329318297471314,40.986425213741875,-0.08554009686366298,10.095180200736692,0.4819098006631145,0.4587933458688491,0.6699969078052799,0
1.3573769300975551,2.608899249818545,-0.08048817043022653,37.43523826791567,0.009156972343997316,14.78199933153879,0.329283925880873,0.11806816880114775,0.48192803668840684,0
2.234242244640396,2.8646063758028473,0.45458717633214174,37.51052755585172,-0.0382976008667312,13.954195174073776,2.6624390844762127,9.878860659967776,1.1200651569212787,3
11.516099499296251,8.569039967292783,2.6400754062648377,61.77951336664651,0.1943011085617486,16.888477742740257,1.4979011926632442,0.4953722644677515,5.3655829985044665,1
0.7976953355423033,2.7632276215089933,0.08365718099844931,37.66458786228046,0.01724402788588848,12.432342118806272,0.48392478565701835,0.12345474446334513,0.4003559274313554,0
1.5491615405001782,2.4685486316277836,0.27845274665623637,35.81871930977029,0.03864969422605929,12.954837073147097,0.6120060818160429,0.1741579168962255,0.74656534839738,0
2.2836254772934654,3.764909496774562,0.0957501641179919,47.34458225000354,0.07568611079586839,18.17948049834155,4.154647075663794,5.225842081999982,1.0423833773944533,3
0.9357003206033542,2.7713719632558202,-0.2157479852054026,40.40875365513408,0.00042123290045476317,14.110238796577839,0.18173262159983,0.1776454617142793,0.49907354294797696,0
0.9459447605026385,2.5521880537952364,-0.14499373845173197,35.29936688159889,0.060852209566026855,12.56214132801762,0.7113752171228653,0.19304117976005458,0.5546721132640041,0
1.4295371212365382,3.0205387031650317,-0.17184787487466172,40.30068849956482,-0.06549382072303245,13.268552958304918,0.7138794657571507,0.4160253142807013,0.5235100058215925,0
3.4438115478764386,5.326005428271841,0.050087405175853666,90.07417057437583,1.5654775275443686,24.03378072482197,7.181143989778612,0.35308480497289013,1.345567990030836,2
1.5167904826349088,3.72159566856647,0.041864580055519574,38.07439150913214,-0.06884402235764345,11.554250935096723,0.9470119782308576,0.18026015857465594,0.6193474968596613,0
1.567610244427812,2.464808261904846,-0.250312998103018,48.60042068649132,0.024893740930284996,11.229367504289701,0.337823437100465,0.1919323376270928,0.5337405893713426,0
2.820768147447758,2.593728999193919,-0.23226928958415258,42.699936992311756,0.1303107846542357,12.847100884151066,2.5975676305498445,4.634853766181552,1.4259825835993711,3
0.7190547340679558,3.101289603343488,-0.1883721373220443,47.44001501591065,-0.09544892028120446,10.677735715198159,0.15843608239202775,0.2695766371198214,0.8837846326031767,0
0.6324544161531759,2.833342881083562,0.0017549203924548257,35.50210861066972,0.03757685613755522,9.657154549542065,0.4372175352618609,0.45996482099345404,0.9210024213290542,0
1.4192235036464869,3.088699867405131,-0.2609455157388609,28.169851339967824,-0.09068127726573398,10.962188065426174,0.5979250109990955,0.31272148507892006,0.23316225689736444,0
1.7951999160631213,2.6926641596942327,-0.177137926514385,46.190857075911985,0.013841615192551372,15.07086839116167,0.17640291877311767,0.440821555524918,0.9860783758878051,0
0.6004648073707256,2.647813958110263,-0.23989895033498032,36.78602991396359,-0.08102998347134076,13.484804227336703,0.9841288020370041,0.17982991537653942,0.6155813809517275,0
0.657061409711758,3.1436309838392416,-0.119217180259428,46.18619583061616,-0.05469897387011518,12.990542052658327,0.16374767773113771,0.20881465635300744,0.30028635248211655,0
2.8181093257562067,3.976390856090835,0.3610616076154191,41.816759742203864,0.07047115428674953,15.635462488548955,4.229516772692854,6.8389902729475445,0.45630216582583155,3
7.301962836836905,6.849427824253275,1.5969714647654178,61.69201553348899,0.27887921738719706,14.955647485645848,1.5027008309344387,0.4864279464426322,5.360389867816745,1
10.738226211225987,6.97205997816021,3.1870644904351977,43.171765017662906,0.264769133115643,16.302795024915053,3.0461277630001695,0.3333474419650028,6.166347103946475,1
2.7018133900127856,3.6214500922274526,-0.051956451335120196,44.77774661043759,0.10199618203394743,11.378042510289083,2.6491640279669615,6.420233884722396,0.8595650481488659,3
11.451959026593755,8.7830975824157,2.94643943346902,56.46681214965422,0.11881643448016826,14.869063215445951,1.7693757162011274,0.20214767313218318,7.7740472530255404,1
0.926375345932147,3.0713709658857047,0.012067888479154774,43.16639793159299,0.05437155273599629,13.793019414980218,0.2586818901480433,0.10491276241338975,0.4137185669716898,0
0.755826966961487,2.9309503410832662,0.13053488713749076,49.005553657554444,-0.0914098587264056,15.941087181932193,0.863612313052057,0.1539229700765576,0.563666811050421,0
0.8941137251399608,3.0089522317816337,-0.3051130362938054,30.201524482604356,0.009010119102401386,12.957309524673734,0.8538888930108334,0.37436359093340354,0.7631235222458935,0
4.998819358247802,4.016894185467923,0.30691811888826837,85.51942813562367,1.5221176608271285,22.323813989944448,4.67796184150042,0.311393633485472,1.2473421714124655,2
3.975080709763995,4.231875258639019,0.21170859200821066,87.18926450346206,0.5534873715964562,27.763296429042033,4.082474439848736,0.2617549621195532,0.6691685052668466,2
1.893149568436396,2.590658804424615,-0.3009628341458523,46.866270326403644,-0.04705960074423551,11.77242932824988,0.7982472724154773,0.35811600072884187,0.7629105664486008,0
0.9240062870840237,2.9294366417193025,0.14163031351150102,40.189123223898065,-0.038941743754536975,11.807680330296066,0.1391877295895878,0.41067471106693243,1.0193301254457956,0
0.838599535726463,2.895072274339919,-0.27526686031227393,41.941701452786916,-0.0741078764661348,11.056993696102849,0.6713464830388068,0.41587210748756265,0.5687217193522196,0
4.383907993549389,3.6153810491621865,0.0008183949399066506,84.79572068360297,0.7859784153182267,34.971195241041336,5.229065019845471,0.32765409002198564,1.5933616564148982,2
1.12338631222471,2.9299400904518422,-0.005114610157510376,44.60623575763135,0.01851427881035374,13.289236909399337,0.9780746764991017,0.33375679752915566,0.35306274352278605,0
7.261239990192356,10.102494465459287,2.113059010258361,51.905005160933456,0.2570114720561062,17.191394775511554,3.17049587593264,0.3653264888270824,3.658995263841746,1
2.971998533181507,3.80624677381977,0.019346211717557023,89.90676822896015,1.2844554409953002,24.146627596411665,7.158451237958633,0.2633885938865334,1.9846470137454162,2
8.685113921452572,10.965086614295817,2.435633181649214,52.86601096078144,0.1688708723193236,17.793805808657375,3.2983296070929273,0.4062247371626018,5.59133375249785,1
1.6257096403792444,2.7242347014185673,0.2574469358061706,36.279528916088296,-0.06654488615283893,12.640019505747388,0.1609287350448801,0.15159944907051762,0.832028782786144,0
1.5307644850051103,3.0928303009048825,0.21319674252567988,31.367957743968,-0.019863297465558448,12.190381424180986,0.25512963801267696,0.48675972199862033,0.18994407327607457,0
1.4499195654154793,3.1583731683274294,0.12816037336452332,50.630418776694675,-0.06500013029907853,10.977170851817984,0.8667703283895072,0.37031855902762795,0.7128973212392802,0
0.7532649616605156,3.073177994879221,0.28094181738439267,49.353736238020126,-0.052738150279428894,13.487490378875586,0.9652781173487505,0.40949623414228886,0.24347611364378952,0
0.5745552113445695,2.941383395644063,0.1564805660786753,33.33514004391264,-0.05462220142515852,12.967060245027472,0.2904647150388438,0.45647497684452465,0.39122675991745565,0
3.4886998210818865,4.391772649756833,0.37323459680293375,77.34306412775042,1.968060369754172,35.26072507642804,6.135448083628781,0.3185904658689949,1.0192126840932316,2
1.8755355173601824,3.4653223342902177,0.1929319102763021,29.42039026643201,0.02562502924292115,11.955075334559687,0.7877833367595001,0.24933300566994182,0.3834113634323954,0
8.508606741754543,6.043537447336947,3.893541467458696,50.99117915844276,0.1643446681899222,14.711444857316579,3.3590036884835777,0.5165816244730801,6.424223997498252,1
10.30136261118878,14.130618993346198,3.2997686135463717,51.67344459821093,0.07823555852378115,14.936489744368188,3.592675468188796,0.19984261695451988,4.906966340131072,1
0.7503514295673994,3.17596268703352,-0.11043149752994275,38.17306170646785,0.06357761961902693,13.386017180419802,0.8433395752494341,0.3809749929986411,0.4572480947285051,0
1.2364568642457596,3.203163938432109,0.022531990237747997,54.64451651545889,-0.024245617794399918,12.455313034873026,0.8942385756539674,0.13783672969519128,0.25306552292690937,0
2.1255461556110626,2.783113849932226,-0.2780718361053026,37.91206657962338,0.16548284945789946,14.059353898673207,3.7796183464840105,4.781998123429563,0.7026364228363199,3
0.9350111789017579,3.208051091739259,0.0816083846569583,34.99887760422458,0.0377411135437627,10.247175516215343,0.7172676690271265,0.441154731727453,0.3634775044162216,0
9.027580246077669,7.412255985187535,2.6598381999285556,45.89892717604418,0.2204095548692406,17.303533501086417,3.440439276241234,0.35147615202883564,4.6822164705152876,1
3.129569550047598,2.8235427877908887,0.43943297021514305,56.35030645404348,0.047150876920660965,13.85958772574697,3.658777991018132,9.206331019377975,1.0778979590292745,3
2.376309100641027,3.0046334885776917,-0.266192742603499,42.07381478260289,0.08297913755780027,12.636699640134644,3.801384874268457,8.900092648307751,1.2094404860878323,3
9.339316771341649,15.55704017247576,3.0859783903144673,58.94124772216691,0.12978857915377312,14.91188508515131,3.856725935385437,0.3726002602996788,4.345338631775345,1
10.21911278997278,7.99625632284314,3.225139507382025,56.44064865206656,0.1602076423032709,14.859089238560152,2.774820965664458,0.46725927288434077,3.8958953213711887,1
3.497874409050706,3.326623050711226,0.11837297323691486,110.29921877314536,1.3479820610579933,24.08611439929105,4.231375767854242,0.17022031373146043,1.1859808713786313,2
2.677612370173443,2.762059727774633,0.5062619687979211,93.08716373866,1.6171269478996917,21.992888434668096,5.514915452190151,0.19718284960436305,1.5560446675758994,2
1.6596712115433607,3.478410935193245,-0.001955232701615791,52.37853116139273,0.04931977208777523,14.047123353677955,0.2807017530335858,0.10436353089773326,0.7529064487871379,0
2.815315627304936,3.3500605924658893,0.1272549397254715,78.64300276761514,0.8189877851234839,25.344328445353977,4.408400557150539,0.2998862634317178,0.6360622832760453,2
1.8430566592264903,3.228140431278194,0.254236801575972,85.83049505620093,1.2883940899262127,33.06089436281677,5.61544890560552,0.4220730091274749,0.9484712642672174,2
0.8060876576746858,2.733523986761856,0.021967430212846698,46.53265663444768,-0.08479905754316149,13.775418735842646,0.618483584715938,0.24239579234594585,0.5835972435898806,0
2.8901217459756467,4.636229815536068,0.3515356139345249,102.98276003200947,1.699009398276841,20.801356447832365,6.734197748734585,0.12466279834868126,0.779304224871302,2
4.9348505812868595,8.283982149746802,1.7615643681010829,57.797823540417376,0.21222475997749674,21.270603433701037,2.486818902386112,0.6106721538318634,5.538772930545893,1
7.410571718531477,10.319307011740774,3.3019375618669806,57.90952189319034,0.07868616963158855,18.449192738989428,3.5865309648432913,0.45653298703430767,4.86039242888312,1
1.7365799939071964,2.393654373492442,-0.37722584454380814,43.88486598464102,0.09800238435354174,16.83632068479813,2.864592607924634,9.472983880012134,1.0072220579943183,3
2.147787804084661,3.2907993345627298,0.1868321949791972,40.05625955726086,0.09001423479389226,15.28379451318025,2.7823627018399133,8.237961931508558,0.35579577529645573,3
8.830638093330242,10.56158460398046,3.1422495042456227,45.039509863826154,0.20096622232384453,15.927526228093173,3.18000444163837,0.5609606329699346,3.298221613452526,1
1.2248797532536617,3.308497496836371,0.3053495454668724,31.68042115571986,0.06995276064168297,14.431195900344159,0.16978003600032068,0.2915609879304258,0.33789194136575534,0
1.0209078532258973,2.4905553218497456,-0.2150578127145377,39.0148491872939,-0.04801627017626072,12.308868029254151,0.790262902170937,0.2994019413137264,0.8405373255340385,0
1.0067469514392269,2.7299753440908385,-0.18889916364837422,46.881732643586055,-0.04464060877882129,12.98078746364351,0.23970032050326798,0.3846650987608114,0.37814381716240975,0
0.6393615168226615,2.605213695183674,0.06285831876104038,49.214716470598354,0.02180803621178159,11.537734688130778,0.22785284352726864,0.2466350342734099,0.8376167976399753,0
6.307537547834387,12.460790697819863,3.091561931402696,68.62644637873316,0.2797805942209205,15.842505945012409,2.3833823160633814,0.3902776504087613,7.1855303632003675,1
9.295077920905747,8.54573227247461,2.9461728869004755,54.858725534703645,0.1214530823108841,14.702834694135584,3.8087765328757626,0.15969196591560525,7.311852381502853,1
1.2196983862325752,2.722181834444422,0.19137855701243126,41.985087576202,0.019327123609579243,12.385913662228024,0.7131595943982113,0.1337970819019858,0.6592218823490319,0
1.5435381698387525,3.2339501461452973,-0.12376137704330763,29.931653751358272,-0.03643678492554322,13.405704711074735,0.8289299980951521,0.2676455894721377,0.9009706917413315,0
11.675815908687571,11.152978411452573,3.3437385577083973,60.44141060526267,0.3112875764533605,20.137923354917785,1.9485791080085446,0.12675764380715382,6.483040502869773,1
5.405183843077115,6.42586594357853,1.6166735798013248,48.69771536642773,0.16465380942793398,16.64744290980298,1.8225371830329704,0.46884988911712044,7.053137763349402,1
2.5434578725669517,5.110844742800073,0.4291186328486032,78.32555660806935,1.3870706256119432,22.646762573273225,5.638627480627562,0.15808845734972735,0.919715022274425,2
1.3168366400283784,3.026162612175982,0.04979878557449771,45.54635156463662,-0.056653859324500226,12.755686205287688,0.9703354733621832,0.25216391147320744,0.4232280773124453,0
2.0831668303392363,3.0646383514788202,-0.05015528622054754,37.575406578359996,-0.054658427160397184,12.814511071705333,1.087011023001638,0.3667024372498135,0.3261103726410976,0
9.507453660991919,11.899469462584422,3.2127761960493597,62.24407749799152,0.12917298622803575,13.810154266727176,1.8139570251881263,0.2429697776356991,3.5532843721539007,1
1.3966995700813727,3.235456782434966,0.29705029416053685,47.33560192490905,0.07735340696693097,13.297423717715187,0.703484932423563,0.1546066507567968,0.6738963090554733,0
1.6170311919596891,3.3596936017680226,0.24156485500413313,32.286412431863916,0.05411916725606327,12.191286129467901,0.6359332213973872,0.1715465344442072,0.41021537808345065,0
2.8606485440324674,3.025366126185774,-0.05554578482764813,54.920658072113206,0.06520529848287365,14.053723625143345,3.253742106920984,9.364726145412533,0.8251756999398713,3
1.156074247218004,3.0041216912176867,-0.24520728730756866,32.30873542191999,-0.05931859621397867,14.076319195046294,0.5058999578142734,0.23252838626133956,0.5435924648052883,0
1.9210421579209966,3.3471600080860795,-0.23171052418604549,36.33444371256881,0.051076675315614835,10.96069341259077,0.6130237145019266,0.10372971041631614,1.1058519931526023,0
1.2370080829045003,3.40383897843624,-0.2987567000189578,33.21905596049787,0.009521764257915873,10.304332695124183,0.23733924755135427,0.13991952955735987,0.7167860225319806,0
0.8548971145190659,2.7375534641673434,-0.06606268556893823,33.212010988377784,0.060978133749050804,11.527162435553766,0.3105175554633582,0.136726843643991,0.4236316276737502,0
1.415746261747396,2.345321989237268,0.19757738462819055,38.90653656176214,0.04060922980860764,12.35731505104636,0.8924997078425997,0.15786953924752084,0.93554402774352,0
7.280326870207141,11.098813568370954,1.7980280151552832,44.77648939640263,0.05778641751093666,17.257952767000084,3.1327641139693574,0.4212552116892964,4.033041685903003,1
1.7354120547668714,2.535051249783337,0.2789853887939497,44.658086930416076,-0.06845138306520332,10.79583245169555,0.42737859659900573,0.1274011811876852,0.7917617407764598,0
3.626406644993709,4.305311332183719,0.4030673424643242,82.29352393632809,1.6117553127032145,29.10330888976234,7.089708120408654,0.24911393644571,1.8498072002860588,2
1.1151863178654964,2.800310711792705,-0.0955426495001179,37.50814643830465,0.13971153451730384,13.303953061762039,3.251219320332015,2.786706979979295,1.333353275786417,3
1.1026581650747733,3.1310884024082664,0.037154064592618816,44.2598896564351,0.09240372252303095,14.202854367658645,0.3396859852417996,0.3073605769043367,0.5234846242292094,0
7.5367874822179335,14.409833027195447,2.9007860113618102,51.16953405959052,0.1838850216848355,20.33139410898634,3.091205767648165,0.5099521384495936,4.582441786036817,1
3.0034973329191113,3.502994253885023,-0.29181034523184723,43.38955870030029,0.19149800320699836,14.46456309969174,4.872577540147736,4.735917608078855,1.1869954789139205,3
2.8916072884975446,4.691504082603986,0.27142703355258146,88.98417720356274,1.982326131533476,19.84455460420133,6.569308188616475,0.4710630101657617,1.554195837895061,2
1.2844539163937667,3.750118014264902,-0.043731098815755445,43.77088637826421,-0.030691047180037144,17.82090733435094,3.763856728842555,5.8796271120802945,1.4137335507804756,3
8.358127184599724,6.8068074821160005,2.868362387437042,48.20632676034875,0.2779541420028873,17.753290752745674,3.562580016011114,0.28462754711016974,6.073256249586037,1
3.0676980118729062,4.810570406022688,0.2885955935210042,93.20573903708923,2.008535682400204,31.680620506294844,6.011168937393431,0.16813613447377349,1.0035725199823105,2
0.6449588111866343,2.5992385503772684,0.24416472945120876,49.829784692727074,-0.08812355491391605,14.334429860625292,0.409403693562039,0.29698833562838817,0.6746334182442821,0
2.466124828871046,2.6288187824972047,0.283613090279483,51.28843775542148,-0.09178313642881807,17.920634510995963,3.386739702303035,6.96676597992898,1.3615457199654988,3
1.1100491368781231,3.1732928837446974,0.12665104444421815,32.780506784863,-0.08053261631533104,10.915057824476971,0.9066916936191239,0.1777507858694843,0.23767465391720516,0
7.695448880571086,9.53413746089801,1.7918904727774563,44.69559409450523,0.11736056777692945,18.434350734595892,1.9786315038800038,0.10537433102667336,6.128224110797315,1
4.709498493365926,3.5071939372960927,0.342056732635551,73.86360240806752,1.3893879354499667,26.530969043067092,7.188742131052325,0.115722122989002,1.8987985801226646,2
2.4230220342776647,3.881259069357806,0.04204511916696472,75.31294718556676,1.072248693539103,24.84400933128671,3.451588348088122,0.10302169396612355,1.826490219368968,2
2.823032613453268,3.665858451804064,-0.13459172792610324,55.79830451203632,-0.08885107689036313,12.465526144864421,3.135899618003707,4.7450664146476464,1.3093300116743918,3
4.291315280075987,3.566833176101627,0.26315108084453176,111.04811014943219,1.919308117651126,21.133553885184288,3.8142663616743864,0.34971225199126327,1.3830748247388243,2
1.8935998915389263,3.0151476211191666,0.18473894730126772,33.427917858791794,-0.022934904868655306,11.302346108168562,0.6932993699876276,0.2620082486154889,0.7093098433756051,0
10.330287596669965,6.594346232040191,2.990164661903087,60.75103470749674,0.23099413916480482,14.70770764199168,3.986890711898288,0.18914818388220742,7.333647505749943,1
1.6251250458024817,2.4708035169966727,0.02473803216324451,36.12105516560026,0.06035416137194175,17.818557412544305,3.6834010071305547,7.2581087490108285,0.6701819252540389,3
6.227975345701248,8.760846929054471,2.988438326365541,60.969030110708765,0.21999850609523888,17.257828282143247,2.3498235072330207,0.3716585337190593,3.7123674479338375,1
2.5586235576509835,3.2332021031786673,-0.373812666921352,49.39164874638338,0.028260227375991,12.45989793669423,1.9414897380205018,3.511513732799833,0.38875834757788164,3
0.6584950017728577,2.620008199311895,-0.21812443149947167,39.28890989859313,-0.08980816777617802,10.375987341337535,0.16579770147870945,0.11398198022651979,0.5240657583216691,0
2.936865448022913,3.9646628999815743,0.24412596708816484,101.36931795666128,0.6359499032340153,23.4818118839914,4.834298454724638,0.42118387312687877,0.5093396828117907,2
2.102043949944054,2.875130055030194,0.12329287933686058,50.67059223428278,0.15582174387499778,15.290446638147408,1.9478113783547628,7.834952221170762,1.1829121642798033,3
1.4321818266047228,2.6797512035631788,-0.17182635162844997,46.03826396662893,0.022013183072982178,10.386198449061848,0.9008360233498846,0.3146747262475576,0.39275162657649826,0
3.3811798751785638,4.015962859744339,-0.41699336453907526,53.62983789429744,-0.08775935115007086,18.048234423572907,3.2129694788740686,5.431585564335475,0.9461696081132833,3
1.9613895773762302,2.681700173426883,-0.2570473643481363,48.29134011910572,0.032464658606012865,13.78348145578174,0.6334367463865278,0.4717125826353816,0.592444915603641,0
1.5547779141702252,3.759035961443694,-0.16842563858992662,41.50540589546455,-0.05077826441178896,9.092809270457487,0.17648430191863365,0.4858968083011808,0.760481692882406,0
1.0306436920218451,2.9284849125951538,0.035948798248696054,50.430377526032046,-0.043367766191276386,10.427607977439184,0.18378274238881462,0.10984817059952014,0.4395030103960644,0
1.3138878966552312,2.5528038772870705,-0.03278915537344413,37.72935874826641,-0.016088448717599003,15.557864469183205,0.10098222378185652,0.36285609063167595,0.7001684535183325,0
10.047170421591563,7.392886793365877,3.677740640780783,60.90585874716646,0.1404952056367557,18.503287628171314,3.4664021828624936,0.16053046235622404,7.848336924682121,1
0.9263412850426369,3.042530235206358,0.03217443494137931,43.23250665563539,0.05284361783969957,15.758286946972575,0.9160207012994216,0.42940077633014445,0.8357325864843448,0
1.2126412912507287,2.837796028241688,0.10441068470049167,47.0040253410975,0.04551249864524384,10.766157657513862,0.903933486422641,0.4572970166869996,0.43295548055757205,0
2.5519381272061286,3.464354037249798,0.42778077611742027,93.07561977663943,1.7095335669062366,22.95143158982476,4.437685048199669,0.294554518184201,0.9917386609059693,2
4.9368851363772706,4.528902586656114,0.09332808936858733,104.22312556242778,1.3221808728472437,27.492533843733405,3.2362088712820767,0.10363912317649926,1.3649761925320818,2
6.260756782433428,9.016379884235302,1.9174136996525355,53.09049692339466,0.11571614885393278,18.154973614343778,2.276228188458112,0.4021824935758933,4.748103666664709,1
11.294859585152258,16.092124295776213,1.489940929584378,58.79879505966016,0.07976828445984813,16.845255886479425,2.284496476908946,0.32153910818310544,5.071718302093296,1
3.57378076162598,4.8875932206013895,0.2815662238371228,99.28945099094577,1.153853656150934,31.809037609716498,3.895809458487225,0.3143008889592845,1.574658436790193,2
0.532405255048772,3.140748139159012,-0.057751941126135686,32.65762810274101,-0.04380682386457506,12.8119048933027,0.7560413429582313,0.27923982012008175,0.703576935717932,0
0.6047582542082282,2.737968837894233,0.19087389612325875,33.46142878907305,0.03553464270001553,10.503211933853768,0.4623937722811485,0.427464170394374,0.7024675109790111,0
6.947390589418345,13.617647647146951,2.4778349266293147,64.05972127870679,0.2599358325306671,18.01441166469529,2.326321357241327,0.14254357218778713,3.8533963538601848,1
0.6705404110201716,3.2266248705656664,-0.29085572806353044,39.88511079694996,-0.08045991898285793,12.716999748154546,0.6070233790962408,0.269088084865319,0.30522299311105205,0
1.24836552574112,2.8069400658904704,-0.24383535130622513,32.74714811249015,-0.07447747680248519,14.012153574644161,0.43318393443576625,0.47616974345069457,0.6647243421338318,0
0.636292068505108,3.6115318095892714,0.025808208920922057,45.60124562882335,-0.07425925522712486,9.614711111908967,0.4835726777723919,0.2857917942621253,0.97278577027079,0
1.3196051960718087,3.186705722857423,-0.1436118666313154,44.76995947466484,-0.008253247540914622,12.670698584610856,0.7385385768254561,0.3926409007976304,0.19043775878115646,0
0.7052765879543824,2.984525274134356,0.07727954336677924,38.415939925905526,0.039639098977952085,11.10715451417303,0.4052544248575701,0.19324528135137609,0.8193646637233318,0
0.9694213366124016,2.670923978432864,0.2974714223297717,41.780880495425734,0.06022152127293876,10.85088068819224,0.8130506947894796,0.41376095833543824,0.5511352727154886,0
4.10189730435919,3.8526840989388473,0.46705398660364433,105.02172053342026,1.4811310556803114,29.42560448911785,7.581123969380334,0.24164572821497934,0.9715408546954426,2
1.0762283750249786,3.1754178162904094,0.1757558551451864,40.283357495457494,0.08753333298909638,13.534544300886957,4.027558579159911,8.416888875164668,1.2606181748818757,3
1.0530743397805482,3.203199144953049,-0.182583332175037,32.18021258919354,-0.011012525442603865,15.804788346026617,0.21493590881192898,0.29763653321621997,0.33960100660301573,0
2.6815101039596914,3.8748118617790275,0.28256360837585853,75.66331972486074,1.8278969818495903,23.842306214470813,6.280130546095143,0.1319977579134207,1.155715429337117,2
1.487130772075901,2.912555430136748,0.292211966557391,36.15467341429004,0.0584377365699407,14.223891249834477,0.36860294031973595,0.4750034544588625,0.9001304660142571,0
4.721515271158307,4.669645732952827,0.48203772937405887,70.93106016214227,1.3244649592690985,23.43753614882825,5.7898992235710125,0.26082797062729324,1.288576084457161,2
1.80796394393166,3.3718003822607683,-0.40430549852348624,38.890588986960616,-0.06800995709279921,15.35360582808031,4.2629201258023155,5.517694407831147,1.3238941437908176,3
1.6942528771477483,2.495617344970472,-0.2660883086284594,48.349561897862095,-0.08924599442152355,16.453096126841142,4.021672248162549,6.6705872178897305,1.462874842117363,3
1.5158722989604396,3.4833451562742375,0.10626975625151225,40.50178216566827,0.0892682703048594,12.162955997699857,0.5246329345310358,0.4430308387057534,0.7441944742834481,0
1.411097979672709,3.3597447924294297,-0.05847910600530722,41.31828499105211,0.003931326548452873,10.253525589162116,0.289623525670292,0.38264818320116756,0.9655513115139571,0
4.04220041135884,3.1042416673802116,0.5168494503003485,74.37148162125918,1.1317042457033253,24.363576055900985,6.497433970875228,0.4232284474551312,1.0141322458175124,2
1.6438477713485657,3.253694847829006,0.2044291013948578,42.63678266837121,0.011073915853251935,11.439010719620562,0.3023784068787238,0.31263448097599866,0.4208596585889195,0
1.5012953851672501,3.300196335658352,-0.02035095240072948,54.05054313721945,0.08169707867110476,11.288355593555577,0.5857316204520553,0.1368324482759712,0.5828106805133522,0
12.277720316083384,14.113031815688236,1.6281272801592712,57.4744583397435,0.24778524125429569,17.862628625680046,2.8015279699143556,0.410905374510752,6.766184381630469,1
4.992202601341915,3.1128411438047543,0.5221930583677462,89.78280271284504,0.8432517895588155,28.983792570865532,7.038959690425099,0.43010158034422835,0.7434778587819816,2
3.704258028188423,3.156967583945892,0.29273614356712174,105.83781403246626,2.0027023604134033,21.648707152940013,5.2862536124954245,0.4485956157043173,1.8479835889063803,2
0.9721282311298665,2.655731923660059,-0.1266126207087234,39.04044858252604,0.017760945257121956,11.991197172950736,0.22503449136621215,0.39515711796302017,0.5428763168004529,0
1.5357838093617528,2.5373239955241154,-0.20927953035683242,37.05740863908282,0.09292137901391553,11.788895283153886,3.5679443922906753,3.3759000660325786,0.898201233751051,3
1.2357610846474156,2.7816897650600803,-0.15678057899098521,32.09759250521643,-0.015226169950352805,12.171132661033736,0.647190568368874,0.21187897570397388,1.0015560092508289,0
1.8379600583121616,3.709396726083188,-0.09331973587851239,38.67711211064863,0.18459446546546998,13.752519773239516,4.368086798451734,7.88284854003922,1.2823928827004418,3
1.3018161413702902,2.79145051930777,0.04571821331181665,42.44778822338627,-0.10114526275056933,14.660009200736457,0.33836195858837204,0.3043327609677675,0.3497366497855358,0
1.3621330922707773,4.146139880939761,-0.14808354839460525,53.889718169498465,0.05139547155044473,13.919449773819744,2.233917634752301,5.091818100417022,0.5283171366495208,3
1.90885961185817,3.494219298269091,-0.26633167572750505,32.914120186608045,-0.002949515331034495,10.96869839679242,0.7440648040452638,0.35096218437810844,0.7496038772824418,0
0.6049159742777152,2.909675518819255,0.12617228710903192,41.1280934825393,-0.004774917356697048,13.638830954790695,0.4819316106017282,0.21761266980795482,0.456474589331826,0
6.767084458452882,6.033768012040204,1.589653987690458,56.362369721914625,0.09199209175397037,19.041840722347978,3.5407241899685813,0.2927064587930232,5.759450157375232,1
1.0398511047791872,3.3673820207251826,-0.21375761422162004,39.442109017415106,-0.022059459745859742,13.379278026163567,1.0884387814955874,0.2705397983116805,0.8107347522606327,0
1.4474376087514464,3.0959172650898203,0.12822868733343787,44.63816956731265,0.10250590498597442,12.045519064021118,0.753648699642446,0.23274542872151477,0.3776377241853741,0
1.4936851786148777,2.8987695448254,-0.018691067092812708,46.91538554543241,-0.07045536779759697,16.93234923162135,2.5385360705765447,9.532056717423341,0.6952512708381358,3
1.4487600764292958,2.9955645189942564,0.07895282531356065,37.27055833262036,0.09245526851048019,12.084060239309908,0.7439940129963862,0.3263525579144117,0.2406928957947473,0
0.8461493807818087,3.013108657807055,-0.20551457376561214,50.15854301065677,-0.05595274062881692,12.807742441177426,0.846808402000715,0.4835878414664036,0.5376648943780915,0
1.5370471649788766,2.7673672669671174,-0.14489953601637673,47.56412477361306,0.06088245324215654,13.99415346106526,0.820049920301741,0.20360171121580045,0.8443718486752358,0
2.7750088238087143,3.4963328087354335,-0.3444174450324952,61.213670575437376,0.02902557572554416,14.67835607413861,3.6063105641551347,4.968933824579969,1.327867772057452,3
1.5436273723898915,3.144434013568835,-0.14923983956765305,47.19507996311604,-0.031190514078522105,11.427144611454676,0.7893581974143274,0.3158845254839313,0.39921019785383055,0
1.4473866485536788,3.299234439053135,-0.27162592694576904,39.35298060095582,0.0026370249536982427,13.636247057794169,0.8939345992678097,0.18909865924548366,0.745797523991129,0
1.5565255790905366,3.0115146672728805,0.2414139083545689,38.05010407426758,-0.017115384905801414,15.123862900494766,0.2656805161479219,0.26816602794584155,0.9561495532516193,0
1.4700650849967785,3.3317143368885573,0.4750280420184759,50.07902066601383,0.062118187838135254,18.162602494419776,2.824620635341437,3.39751941475166,1.128173676111311,3
4.46282490604871,3.972575423867057,0.049240098122824996,91.25223109206836,1.3979159201165767,29.0516862327181,3.7448800682748513,0.1124568948242674,1.030117997077248,2
10.98067077241383,9.742950445512182,4.114340186009316,47.20611904307471,0.14213517909831258,20.267829159961867,3.026137008047139,0.4144864761858931,6.543279320135257,1
1.204862734572106,2.486715857587866,-0.18064927660943267,44.68420799082611,0.01610162383624653,11.98357705869038,0.9146087211791092,0.22651434536221796,0.48956032328415505,0
7.6337867928039636,8.064740442984593,2.7035267209381826,64.41422337394533,0.27001431756901934,16.03798363049942,1.9303185165631915,0.22105049843567853,7.1803233843013565,1
1.7410423014126628,3.206927006268864,0.05904699429215012,32.99164238317068,0.0075159608536683525,13.765746652293517,0.5371680898031114,0.2994750382624657,0.8679605256944989,0
1.5636256862362137,3.0903422534653004,-0.027262565066417044,32.3530315014469,-0.10248528626505829,15.412435787164977,0.6493585489127236,0.3748830463118769,0.7772546839856556,0
1.6261237177453443,2.8670916695576767,-0.03853727266432748,39.7160443131394,0.0022227134211758163,13.47874040482277,4.726319142546664,3.076194778124592,0.31172791701938685,3
1.6825740469123927,3.1572629273830795,0.2590801815381529,48.130266962889294,-0.05332124504852711,12.666503100430536,0.35128006791881117,0.22121782083623814,0.5955815774628604,0
8.888310754979525,7.987442658958673,2.4191462333849696,59.09762193352612,0.05981022138584273,14.320040944034739,2.4360212058168402,0.2995767558945503,7.431374619823494,1
1.7066026911641603,2.8714605683229273,-0.4831749953105482,37.43365377965691,0.12880853429348085,14.006836802900516,3.938863923734823,6.512564932464877,0.5688570788651638,3
3.407755593352916,3.884079515507998,0.4621281308619117,86.77104830677986,1.5918937714248356,22.55250924606184,4.751434455730425,0.48152399956851794,1.1116877496133764,2
0.9836293602664183,2.7760384038365076,-0.10474802388612005,39.86456153170649,-0.061003419603507525,12.301744060121395,0.6243084700370969,0.314278789431596,0.5487629836682453,0
2.280021156062867,2.7797684683977053,0.06333369674298221,37.08459432609182,0.10893797960767504,12.928749913381195,4.200851612217254,9.390277352092111,0.7582910972124687,3
1.3714732377705672,3.302484918612598,0.03562893221457408,40.46843330712696,-0.05377375000039603,15.288341023478068,0.5419009288781733,0.10702867299192506,0.9503823622500249,0
3.535138013598353,3.817100247371485,0.05961654644206295,88.31430555711987,1.6997380207798516,26.39835202653477,5.106938867032629,0.44869430662739995,1.7631688549978248,2
10.866358272682085,10.068315481150224,3.0393770889244305,60.88264644644259,0.10761442379764184,17.471393865977433,3.0929598765142248,0.4647929045647603,7.596875184637943,1
0.7296123182196442,2.8332270479704564,0.03972917335635222,45.438109299080374,-0.011508618492024522,13.28918110851657,0.3544353909954655,0.23166385378170173,0.8027176599759889,0
0.5111370659073491,2.990512321828118,0.09200694157415358,32.98646241166646,0.004616568367237058,13.080633447661405,0.11074093842558601,0.265953722494657,0.3503328063556013,0
2.240550312522568,2.9849801648914633,-0.07515068361468012,53.170330585658675,0.025311956854665134,14.14199093438148,1.944975081628894,9.344575985692739,1.4923068843881542,3
2.6475028131033853,3.159461312520165,0.13874218401082106,85.23584675136438,1.9226119738706449,32.66125277084552,5.144348538740878,0.1230231832729048,1.1695168604043125,2
3.257957621835909,3.404539302224119,0.3924973420285543,97.34671534481576,0.7840857949378642,31.067371906784043,4.288066125709716,0.324870775573839,1.1006194252562562,2
4.260581497617482,4.515283246827378,0.20618782365934218,84.0469812518596,0.6231829014086653,36.59828323808539,5.558017750807552,0.2953712651472078,0.7723749269461194,2
1.6904690799259154,3.6356907986494917,0.26132089139370107,42.25328491942389,-0.08395415319981532,11.077840453865445,0.48110766543032785,0.2515275650254448,0.6152494395806577,0
1.5794053033218498,3.138252240475344,-0.1442330859372781,42.17671007100226,0.07845086595731919,14.159668855197612,0.9697809539828778,0.1499259809487836,0.4926210843451046,0
1.0183761984159294,2.482126792399038,-0.26745159216574027,41.875658107206924,0.034103404968398233,12.820274463710401,0.4603464104993079,0.48123319852078594,0.6546807934708124,0
1.8790088245955177,2.740137316387835,0.0922702634014306,40.06080747358952,-0.09234437351548187,11.145568055445002,0.8966533686390347,0.4231991430354683,0.7336606200351563,0
1.0550945089046866,2.6006326220037304,-0.08749697403844575,48.293150226236534,0.015907453883451474,9.668987851573489,0.8206388797718902,0.13347408193596286,0.7666095421596293,0
11.065372514323533,8.983865833009745,3.1741458395719864,58.53774815458874,0.2926528929067926,15.991664341187526,1.6759094278536901,0.549445517347471,7.218625110391899,1
2.798495793639766,3.0841831628038485,-0.06126254222151435,40.43549836742031,0.20144168631477866,14.823065392904207,2.012940209691574,9.690644699845922,0.6944857225944803,3
8.652409631335319,15.08463981603232,1.8684623584694828,59.47754808708482,0.06990701705536469,18.912017688388026,3.7630454049959927,0.40252763610682635,6.312606509946115,1
1.4496981237433528,2.8485135388573477,0.18427348919013642,36.42720801301378,-0.05268864541134659,10.391750262953579,0.7652642319071334,0.2492365353694696,0.8239568862575856,0
3.590846199418625,4.182805035254835,0.289695230669464,71.51412050139398,1.7411906465760807,25.25674122885316,7.616487781305041,0.4996004783520362,1.4140469403077807,2
4.248774905656885,3.7517463922096828,0.24977552723630014,90.64527709157083,1.210640518962614,25.969312492645162,4.918829450052103,0.2347880805594798,0.9399240005337793,2
1.852507167234678,2.7622124372832015,0.050604020879598186,30.667012220033136,-0.004012921693834082,14.48333459461075,0.3540935761082373,0.25532076725753,0.6780182862449973,0
4.507541042256175,4.1686175070468074,0.18763947755743637,89.47558904405072,0.6852529708323145,31.849588818666465,5.9929812201533705,0.3255119445810985,1.7895924700216466,2
1.6885645236216953,2.6182762575221856,0.1576018488293383,37.953300736074134,0.02350085080541989,11.563046180726412,0.8208300905527527,0.5297036024294169,0.5037220350024384,0
1.9354528642657467,3.657041845417884,-0.4339232914717718,39.11817567801382,0.09403741039129519,14.939199121647796,3.4349821277931754,3.3516591338182824,1.226516490815204,3
7.662162425621828,11.072342406950659,2.616185967287314,60.84336713066216,0.08734326351854108,16.73737927713515,2.2226605119998255,0.5688163358979511,6.315002733802312,1
0.6728511871493172,2.892428033276778,-0.2877712808551932,37.30706541732139,-0.08505270822185186,11.431355207019767,0.7024506407100443,0.2948839857191455,0.9868427709114667,0
1.4773331624127017,3.4427862618022247,0.2972693446807477,33.38664465599932,-0.023375488289894372,12.375241423621558,1.0087419049974848,0.2560364289679947,0.5703147466287738,0
1.896654942577775,3.1565432631835897,0.09682170902503641,33.34467814588183,-0.060109268348153215,10.97357291719086,0.8657104033288406,0.3748413862019604,0.31781567175708114,0
4.8046239425872015,4.185971342587277,0.0909128976939653,74.815369195278,1.4525213908685908,31.269146857593448,4.913382908030359,0.42412360778441294,1.7255598144652355,2
0.5136319280958854,2.7346068263738466,0.03729455045944754,35.70603810672968,-0.05998640530216001,11.566623650971549,0.3489981094923927,0.2458678296812353,0.6317848096100792,0
2.4374878136874387,3.173702557880336,-0.3035105767924237,45.999670722937516,-0.0033586639012504957,14.489593019225135,2.4525474216278673,7.295950259644649,0.43064785267389943,3
1.032759965707187,2.8044801740238445,0.13568486637531876,30.946450161392058,0.06902847814164245,14.231934895763334,0.9136553217605756,0.174307338384287,0.46095439804261507,0
1.840202210391696,2.49036420255824,0.0926872193997879,48.18992481839109,0.09061333871637756,9.86723384507438,0.9792037823870082,0.21360460571797144,0.503631093793213,0
0.7301205747260108,3.5899673798511667,-0.20644091606943776,47.69910697753593,0.0635379738798529,13.329846270663047,0.21223901581595553,0.20420691764179547,0.38793088299774126,0
4.220568116165495,4.782978700657557,0.08018193408076559,83.46021188354572,0.6175235564221706,27.487849416846675,5.756684371850704,0.37647119587061056,1.5752656043868407,2
2.331177022659162,4.126306918303152,0.31157795746950867,81.72428465950166,1.7889657308786822,34.540206544952696,6.534857778979315,0.4808273003132986,0.8146572507445515,2
2.4303630630687834,2.8501886301058375,-0.3040174848254922,43.70912009513202,0.16401510458505114,14.43555806650603,2.4889023872583547,8.505415854414153,1.1327957430961215,3
8.374076658176246,12.872491754452552,2.843748757601243,56.59931908271877,0.13046704015162983,15.515025421711728,3.421404704236023,0.3852023574605178,7.413725003208651,1
2.858602565250249,3.2994050986625023,0.06545036344435858,52.037123786230815,0.04553504612733669,17.704346394277447,4.788562537567956,7.836707719534954,0.8811324865632124,3
8.354767713877667,6.409565556918852,4.018394735223423,45.53054971028435,0.19786500829556303,18.64100344691023,3.4021281317222303,0.2555150925482879,4.997258651134378,1
3.0810830694207576,3.2665251706938223,0.15860565353624573,41.507535522728766,-0.020908420994950414,15.49509008739838,4.65959769785096,6.359646703346253,1.2819233883090022,3
2.961035359829776,2.879571880614323,0.339344969910988,76.824916842718,1.107937585100488,24.08110057298476,5.525818481225384,0.3984770767326916,0.5340507910833838,2
1.8468561180309462,3.0012947554761435,-0.03963889620221112,34.28733443382139,-0.09258056798156857,13.173565943634546,0.7206614080497181,0.4447998452033882,0.513193580922322,0
0.894388702406669,2.56097524337671,-0.1224926367978702,49.878228676018146,0.09962876969743033,14.379039005516752,0.8655007700558106,0.35502080641995604,0.3459783634629265,0
4.529889684531778,3.5157143955146157,0.054868048678011816,82.2961149493387,0.7128136322074808,24.983317133846956,7.07365385780325,0.2480777453104153,1.1047431429158463,2
1.1007259622869352,3.603216638108409,-0.25054376090959735,46.329643561606915,0.04106776031745968,14.108521354739146,0.8716960128502061,0.15546300252702466,0.2848930318835147,0
1.6212392676550964,2.7343449618370483,0.11720392603161335,34.892426110605435,0.07554312309965194,15.03750529252136,0.6343290794604164,0.23013084444937365,0.4109693001939766,0
1.0807136414922753,3.7498246602514445,-0.23064062498608973,35.99954272517594,-0.05955242445073001,10.248470718785807,0.3640954606236901,0.12202645500337315,0.4007807485027811,0
3.769177207385622,5.074185689079014,0.34464310877049553,100.63657907540673,1.796849162600322,33.208391373547194,8.106707293470455,0.22168079212905023,1.7564419404409577,2
1.2518378762300584,2.6764639088600517,-0.15240703275387632,43.11672703962862,-0.014918245489913787,10.170125062846866,0.17422823746349725,0.19413070821125727,0.6448925872422326,0
1.830543122009913,3.411193826904548,-0.11270457650604059,47.79623785639837,-0.0280578369491824,11.401829784469198,0.6356139980756192,0.31025763492123937,0.8339886706980146,0
2.2082565608343616,3.5128390386773622,0.29155718427166094,42.13650134192245,0.03986801338036572,16.12484255523931,3.0736024137010554,2.8861315326376946,0.7953407656467454,3
1.8066272897754445,2.839730776101395,-0.13246529185846076,41.400396947206644,0.07997907608737483,12.451309579080865,0.6649784403704536,0.14797157136577122,0.48123603087360833,0
3.972538720263665,4.561034052207594,0.018764667084924986,79.34814709554735,1.077783924054091,31.488244760484516,4.098022619729167,0.32454498029994006,0.8985246163937987,2
1.4938874989164448,3.370428892282412,-0.09612069527885067,39.176537015750036,0.046942351997068706,11.99205936144568,0.7403289636862914,0.4528443618491901,0.7102819004355876,0
2.352780352813707,3.4421132059739037,-0.09930903361865984,38.535922556834244,0.03994138902153824,14.273988223561918,4.13539508412152,3.6655272903499703,1.5003867473808927,3
1.5690327060030296,3.079071773991628,0.24887806588204142,31.629222477181077,-0.05356235359173709,9.754201384929978,0.5383415573721693,0.47279588241375026,0.48014355113090795,0
1.3048887796745814,3.447878347799346,0.10576223925192653,53.73343070372345,-0.010364461743464242,11.419730345343106,0.35419729950627993,0.4363395316711703,0.6463458574297527,0
2.94497805880067,3.210236806477095,0.3038395665968206,85.25834993341704,1.9659258346533648,22.2783374612775,6.893247299015971,0.1965430656608575,0.9280986637422595,2
0.8339646432240658,2.682135477117799,-0.12281807919391925,44.775729556079554,0.07214636749567528,13.270326619311064,0.4521359610411613,0.16517225289269483,0.3590109470476413,0
1.2016557700559822,3.1633492723762964,0.134176433524495,50.8599204508717,-0.07058787815833566,14.987674214151212,0.33038214478381844,0.4960069065492771,0.3907502230569099,0
1.8788168905801719,2.8115861480852278,-0.08503000965478161,36.58563883498351,-0.08804473528882559,10.368728539106458,0.1089332089423779,0.32539533596363623,0.2897752718514514,0
1.6382644359970497,3.2776891502104757,-0.12167974871605441,41.97881164002617,0.08424552185239725,10.838451077719506,0.7678622346224104,0.24474135807272693,0.6282835564734991,0
1.8146576907788636,2.8187285867198155,0.10681237099124274,54.813222365574866,-0.09069475409357827,14.41508817541469,4.498622372392458,9.844544654578865,1.4157384340247061,3
4.681483603251697,4.670976364951598,0.4498498450853696,92.05743934792307,0.9887594616869171,26.9762894364656,3.900009978083335,0.46402342811111186,1.4125596983965194,2
0.5569111396533852,2.1819190941256243,0.21283802895764176,32.22235193216223,0.05386383295014398,10.804890327758315,0.9470473548160855,0.3513696621123355,0.6949098658161534,0
2.327637562057375,3.0863418907674864,0.03595623286298348,51.18669290249115,-0.09256739395523458,16.79011911090466,4.291148108334578,3.4970624839783433,0.5964649706590505,3
1.8628518252602535,3.444582064082082,-0.0034420546246868573,38.102378778778004,-0.028374242319753103,10.762636714106298,0.5721008747310533,0.1546214508907909,0.699932070849707,0
11.547505706538452,10.910016879552803,3.258491101201122,45.980711715954705,0.22811112092843921,19.150166447454275,3.5772218981335313,0.49627954707956173,6.196708699027961,1
0.7444932281122815,2.940235392291756,-0.0043808666482756135,39.70185702244005,-0.044315462117414606,11.162910274487981,0.45421456362797286,0.2568291920106476,0.32906716603459774,0
3.434524687566275,4.1517064762306335,0.3670817008099119,91.74754839387899,1.2986655227185977,23.013620064195642,6.231626552294077,0.16562915677163437,1.6522845251702423,2
1.0238758976715685,3.083537389205691,-0.25263951611807983,49.081942702987725,0.004253788466315321,13.247645835284208,0.9157011569339913,0.301878895185617,0.7211309899088068,0
5.351785122003666,12.386894040220414,3.934425259357197,47.1805638314593,0.18887312346319343,15.157860847693453,3.5173920521126596,0.5579098894786754,6.050730921117263,1
1.741693481789675,2.7312815449018237,0.032422309139342825,48.567871647362956,0.06727531147864872,10.710276256247749,0.4157841761957728,0.2499811845813559,0.49983931533757714,0
2.58676731922075,4.532193192665947,0.12491110998116765,97.68183757579757,1.0470695547839797,23.666048690385715,3.645462689743804,0.2582625478150398,1.6694235216043216,2
1.135491070899307,2.7989233164064604,-0.18018288537591792,49.70025794615712,-0.07289753103110382,10.21781419146582,0.6133416900238464,0.379884603647082,0.32407572642655846,0
3.8291705147284514,3.85416264883713,0.4524920659574767,99.0473011440631,0.5524640543085086,28.51521143712722,6.9816987103188985,0.41322066851816514,0.7546096258670963,2
1.524347286900538,2.793171683285199,-0.11251705287391538,35.99094622315999,0.018777832848007398,12.088302740731857,0.6857188799296183,0.3701082860027388,0.5692017813452344,0
1.6947556306758724,2.8096583396605617,0.08751677901871055,43.55693527295698,0.07191828499779766,13.520736199317204,0.3801682999762682,0.12818428888166927,0.8514712011769207,0
0.8744384177886905,2.575034496698187,0.060461201687749704,41.312348731059444,-0.003354977609588252,14.314192313946267,0.6423179717231433,0.279406138384394,0.48525968258569685,0
1.2530323964452166,2.4967894919807874,-0.1469376912610615,39.106935921164755,0.020289273975099904,12.852175735168531,0.5277589523109976,0.36450965460683177,0.2516387830281618,0
1.262247559138824,2.5766915428087533,-0.054689260863080756,37.20815132995721,-0.06895916271285978,12.675005187567113,0.42376194329995664,0.28095530339044755,0.49966862391001804,0
0.7156761899612302,2.2278470650870474,0.2734642757508484,34.23306334068945,-0.05063361389912265,14.826450436120046,0.4548506285237599,0.3619774719516648,0.8337831311013821,0
1.460758886855281,2.597497985223542,0.08198342527417486,47.00745911930136,-0.05198242475906728,11.034919927452725,0.9707173764383675,0.2582992757499845,0.44018566679448734,0
1.8158464384343957,3.1327835253311678,-0.11463705066404661,45.55608350609925,-0.08897139761967301,10.065573121140932,0.44808857563893295,0.2920438358404851,0.5338845207568804,0
1.2759152478124183,3.538759846988095,0.14742673609447904,40.8166342752,-0.053029481446797,10.976009149543852,0.33122357699300514,0.3494086606008965,0.3714989260112074,0
1.3002475150268333,2.6312848408368463,-0.087646505977187,33.09216561725623,0.058108025311240395,11.832073835652386,0.20494477301294248,0.3487816647729448,0.9968041672429189,0
1.2655681438064281,4.119430901938838,0.28812322847323785,50.56861128394177,0.018716195065542413,13.819184037203684,3.5474028987051742,5.830951676527163,1.2733360575599542,3
7.810186168546016,9.455334014828502,2.4731247236520204,58.273065621852616,0.16924371560485918,16.338461383952865,1.7892458069495922,0.11817083977619793,7.7387107865285225,1
2.044591706514345,3.3262886129702873,-0.2127345874651903,48.34613682832845,-0.08694286527918008,10.93451736484573,0.9402211978123586,0.3956659879518908,0.49607130913988645,0
1.2259287794346203,3.6041365526304787,-0.48854659354592306,47.73586041723662,0.17702895932000615,16.062108911900577,3.4680993905114272,3.737774080948384,0.966917958133527,3
0.981426066925305,2.63579725435429,0.15934440021425006,37.861860836899254,-0.021662155432161052,11.67307510734452,3.671924089387523,8.351776896829069,1.1406804524392735,3
2.4750035222194824,3.0407474956503893,0.11035347849480161,44.93951547963038,0.11431868098629074,12.438749761149488,3.2806231942383968,5.569902578369834,0.7673774786987639,3
12.788612623706625,9.006881771127576,1.7302600046812926,63.08584117725165,0.1596150549182105,20.272818857396413,1.588420693216046,0.2240291413185364,6.951870247084309,1
1.6829182086530228,3.3213413195958066,0.06889076934410004,36.082133839279734,0.034532220982952985,11.553241009561912,0.5295365305839452,0.2851547640103956,0.30888561337068976,0
0.5015075165194953,3.0178809977569423,0.2269509592193471,40.74778983203659,-0.0774310081024123,12.605368171157526,0.15739265885868137,0.46404297324735455,0.9654849343372345,0
4.219256220622388,5.043866271518085,0.30882423790950253,86.74659823580483,1.7492804197828344,30.759284296587587,4.059250379709741,0.1826013550381395,0.7886827015673105,2
2.0534044036456245,3.574774699652108,-0.005849227984479755,33.998865495390255,-0.018614905098757,14.848874782889661,0.8690343770459662,0.37522653407781936,0.5207493025607399,0
4.3934127182586495,4.754465160976426,0.33707142253505523,86.24077141912525,1.2881552208377398,27.00376789213285,6.8050901736062706,0.2627446700064222,1.6125002314091137,2
0.5234096887868954,3.0728850803454937,-0.2530580006371081,34.50819329163645,-0.06491633788823996,12.010575537963685,0.8923243177360946,0.21383380489561213,0.5137726436701687,0
1.4093915805506718,2.817246098129819,0.2776548031106391,41.586018184847546,-0.027309842145192845,14.640740449819912,0.7502407031705204,0.36064395896165585,0.770297650113172,0
1.8952837916058212,3.207901630384162,0.16370164692534,35.27443639209499,1.815442719706041e-05,11.796203527663094,0.6648217565571156,0.41686942178743924,0.5433804058382189,0
2.974858217482544,2.535756685255465,-0.22679617944352695,40.62553893095977,0.06581045670650117,14.899319668289426,2.9898367891188835,4.773542223735722,1.125562353436966,3
0.8743577164592857,3.0185621940495255,-0.18568919735731462,41.401901566396994,0.08612677961204915,13.46761977557004,0.3124586555467085,0.21688977356615557,0.8231737353462298,0
3.983977432115308,3.3879015864170956,0.4188119391946605,95.29833361429611,1.8722970746811494,22.402624138086704,6.689388173877024,0.10757526479397699,0.8762398589582568,2
0.8507922626049289,2.6610877669587514,0.09004035687522596,34.463880543974106,0.04497517483553298,12.137393235770325,0.6782308475904772,0.43704290218822783,0.19283366366573063,0
6.84336052896611,7.0037224328812435,3.1538092986333983,56.34959814783901,0.2125608095302503,15.846255027112251,1.7509748409476784,0.6428671544891843,3.979230211329345,1
4.525537618939084,3.8301874316894526,0.42010046931516626,100.95755720854542,1.6412006645541897,34.89309718278917,3.57740816876667,0.4763817802330717,0.6663916237184769,2
0.624002548424117,3.3233368159845753,0.08936877874813641,30.197237182455726,-0.09732867819789477,12.323951791731842,0.3955472565147021,0.4002982757710546,0.5025607028794159,0
2.422517389378609,2.724946304147694,0.383992807127796,40.31096884009257,0.14291131922096525,14.202014645012266,2.1450156620463936,3.2627004750359143,0.5802433257917683,3
2.7146823792684818,3.8837183690717465,0.3230445054544041,82.23424341276782,1.2243798547690576,31.949309084667135,3.134962630182217,0.4757396547780174,1.0043079998974018,2
1.1763060149776288,2.2101638514606936,0.25046293168051387,49.89697936891338,0.05580623849286912,12.794351083368328,0.6227085015922807,0.317077248992976,0.7686207592910785,0
1.2945593585230195,3.179758079695082,0.08673916682869572,40.0959266913201,0.027346408208958457,12.169399410706959,0.9720091766219798,0.23324758914336022,0.4258532448029679,0
1.126085469653344,2.543217852668334,-0.0012959153633622337,46.70735314288488,-0.02329341893960296,13.195025629644318,0.3049334391062674,0.3444870358529785,0.9353297868726298,0
1.0810030423447001,3.3069743596882497,-0.0261680409332837,45.0592146987347,0.06415538994758584,12.410630309990799,0.6585135465919179,0.28802181950494155,0.3309950159361604,0
0.9038182928551834,2.821112247770634,-0.1598558247723948,43.57556207402952,-0.07041508993632904,11.788066230216124,0.5996683242199394,0.14906275612314063,0.7372606459614192,0
0.9962702689083023,3.289862184360029,-0.2753176259581025,50.07224754171071,-0.04602865414811059,15.349911298213248,0.9551281545668258,0.2486441358444189,0.4269644657353138,0
8.221236446841448,9.166470974562893,3.4161653863995114,52.11046929884747,0.1155654619203931,15.56143225635427,3.712569576812686,0.5168361682913178,5.201371655256515,1
3.6668546459587907,3.991826288161576,0.4636051080685198,82.7604636361631,1.4083955158852202,32.48983007241842,3.1893495788366266,0.21587486292484603,1.3502453371322258,2
0.8967763862309432,2.831003337013914,-0.1888417312469096,48.06426664262917,-0.06449101149467708,11.380468735689972,0.21211297534145784,0.4774563372487099,0.6071754742282718,0
1.7107291824273891,2.924238555757923,0.28295912251917543,48.17449463056965,0.0914883194951141,10.856183710619256,0.6758981374820975,0.30299177756606055,1.0252245983368031,0
1.3987276168652594,3.144028275279229,-0.02283174022198858,28.47589033166785,-0.0734426560844296,12.45064270706722,0.324948817867759,0.27282010556373765,0.7430534983951402,0
9.512360616237771,9.29321224425933,3.672969985194906,68.6482317557135,0.08828770187557541,20.26575967655859,1.958959936486844,0.5221575488536105,5.730727667175687,1
5.699109742405566,6.29318238553779,2.9508964136705513,51.59060652692666,0.11139896134860847,18.25721964769795,1.7489338391229163,0.19050277808656774,3.0715959695595885,1
0.8931186339588202,2.4929931620217536,-0.13666010660367106,40.607416459053965,0.06011131311053736,12.610504282040203,1.0158833202869635,0.31999081896297965,0.5129608912835233,0
0.5757021976262253,2.8736493757671506,0.3054122086409661,42.87521064561088,0.09215887357401448,13.534778976797435,0.4302618279412333,0.12714887308256814,0.48880475799928275,0
7.432184597713536,12.571654842406563,2.6543026243525016,66.21006626231379,0.08318728234186488,14.272936142168017,3.765891603723642,0.17518707698677666,7.125024234901871,1
1.3304488702190214,3.155312363444724,0.1715532863932002,38.62339259309547,0.03239647989041525,12.188723051892046,0.8618290320902962,0.13256470570707843,0.754332287752534,0
3.141902433047329,2.9102840552406173,0.029904427172073495,105.8154228899499,1.3560155063849473,23.84752623633844,7.137391377556971,0.30836876607581737,1.635169923108852,2
1.0802211892986817,3.1358754511355933,-0.1933133121562312,41.979912780465376,-0.07068066856205382,13.20217637806386,0.5860722189001432,0.4125289516976719,0.7472239642049919,0
1.6757817163459847,3.3539376488146235,-0.15024322130959894,40.39636318964965,-0.08804779588448212,12.771493476698039,0.8848581802537552,0.24622711571152375,0.32873470255588083,0
1.6745282501752434,2.7900523286038807,-0.13720887438952242,40.88204345632332,0.015738349344956,10.723847586031313,0.5186851284544367,0.3515830184346108,0.8314395487749635,0
1.006136804853193,3.4693052295514324,0.09759598835544335,39.256931155648914,0.05906056300162833,12.633695956617801,0.8346366320195797,0.1103269603940032,0.3917021380081859,0
7.84529223340912,13.489900061824223,2.9115368861775415,64.15909703564724,0.2111369578038712,19.629099607029403,3.804704355495913,0.5594559683539272,4.328740307511073,1
1.575007581207009,3.468621360677256,0.13613415167812856,46.44535154117031,-0.05675534753985868,14.526932962279115,0.5390364005025422,0.36612834299749947,0.34652717593299476,0
2.9479608957899237,4.032581324308259,0.4698009397434785,103.72091295608672,1.9134914206297262,27.020685100255537,3.4057799055615567,0.26078318109415527,1.3344445599801416,2
2.484690169855811,4.925784026465009,0.34867575405458856,102.90534314737855,0.9004301764962418,25.75741416758096,7.420987909843854,0.3626989906594787,1.6160821422688842,2
7.484877811372733,12.97421683990019,2.3169431343184645,64.15929724551859,0.08083534891782788,18.394208259177045,3.6646903836250373,0.14061387134485842,4.2801663375065235,1
0.6857856100759722,2.9499831455045777,-0.08896992678113363,41.019090543737306,-0.06361182006610815,12.589369063596541,0.5065829612383635,0.1186133974052246,0.7717039238835467,0
2.363458965294214,3.6497764442601666,0.008726746415833063,98.40362427650882,0.670154063946099,26.692210002795942,4.852897304022859,0.34566988518758873,0.5431564720472942,2
0.8835192038151964,2.496149929999003,0.0755487954744657,44.01698824165098,0.03222975337948012,13.398256228474597,0.6978927352758562,0.1264810763614278,0.3960316859429571,0
2.1572997067456408,4.497896058241455,0.472889801969033,100.86685106908594,0.5945102718243508,28.97025693983386,3.0251592620193737,0.3339696182131025,0.7811566714895535,2
1.7076467737601788,2.6445490489629058,0.20919434589109862,37.97360844913792,-0.029810889641798864,12.99090378638255,0.42826132636792325,0.29664840048190877,0.5482666780936204,0
1.0153177829621345,4.084984042325841,0.19183842950316993,41.904671338022226,0.04772794563683092,14.237702281731327,3.65621579912182,8.626826547526049,0.6713549649686673,3
1.2230938493479822,3.0292518258957823,-0.03658244169489206,45.50033625730225,0.07764639674583546,10.250087480178477,0.20287271132712426,0.2711836891347229,0.9930626486510477,0
0.7800768946501964,3.069064758293377,0.3136080544690682,41.31023039158219,-0.04097832762865784,13.830780726315055,0.226481017366792,0.1541030328519789,0.9007139685517238,0
6.166776785851595,6.614021933428119,1.6625778463756706,51.49964484589748,0.1998234958011019,18.57985618898423,2.170301031133151,0.4014720902595383,6.482806043637615,1
1.4695414345086262,3.3994995195164925,-0.12717091692077817,44.49854623254529,0.089330619549911,13.034861918884292,0.4383039428772033,0.39298641911918697,0.2826706761063267,0
1.865480788222803,3.002119514197066,-0.15604523054837058,35.47576838049463,-0.021109855698422837,13.423110331983299,0.5372500695600791,0.31345368656963457,0.8240194546433137,0
0.7074512209706257,3.2378871431955796,-0.005755349799730395,39.959487028497975,-0.01555643529303078,14.79303231506609,0.6459054331388637,0.140047078931782,0.5676913093018457,0
1.4182347000653337,3.4560669099442944,-0.1677528601944158,33.733601482219726,0.06571162378065605,15.086048242296583,0.682834445135658,0.19828535810179296,0.47125815098744933,0
0.64859988865398,2.887397401931067,0.04393120852550924,43.923279457661174,0.05260900243848939,11.165592226434832,0.41140526993380633,0.11958403262544977,0.6714865605498105,0
2.9056836692507955,4.483854731229149,0.24586781356233278,93.20692632017,1.7608193272345518,33.98532180164614,3.701602563823033,0.2007702903741252,0.5265397028455163,2
1.6279111523995875,3.594405389069763,0.31468711777741,39.830005210543334,0.07004104303437222,17.65053179223662,5.191139153275977,6.085635381111955,1.0797767329781685,3
3.333647047446889,4.160501028744771,0.001735450373702345,91.08891887645176,1.1943691542445471,30.745800824884608,7.419150880833038,0.25393670376668614,1.8806324080126076,2
5.324030779869477,5.944494045669337,2.6966207176752666,69.73002685339668,0.06874700099505326,19.41417213842652,2.095000720335767,0.27064974653222973,3.7840318338286205,1
1.339487862647059,2.624969436520951,-0.27964658423101285,49.86802591656916,-0.025976841312897438,14.13965491334656,0.7132901099391032,0.3822683558156313,0.4072214202542868,0
2.984568552098293,3.935177360865367,0.2798064273462351,88.73025596968621,1.5269435724236293,27.69597872336345,7.9199793467651896,0.12118147866356307,1.8338177648365113,2
0.7641446617856277,2.6738137190175575,0.04142264252642704,39.519152510136664,0.04400518873544463,15.228050985147206,0.6334780388222361,0.3442956010457199,0.8605247522622897,0
3.8622144470795257,4.39177330466938,0.21121176985313822,106.44567166057095,1.547628430172543,28.424722677032896,7.287278719878985,0.25037859943775337,2.0876073290124904,2
10.417028000422482,13.69609384732478,3.9849864816235305,63.77023729597428,0.13847042206911161,14.843399836550093,2.0039116466137092,0.1756215398023811,5.120975235389461,1
1.9728530831687818,3.102167915507668,0.09403510460339667,51.814403970176286,-0.033676233300681424,12.162484191144143,0.9997736309992213,0.440729260400794,0.8057209628078177,0
1.0693516955337474,3.6468871505205196,0.13488508495790946,48.48721377926612,-0.08692071674699803,13.864992059203864,0.48994955914006594,0.1747549508428594,0.6754311196268201,0
0.5401277860793476,2.6602805042083584,-0.2855255721941529,41.13083066512513,-6.518344283307846e-05,11.379488411971273,0.11664817119168203,0.4584875378389893,0.7902757194073139,0
1.9020762059276337,2.906520217030216,-0.0655468438328957,49.805929201530084,-0.023796211159674667,13.747164882767029,0.690660408092457,0.26461855330986983,0.5936168636759652,0
1.3700081063810463,3.1325007210977303,0.11793978360535733,40.23544656214705,-0.00872970007263892,14.435426411609669,0.9284776071688312,0.26593290193702673,0.4626386282652133,0
1.2799102857183084,2.685056085261591,-0.25183283547277985,38.52019465568579,-0.04043356672019819,14.0684298214143,0.4017257468612784,0.5037581343360921,0.9851319044613256,0
1.9907473506046982,2.9781306504328557,-0.18789082169659133,44.79270269048794,-0.054647599006999024,10.660436710475413,0.5141572608175885,0.33514377613350593,0.3900398191677144,0
6.151727209109138,11.302613861561776,2.4450802459618144,52.474164951293766,0.24029014803587745,14.925902488213193,4.030768665001964,0.11081700423347207,5.631473577771076,1
0.667938323320551,3.4051114686090136,-0.20906958393981356,38.135918912267165,0.09148364271676834,10.040142801052808,0.11976347287614217,0.352896340973867,0.4771830127650052,0
2.747095976355942,4.779781531150774,0.30549982092425854,93.81219258988278,1.120155617932847,26.39412608539492,3.7590356073751905,0.42401200026564007,1.2945036560684626,2
1.548615930101663,2.835520976258731,-0.033393147895798336,40.394217745421564,0.007964058122849647,12.362560781946632,0.7308910128567832,0.10413781139046413,0.3833556210888587,0
2.455939154164381,3.465199746545739,-0.3645610848634893,36.222922235703365,0.10659230608417106,16.333619506896575,4.638483329843998,5.021788433698936,1.2353544700792,3
0.873959410789709,3.4802171057707794,0.08432887889883539,30.761382675658208,0.007449450472814171,13.490317273144095,0.3349942125858269,0.396356143483835,0.9743384426883369,0
3.2461381960606412,3.1007057681801604,-0.4656379253224824,44.43935491152895,-0.05814325432989182,15.090740485099838,4.834691526249246,5.389016182211596,0.9094319558848911,3
2.4681436506570744,4.3489689673121505,0.12669616200930434,95.71806115422162,0.7126825802759345,25.294680166862314,5.800711531737117,0.24363731783117878,1.3453623702424415,2
3.2548292379927557,2.6566084087990456,-0.3301585829798325,38.344401081758306,0.1552178277602957,15.036320489844032,4.293217118473354,9.132460331285158,0.5680204086433743,3
3.5029464136408923,3.246920554821747,0.20140930899910225,97.58670251503328,1.9859996970958687,22.936592113328718,6.439810369193931,0.3731086402734706,1.737133586332122,2
8.921991154299235,10.45235670123736,1.5568067522043076,59.37309422199166,0.2816666977912598,21.371650566458026,2.4351988978531756,0.6036694278362439,3.132695357934339,1
2.3043926810673545,4.44270054335261,0.04706901563819058,97.26848111199914,0.8437037714307999,32.993329244186086,7.949351277105006,0.4323746054177642,0.7513729486068765,2
1.4164228458243782,3.5360558896152803,-0.006683505200075309,33.759224741266216,-0.014975940717216812,14.875083632000344,0.13917551959489738,0.18090580135544682,0.9948938008661359,0
0.7901365349891495,2.6962484471256727,-0.26601052458856633,33.31136887642871,0.061432760773754376,14.717664641145884,0.2089047574203462,0.12738417252879597,0.846249474914248,0
1.3160947853861968,2.9392559594702394,0.05083052741022276,45.652287814028256,0.07030782338264777,14.034760335683321,0.9515530709908321,0.2554403412457312,0.6848257073177725,0
1.091597353472997,2.742502787331103,0.08611412322016533,43.784234372425175,0.02369841461091307,9.717763462198567,0.7660840663003223,0.3013978242118428,0.2690395278054174,0
0.6931548998032088,3.1623820819396524,-0.06848994828908649,42.77067576900424,0.08721814490142393,13.69170104954056,0.4129669745105989,0.32374827281638996,0.6431721095509061,0
0.703454156992162,3.0017552114497965,0.2797625067208458,49.778256337417034,-0.03916891768609586,14.316427450517125,0.9622792966859792,0.5264610206428091,0.6183058043882423,0
0.9355170640399977,2.61267423623394,-0.0990530223337896,42.60855903781808,-0.05068150900729459,14.013847855204768,0.1299027309306035,0.40788034997380407,0.5457456262260536,0
1.671340963982366,2.773783170083618,0.2667828323182731,47.133523433415164,0.069868200070811,12.86687905867064,0.43135756409782844,0.39255224339533334,0.8044917920962712,0
6.614588354921112,13.038365954307794,2.102725807940207,44.59582410844965,0.06825797606816718,17.347252144526202,2.401341975907181,0.3362513081993578,5.327376567822386,1
0.5949245025486181,2.9982819803345047,0.14212939434672706,39.894669504388794,0.0051202915621044835,9.922787465351918,0.9021358470408536,0.4721939491122621,0.5338886247815118,0
0.8028337243092258,3.735718558606814,-0.16227464785029527,38.782558737066196,-0.06804668932093798,12.047088134233142,0.7330099224451491,0.17284463057281618,0.8721047512344833,0
1.3341094516858447,2.487339957165018,0.078659231667296,30.495853088075606,-0.005675604212529686,11.285846523772546,0.6903454315987007,0.4279185327941124,0.7385268006455425,0
4.0191587258303745,3.9274961447539463,0.24385686381428465,86.48816007813019,1.00738446277771,20.592869030576818,4.559148168845788,0.41080025729522796,1.6968669437623702,2
1.8658123188613187,3.6128077909032092,0.3584829698365889,43.36167063284494,0.031337408437426544,13.000977195509268,3.4959384813216783,7.071496800178939,1.3554071417299354,3
1.8869462187022288,3.1437752722097825,0.00903933550476465,30.20361952346573,-0.01676829751308398,13.597476588270014,0.7413133111602543,0.15674395317884826,0.7708826920427345,0
10.662729798893329,10.541928749995396,1.6166333840994271,49.19752625056571,0.08947942848202654,16.0146951310792,1.7237513659753028,0.3800777678382366,6.39283873747906,1
2.0282488018416682,4.417050005038124,0.482757025923416,95.88930668229523,1.7265133954063085,21.19763710740506,3.851227791926949,0.13290856729935907,1.8095852117379854,2
1.5615819911659372,3.1489852248913666,0.07044103121246637,37.85518898071881,0.07444383964935626,9.343848898685643,1.0071976203284037,0.41643374801166066,0.6464335701163392,0
1.5677898680352467,2.8967265358393184,-0.18672688967263718,50.09497419103942,0.043502297827653226,11.621876162660335,0.4937481851656753,0.45903607120602496,0.5076666392374761,0
0.6991682821654713,2.731462734438385,0.23283852664670157,30.235291155776412,-0.1016200259381021,10.981581924785088,0.6028854445778913,0.2540339643527338,0.7781633967197275,0
1.5240362378355237,2.8844840672358476,0.21421447494377124,45.53082255808421,0.06431967416710654,13.023066757798428,0.45184145003519,0.32017311567945783,0.46676860464212466,0
2.8547673003284606,3.8866478321185234,0.16453129089556712,104.38594811591912,0.8828692566403187,33.221311567661296,3.692591733640688,0.1585335682670318,1.3857958985269263,2
1.4734455204675017,2.6551213432570266,-0.2687820614641231,45.164001584761195,-0.08975782165850675,13.757827687333872,0.4239361603005873,0.2862425283093584,0.28886738297477804,0
2.5094950174689035,2.9983306746321245,0.4034052093553462,41.6541234472271,-0.08572059706756674,18.976394180554212,3.8442459391034114,9.320590726719328,1.0042476263266438,3
1.7301637479951215,3.5037398172318777,0.10014174066485008,31.580714770543764,0.08390424389679162,11.534688840669313,0.815149010547209,0.16539609412086156,0.5948102762578418,0
1.9454419768106055,3.5250835570872354,0.06841352474881213,41.19941432348853,-0.05513672407933949,12.008223292973778,0.20562808519021303,0.4003517596334018,0.9646599581903336,0
1.3444415685308573,2.7713809010309123,0.250981384315742,49.29537791075683,0.004843641090990132,11.591107901244937,0.8196825797417395,0.3519582055100805,0.5111484429882415,0
0.5803994611817287,3.6826799902882255,0.049929429775494596,30.98243328317783,0.04252138894204266,11.138571688025376,0.16805610469591784,0.24036991750743086,0.4590072661368781,0
0.905231161813507,2.5234542793385377,-0.18660318699608913,43.06777056964228,-0.005206489207604536,12.999365149929805,1.0182300699131468,0.42472127921427266,0.3507267029038049,0
2.7638407039641795,2.833587849084342,0.10095528562493832,46.0290200998063,0.1439366954947398,15.780717333410335,3.91844899306309,4.554871739296344,0.8392663700120702,3
7.700022402902052,9.885168719466742,3.3094192337560373,46.68069943823061,0.12206868334796141,19.41846529325263,2.072289735841326,0.47190045763452426,6.553469796215555,1
1.8371469900646349,3.393805637645769,0.1988159993641948,40.75326644198544,0.019332527680175206,10.482631697252833,0.2775364640147608,0.1107938466430154,0.4318964676809631,0
1.4469656551095258,3.3119479054501286,0.27725273939651535,49.20742874161994,-0.02931267245951511,12.603022966834383,0.32474593849446864,0.23718826507551635,0.570927340396334,0
1.05793048057208,2.611518573843225,0.10738416299959835,30.632381587775114,-0.05938927031487259,13.03933607314999,0.3205713166562163,0.35385714358465353,0.8781826485305907,0
1.3517308667660648,2.6205347033943744,-0.27225176559926517,41.95584620866545,0.06200289632963166,12.270449314706903,0.31716254452872694,0.11477702547746557,0.7110817125282687,0
0.8494548125351938,2.730008226912812,0.06269974692570512,42.013356155681365,0.053679918701530174,14.650433673848106,0.4026518516349676,0.2957227948121838,0.40326468594736775,0
0.7048105261949893,3.345059131379608,-0.17097829024226463,46.297695505874906,-0.022299456488809027,10.048254652426154,0.8487330430395612,0.465359253173699,0.32292737400231625,0
1.6947402238079878,3.5908005911531213,-0.010502375009472662,41.52509229906258,0.04605389812832334,12.281461951215567,0.9858756419633891,0.1964848845822052,0.5046999738057091,0
1.08826528904024,3.488676080318863,-0.0952660015822962,34.59628373509884,0.0946505645902274,12.96933330505111,2.5245981522981857,8.453952248431275,0.551204874487373,3
0.6649617188694784,2.5568681197051237,0.2047542624610518,30.85665324858437,-0.01955022902287774,11.150612303723554,0.3694239650573923,0.2630476173732147,0.778449505976779,0
2.8838731745778894,3.4897564723853365,-0.4153838108023356,56.097014388105876,-0.007715017159750567,16.844019397117894,2.652283792732605,6.158718807188285,0.7992031703472059,3
2.1139008758430675,4.233790035890506,0.3485613258128484,78.14388559412251,1.497614303350597,28.64117519800974,6.2965736647720085,0.4354304122049263,1.8219565854952262,2
8.767209559642222,6.801463062985999,3.29221077297587,49.43690879512371,0.3183879918169784,17.72398555018889,4.0341025055287725,0.4691516241116008,6.210278249176266,1
1.3403723277407065,3.3850875846489377,0.038446089404003424,28.565112410851807,-0.025217764933055234,11.617866393904386,0.7076402679843097,0.14971761418376361,0.3578401183303462,0
3.105359515412609,3.3567861547652638,0.3855238617340843,93.1194793455147,1.632234702769404,20.167632647683206,5.639901233092945,0.297401420310031,1.0578109405930785,2
1.617266459963156,2.8563394643329874,-0.02598475156314206,38.958319081280635,-0.06664717816614718,13.405330522372765,0.6891950611648672,0.12125930666588335,0.8701579040510246,0
1.8448594675610015,3.3932052754816056,0.16205349373215155,32.746970678021896,0.05927608249901367,11.096217769259164,0.13485429247791636,0.1877407818633402,0.7647589827555199,0
3.16394115498921,3.838693306456852,-0.18542844751670134,40.86401358066651,-0.06587064994503543,13.445767135537888,2.352277708476442,5.117929069447328,1.0210139775726381,3
1.7652641152595043,2.623595986252794,-0.06999417601423462,38.943018631091846,-0.04159383624230807,13.901927275155547,0.7593077763076825,0.19985296986069354,0.9187144451019074,0
4.575576004276428,3.2465687575177244,0.08979719579200614,87.05091075070362,1.8737646655502298,26.73476286052195,5.130082111344518,0.3269184796459033,0.5607253180645076,2
1.1168114743339506,2.933414533537352,-0.10349035287223009,37.54339752266714,0.053566912701396546,12.595140074271205,0.7242968189138917,0.5110957480718865,0.4748850761465465,0
1.542384424561471,2.4891978193501876,0.5346411043055534,40.709191673831256,0.13472808311980142,13.486722308025547,2.551199825190496,2.980383966293788,1.3459502068974885,3
0.5445569894118436,3.334118328279969,-0.2806054355653618,50.89248060912647,-0.06060433081140907,13.591586284813854,0.7397290320604677,0.13875798835321987,0.4454388029548517,0
8.432459384377372,11.752923514181678,2.57293844894335,66.30010722922904,0.06248495605274147,15.787176064880388,3.7195730722574343,0.22868022192181783,3.9527882949024797,1
3.6709964425604236,4.590399764954529,0.29103621215066894,83.0467162615098,0.9488057116646343,32.00549060448721,3.2967030206671044,0.46704763358213525,1.398932770851502,2
9.049452473070161,13.432674267974509,4.3539509824951725,50.40812221172432,0.24153414593924044,19.29642913793628,3.613276678265668,0.2153986880927254,6.907460134563061,1
4.521064754786098,3.103238536717709,0.3310644709535551,85.9511029020114,1.0486294356259238,23.576942623318075,7.024417483773019,0.3034872425746097,0.6502970360154421,2
1.0873073079491378,3.1086708836205084,0.2047496142998813,42.10281594315374,0.06835606871751805,14.6526623995355,0.31418350978379006,0.3877267194503542,0.9211233973075716,0
10.546068184395676,8.06793718367657,2.9846783406150417,66.37699251695231,0.11475305894116705,15.362558121388274,1.5980206078879433,0.20982204105929508,4.5093876837967795,1
1.6064406363518906,2.928787379817337,-0.07280234553891846,36.20899179244765,-0.019854777597573127,15.633732755728564,0.5199093236933268,0.3224410223959935,0.21045304746740326,0
1.8132683969331185,3.225390945480817,0.1962674900544092,42.40376119431506,0.039168274796750065,11.73699837533799,0.5491066094893378,0.13855762162492993,0.2644932919659078,0
2.661678404693139,3.688909145901743,0.37318726104553557,68.8549163445246,1.804573472460027,24.705185469620723,7.4748152602996925,0.4353617847786758,0.6008306225551189,2
1.4467995090875112,3.180856596233682,-0.09183577990267097,31.06062997063012,-0.10770315951236875,12.991387474876262,0.9622719455858076,0.4436455994660413,0.3526823440323402,0
0.8719430611348916,3.246545306503569,-0.0907193110837682,41.88738605189671,-0.07186990729208612,13.791528595421722,0.708345987891869,0.43092751301714644,0.32839085702580834,0
1.5687275527812403,3.2542542249531654,0.16535520071061124,42.285961282920375,0.03631002319022764,13.81555959912544,0.4336478125119765,0.12007740337473753,0.45672984669159455,0
1.558792445954126,3.029811789576631,0.2312627951945263,36.53746114359065,0.0006134535884893783,12.517161349901508,0.8102630845209594,0.1312866098014831,0.9841883817581459,0
1.5426519659636173,2.744258636492402,0.09343107047545228,34.810231048353515,-0.010465888242077266,14.261807127545229,0.817658370698975,0.4070717537014062,0.6740222691314768,0
0.5553828163144985,2.6528020001944648,-0.13838151479892416,38.43824631156269,-0.04259697297707351,13.483651566706413,0.979937167421467,0.10902355274908444,0.6197097801634679,0
1.908842338862311,3.438826374940192,-0.21904510973000807,36.677598225618176,-0.03330569360050242,16.272106096524688,3.6812201328471725,9.27501004309567,1.2791665192505781,3
1.739980906495441,3.057484981962939,0.0012959987561869993,36.55673519946793,-0.08254575541256856,11.761476271519495,0.6687468220045231,0.30420491216994494,0.8257665834808545,0
1.3375045614667214,2.89861503729661,0.0920375256067138,35.19298425835454,0.08273492005335228,12.841400592157596,0.5305499345716278,0.38905760678344253,0.2892831581376807,0
1.6770876861419655,3.360196541611167,0.1275314844855246,47.63213262058973,0.010157995399905983,12.492967296491749,0.28888708158838766,0.3167414419764306,0.9173261992053758,0
3.0628007918036846,3.4361945796484936,-0.2590363824799114,49.93264428801986,-0.050000571904392485,13.03940036338332,4.785631367329302,4.048969971307506,1.1133855550883995,3
1.2929307911393495,3.159834287177998,0.03887537669792687,46.27119982562523,0.0786900960595249,13.161867930400167,0.7405592042105812,0.42460430601523097,0.8376054204977152,0
2.7352014365997475,4.104727027422974,0.028167364514092623,106.24763882117722,0.6210036512967846,24.350550248822803,4.098646859910518,0.3233814074186511,1.1917297347142966,2
2.4149238667874107,2.458941362385095,-0.04925708880162029,33.281752865698834,0.04501789041711906,18.87087166259431,3.8637374390569006,8.885069512918264,1.4528804333374448,3
3.1658187728261296,3.4902164733369028,0.2856794390164437,39.303801154698796,0.156249385293482,16.033097731595944,2.3980392411577687,6.010434109704269,0.4043263689419625,3
1.0165846768259816,2.6650602933071506,-0.09016699610232268,41.281658758568184,0.027692896834800678,14.973648638438627,0.4769367358053738,0.23020049321319577,0.9544210509540425,0
4.913429136569418,2.96236605512002,0.5294235007299262,95.80711882853134,1.5006103039018912,28.871930855264715,3.0836321416872665,0.367700506905377,1.8750179096334716,2
6.191315997624392,13.468120371840795,2.6100248083149613,55.108923487479835,0.1661713849747706,19.3009698070573,3.78210148704069,0.46403693174699534,5.116137658647008,1
1.3845518087043238,3.2660197972242013,0.15595721070979643,29.404527617396816,0.05601645192645023,10.87334061060291,0.5763071171438561,0.26660062904879156,0.6951164360125571,0
1.2229391750366343,3.4764187877688557,0.016549413766774705,39.62345737260415,0.04234625828917354,13.682883415447941,0.5816764969391083,0.37709340704320665,0.4092551507794667,0
3.451850392977361,3.9660527298372124,0.11156598043698934,100.64322890809055,1.7638791305434633,27.568709212467642,6.279956235051604,0.2617087183499266,0.719667416353707,2
0.5707615843026305,3.600362432607377,0.30372938578431935,36.427913238923836,0.002948939671369132,11.500805349351035,0.24422527083744053,0.2749470442803882,0.27320620451882704,0
1.9114206506598954,3.287592410862872,-0.0077038557665229535,38.77562395290733,-0.03564972565452825,14.025836766850144,0.30769971745515284,0.13453293276301512,0.9248593857072257,0
1.1628353440256483,2.795041654834665,-0.29561020990545317,40.297684135694865,-0.09350597967046924,13.431067516905541,0.7690562053876739,0.22136157979660823,0.5747108995003505,0
1.0451582459308155,2.604484031977306,-0.0553426439850975,37.77913600969543,0.07970252462141782,12.877610469982065,0.7365956783336132,0.3088569713842027,0.4826986213861807,0
0.7694442179212428,2.8308333598149957,-0.022522703288225674,31.680871479083955,0.056052805724094816,13.751881981514757,0.6891827494471217,0.4740464894540549,0.5945213546994499,0
0.6249855443270017,2.873860622758412,0.16931657363460195,40.4492672834675,0.09601450884933246,11.866017504240734,0.843124530636884,0.4880073265888015,0.9304771109577511,0
11.278038971964333,10.079703633268876,3.253330668716606,48.67980702850282,0.051456555794498815,18.70454598649543,2.012057148797632,0.5788075377318835,6.877142740903456,1
2.0382598444750135,2.736031261296418,-0.30507885338748064,46.20297865823378,-0.01726244773815168,14.819121922505126,0.9421437575684306,0.24557260756986782,0.4405875923444635,0
7.909436525535813,12.0533791532645,3.396839641672953,63.6123192400673,0.11357728799692596,18.258402023825994,3.27939297170944,0.670098829567821,3.2048481820171806,1
1.444719518131901,3.0624899595313333,-0.23148221778561476,34.01787229235997,0.002741104168303284,14.557131366215128,0.6020048908369423,0.12551930138709874,0.33803007676897373,0
0.9726693934133908,2.993004062637329,0.026970173991932272,47.09450333657905,-0.09132119061798129,9.59585436163224,0.10207513593235881,0.384396255253636,0.40180337476742567,0
1.3704698011611798,2.976214892329434,-0.09510010868391754,31.70886701805086,0.00835662504702057,13.118298303598348,0.48382017829168883,0.25978529534216693,0.9365610903831557,0
0.6602084852726985,2.339637374596866,-0.2657025613318573,30.06517890091116,0.010817996199379346,11.726587929873018,0.18615581544107784,0.21980405736634995,0.8218843317057973,0
1.681571263465281,2.564783124306703,-0.17431950224223214,44.503804951277985,-0.1043643340402721,10.529567136058867,0.8769348539629158,0.2595126237521239,0.26333356980727124,0
3.122221607360085,4.465191359605315,0.1422688524445371,110.76589725201065,1.4908103573660982,22.90961647021656,6.207796785439784,0.4076306186040175,0.6056728474608388,2
3.8185445831282028,3.909871698937765,0.32243315370670017,95.7571728770159,0.6489628456418607,26.520075810378344,5.3084478756505336,0.13220727326053805,1.6378733929632845,2
1.4500666517189311,3.3774771700880923,0.17421657156336479,43.585458264214154,-0.06894601481765043,14.833030855870092,0.269400225187652,0.11128228767383551,0.58078611999236,0
0.9227025570735177,2.958218545245778,-0.10067762463940633,42.40579787702115,-0.07450359805446356,10.054349460098402,0.4211251803635257,0.5058525467520257,0.33246069451135374,0
3.7160544944771483,4.2719885169521215,0.10286947250346537,92.04745341701022,0.8527506667651132,28.65798236676772,7.653251160387511,0.36990095393207884,1.2056038361041286,2
2.2337692004779384,2.714231967727123,-0.17537759298536132,53.50161885483631,0.06849240878011453,17.72506551903758,3.5216123374547474,7.7329826498320955,1.0485701340776663,3
0.7876191425317268,2.433816912562079,-0.10312298975981148,43.926267007174324,-0.034787237735159814,10.872923838153815,0.9252077983433198,0.09764421268764928,0.7534896836793086,0
1.9586801180199138,3.6217967183139836,0.4280368036686603,98.49152338340235,1.9864970428588882,38.10393480980667,4.456153033150592,0.37516163151754245,1.0195864504972212,2
0.9209238943354725,3.0715374296000544,-0.05605595890742039,41.04894138344952,0.017806827210782448,14.008759068770875,0.18864698300219218,0.2446234312487558,0.8607013799920051,0
1.5626115347019176,3.420385164695437,0.051827434391946654,35.72919200571342,0.0034607827079961525,13.5145047508417,3.1730230327580333,6.524759810678485,0.8052470437541137,3
0.4812393587315895,2.7909092315845005,0.31601670728992126,46.473233824888176,0.06866973731386973,14.408773374335418,1.006833991565966,0.20819605097621136,0.3935474311352384,0
9.148634722190433,14.098808430721206,3.9658720212222964,46.8490510188305,0.18406519484387515,19.27121325674545,1.68060600803183,0.3222776331791074,4.158844858355658,1
3.081523566838835,3.7459479646843548,-0.277576244955894,41.74260326838311,0.18450497382200756,16.71549730116593,2.23536320906165,4.524148831444615,1.041272626310581,3
1.8802064666418556,2.428238469079406,-0.061984760440686654,45.195622867343296,-0.04528298308528941,13.42319223007767,0.5257173762271868,0.23936636924432578,0.4680374495962515,0
1.3456823290608626,2.7716249714928027,0.16773372184123536,37.69960503741331,-0.05705492908200425,10.281087142953874,0.10740229045180845,0.18176397567959546,0.2990849345296771,0
1.8690935076569337,3.16965638529651,0.21207009280949948,33.011039985741256,0.003952917640607796,12.8869393464107,0.19484633368826365,0.11614901704907198,0.41600687870773134,0
1.7451361662865839,2.673168748684904,0.2709373689645941,33.05838390690954,-0.03421128066654768,11.949946229517886,0.2536533408644399,0.2177491728612233,0.7808014847574533,0
4.520671765495503,3.6515560788671237,0.4912881315119066,92.51471222436932,1.4822012259265112,36.04643121800979,5.496422497564301,0.37652985323348925,1.4860840915090416,2
12.1895895662606,12.433277353108933,3.7967449592022664,50.928512059864566,0.2079793136663222,14.908530027966,2.9235381528953015,0.6114497981470476,6.6254266288227734,1
6.330834461868835,6.357143133888393,2.097425870200489,52.964323236046724,0.27694319379297305,19.75386398507612,2.819799209483837,0.2167562773559322,4.25530486154113,1
0.6263859782442621,3.330414429769194,-0.2670503450897687,37.26467995409425,-0.029755188572917885,11.624127247155764,0.5409292837958835,0.19488379367448597,0.7196509809512011,0
1.1320798798801588,3.6521948864778895,0.09985435456938933,41.84736468825641,-0.08892651372685129,11.421607437507685,0.4765731068906128,0.3660344588285036,0.5928185844801821,0
6.205341153746572,12.044115322128238,3.009056101317907,61.43303269949925,0.15074454966119505,17.743322263335557,2.9000574099719256,0.24666269903933366,5.709765518007326,1
1.4291222959740868,3.3924168402133934,-0.08052062821882916,38.17981749915746,0.04323908825849832,10.617088727379564,0.8234368835440753,0.17552015177787947,0.2094056295178828,0
2.132392500609955,3.5878812085439593,-0.43535229746676535,45.92743156567539,0.16362594576881928,13.01650271600321,3.067081466583092,9.105767512790239,0.6715085400432386,3
1.8977984011595672,2.775125722910728,0.17054661979171323,38.804877041403984,-0.010747402084302304,14.18233312141754,0.4688673103132896,0.26783011193166273,0.723909035465548,0
3.3961302771152284,4.090429973632312,0.42109695846885364,94.73032489571727,1.2937412486673088,27.914373329576026,8.330818794598043,0.14068395866623568,1.2550648347307902,2
4.395469872482957,4.579814429299334,0.3008719453147234,76.79901597623426,0.8829885640563536,25.538961564991002,3.2395898103524927,0.19118910737642494,1.5024351728108338,2
6.196602678495665,11.881991937066394,1.6991747612378694,53.354567389957765,0.13970165401285878,14.795765334796066,2.6438360913695296,0.13253047710125052,4.441990281072996,1
0.6439262025721446,2.860074165922315,-0.15798262058932466,31.794337658842917,-0.004889883963861829,13.345221978095525,0.5403033742740464,0.27109965635585387,0.6636993599794069,0
4.235707146407949,4.80825745631952,0.409553409404232,96.55059287877609,0.8291661750419032,20.511787623473236,4.7578717269490145,0.46103475483563766,1.0511351162514593,2
2.9446257320392366,3.5878538127130883,0.5209713251517717,39.971261406020496,0.21601051583669317,17.08803687472636,2.5800033052827955,7.973540559418449,1.3456582494313354,3
1.9899368839157887,4.320333768664574,0.06337940621960675,74.99140906202412,1.247675515184512,33.29795191439537,7.431463901519174,0.13641207433619482,0.6170318462651485,2
0.9688953266150664,3.3369240137310356,0.12362310581741803,40.97053011051135,0.06541922293436278,10.866008480738982,0.8679571118144704,0.28543366290709893,0.7723052989801832,0
0.6871788089672751,2.870012950373568,0.2561941906325418,42.13244694241863,-0.004754629555779027,15.054808504884246,0.3608771831064975,0.15354818851168747,0.9607197172810663,0
3.1354577996895676,3.260465046804926,0.2441204461934985,45.72340552812415,0.008709422802422047,16.345315131620456,4.33416135565771,7.234378588474136,0.6374423387191751,3
1.4319058596068086,3.3348244548983423,0.2686496473506862,45.42146088358746,-0.06347157900531133,12.618881682907466,0.9098881248958652,0.3362501968186444,0.43787699917197703,0
0.9124570529343909,3.3091875608008485,0.1809334661158814,32.49822322187998,0.03953599977638969,13.74543615199319,0.40020908601607863,0.262537204571271,0.8440137274656021,0
1.5536620939077266,2.586048346548667,-0.21327353463490423,30.533041017312613,0.09021579709910642,14.047209751938162,0.4220681516207186,0.12091784827224432,0.5578014790390049,0
1.5003642900009095,3.588691366554009,0.09245144653142894,56.037100018269314,0.02573851614511677,15.844311896055872,3.2993268287797606,3.728015090401251,0.813477225888513,3
10.200123316293263,10.678967700739971,3.0060273997189704,50.64700761651572,0.12367640339094592,16.4568037998779,2.183468565653823,0.39429858362305625,4.924176408127773,1
5.208869102996898,11.47563598878525,2.879884830980577,65.32039520563812,0.2510546906021312,18.0581859615677,2.0653591323206655,0.2360955636939372,4.9187478468592865,1
1.0475746787373952,2.6422704632861946,-0.11842343152336397,45.69133784558735,0.06846964479057635,10.892754227630025,0.5710098298304943,0.3392560208559686,0.8504756097395196,0
11.557940587158589,11.57838342862695,1.9029176594749688,47.87416013255393,0.2502472061709569,18.52977205943633,3.261393320932825,0.3151673383434097,4.286137185195935,1
0.9770350339049302,3.0815298153509842,-0.2177057601704846,39.41729471741155,-0.025460191040051268,13.125446357794058,0.1161062702722147,0.45427191033086767,0.8258529983567225,0
8.52661077087446,11.873451137004965,2.431606616440269,70.77233515204409,0.11677648611280138,18.093474806761016,3.4320896383981454,0.11169471964154654,3.7969960234462103,1
0.9768671102539732,2.6198894390093166,-0.2654318551180616,35.537356329998886,0.08892269895946536,13.054804167264951,3.3537562475466753,3.35190609045795,0.9186983528902798,3
0.5277503296727581,3.6729906796488923,0.02906278733170774,31.139741038589555,-0.02723083340115982,12.330565069282445,0.8468228710214479,0.12115229235907336,0.9886847660811439,0
7.437254030089337,7.340036260039333,1.582684442381111,61.019422430350396,0.2178275369293871,17.271533888014538,2.9572610200173637,0.5537066287850728,7.824259129507341,1
1.0667127970050794,3.2122091350703816,-0.27823522226894165,31.043828720991385,-0.07645974758997678,10.547001716681732,0.2139411187616829,0.22212099547127637,1.038204496396452,0
1.937657645924673,3.015739114620239,0.0494555762135348,45.756639239632456,0.04102483633380105,10.74822138110997,0.6206441579521204,0.22621947104249637,0.5438772991681935,0
1.6415332455552536,2.4433440589243576,-0.20062845145970704,30.235536231207455,-0.0444181032630789,10.468929879509584,0.3360739759305997,0.18852238920957215,0.6466240322861854,0
2.693504479239751,5.339439305472481,0.4745825263952427,81.64356570607589,1.8485951086034713,21.576835739314994,6.072246689094253,0.15110502117572788,0.917647472143537,2
1.604578466960199,3.1865207834276714,0.18747766929443685,51.78501720936249,-0.07273363259707614,9.424259623093311,0.19164903702249228,0.4601836959080948,0.5653041546211138,0
1.3973673895903613,2.8225238314046432,0.04561676635777272,42.408226008471715,0.02414362411186124,16.01453239154132,1.0023501499391518,0.2836646570696971,0.5679836552601135,0
0.7637584491036491,2.636599994512033,-0.016287995240021443,54.09215036736256,0.0377026025348741,11.061827086688789,0.7052133419067954,0.5188270422709951,0.498493524234768,0
0.5919958143707074,2.7008375460507303,-0.2965906260619345,38.80383493670503,-0.09282968617277268,14.35087320525817,0.6386332380052318,0.2249110558331976,0.39054656853640796,0
3.973475687197534,4.01064355115184,0.0640883005669765,71.21395326354973,1.8051213212617545,26.431062257494542,6.08425713912795,0.38015188908213926,1.092589943173185,2
3.3373376371285772,2.634099148212535,-0.1685542109546819,47.487959098828654,-0.04821123253264946,16.41593772002195,3.109983074721569,8.15714352025265,1.1571680871764023,3
7.880500125307617,13.506369668518191,3.2117340632523117,61.14559617197349,0.13686315977772967,15.572715241636029,3.351818006159268,0.2882133593930316,6.6850913952052595,1
3.9945604888542348,4.368649038052369,0.11847584194379422,89.98067788080621,1.908743982064148,32.453092854121074,3.354641744418826,0.4473608320098802,1.2663256153629703,2
1.7115984209776234,3.204417668572258,0.23520192964247852,35.12270206361195,0.05932019447738145,10.72424940811979,0.11561843518919651,0.4546066019862322,0.697053076802914,0
1.1456731761008687,2.6288506911909684,-0.06667231751845012,45.91825013406348,-0.03374020373722699,14.52396370895119,0.7757245882031595,0.29143077061619177,0.4381197749445709,0
1.036526689141706,2.740924879042029,-0.4584785706649364,57.700655025300385,0.1072549579077775,17.939224069136337,2.5273825167166413,9.132738457761043,1.5697012977492901,3
1.4708806228841338,3.260052505025577,0.18281607115526452,47.59878274579572,0.03227028849032362,9.573789735017492,1.089834418039374,0.4981109289821046,0.2146446462102474,0
1.3635529016609431,2.6151774537721275,0.1424096981480168,46.73423922345862,0.061501996086164475,13.827376487111584,0.514611098680071,0.4462824084063572,0.5677588285228142,0
1.0846516836536184,3.2725905964164,0.022269391608503025,35.32836422310821,-0.031314013971864486,15.119603110927851,0.8414527856960907,0.507504156277532,0.42068323506322136,0
11.503098189520927,7.046744412736043,2.684968877465498,59.29430339372556,0.1491708218556158,19.892360762086213,3.125999447527248,0.4977065603853812,5.343849684452704,1
4.743986045487474,3.558195263701299,0.08164213086047165,102.05589205272388,1.4993003414054038,27.546943010455912,3.3864177643660653,0.22618803099760992,1.0974927497997462,2
1.8259626126308726,2.960721894982184,0.010305588859553757,35.970877996256576,0.05068023954885335,12.96642481626967,0.5676751754193388,0.26541179362083894,0.6661263659591843,0
1.3915257481161811,2.7342779534638,0.03824266011281477,27.595651430083322,0.05915470963677029,13.91565974077313,0.9322048697477044,0.15812918141047075,0.596996701106065,0
0.5658107534857304,3.2069537615549932,-0.00278389371795727,32.89095997730774,0.005204933909756828,11.510830239978283,0.6610483720586809,0.11073662177131684,0.38909804586903307,0
2.494786695919437,2.725734528920231,0.5121575332532142,55.035206712805554,-0.06457315795831066,16.439010821626063,4.667582824928356,6.534629677653529,0.513901941073097,3
1.6315968146299198,2.326109872868398,0.028105120272409245,48.07827768009041,-0.015109109999620216,9.321605665187686,0.443885626448261,0.3973449021246435,0.34637456799551597,0
1.5360842650346151,2.806282508131584,-0.1054719042956399,34.66762772814133,-0.021393038147357914,11.38484862507166,0.542432547806917,0.4914145388755478,0.45672791066067414,0
3.4317925943926233,2.8613537869154917,0.34680315294062775,53.51862899788695,0.17090863016956298,13.382855733692352,5.153094633983095,10.208032158792841,1.2465873459214551,3
1.182220202241991,3.13259579629592,0.23316741217369655,34.51534378705639,-0.09144981225044131,11.593799197800902,0.10647285682065971,0.1612253047386551,0.8481280634182246,0
1.1872085685996439,3.5992043076565423,-0.12113695639106135,39.89191251448775,0.014972141805503368,11.23092067681903,0.11409903948307537,0.3256964879168779,0.2391573903302104,0
9.694152081955258,6.794174117136319,2.175041087820452,50.823586892502554,0.2739128834739731,15.5264399518872,3.048915354556083,0.49654247205860824,3.559847108503142,1
1.5044210236484405,2.6360050329976934,-0.18271964118348014,42.73837072136044,0.1428663130047249,14.715521894796934,2.148930413882459,8.491497189047367,0.6659683582064149,3
11.168425438746313,8.404291533687593,2.135670906757649,47.11769477682629,0.10830371001725836,21.151568784116286,2.4123392549996256,0.17529151674218493,6.700188178146838,1
1.5868878737119985,2.4377223316648853,0.041583562219675324,48.518984637829796,-0.008152001186378852,14.37596716734542,0.5240644824227436,0.1718621371680701,0.609934109532557,0
1.6336375850014906,3.03972581849411,0.13003994282073122,41.59993179715713,-0.08239161687012897,12.847292796484773,0.5731707144549045,0.222919627629873,0.38328845500227915,0
3.888197011353764,3.014025731966229,0.2674915117889565,96.77407881384067,1.39353936349668,25.8908143317301,4.01307861333839,0.2685788239087658,0.7274871600560321,2
3.0782772766298745,4.047635194340207,0.4481945367202769,50.64781219013595,-0.013496077549339838,13.55453149236099,2.1720292657852154,6.418917316356142,1.3564219874731858,3
0.7358630893934295,2.7304018374519745,-0.07416303094083251,33.81743242599633,0.014983358448490337,17.408302457034292,0.592681333987479,0.24267394442732462,0.21870423345960083,0
1.4986671933474474,2.779460388882957,-0.2298045426534966,49.96103400421721,0.06984109042683107,10.48725521105033,0.3468016616076961,0.5015962798089818,0.28034798287150725,0
1.9611799690815654,3.5115736704146605,0.23123079985079867,44.827605471863905,0.0028340186029383423,14.488406816601366,0.33797653845936215,0.49010972620463333,0.4635339218266741,0
0.7227172914871638,3.194556290982985,-0.015519390035119202,35.50216289041474,0.08978291320803687,10.938255022281693,0.2401977223506159,0.17679408970733904,0.3747719023826278,0
1.7475472231733582,3.3196723552350256,0.1648421695543991,37.48681330957444,0.01579495186320424,13.824126634262788,0.48180720415225803,0.18266378842619202,0.23637722415862078,0
1.2067301033650868,2.905194315106266,-0.21504498599069852,39.70659555727949,0.08698311887527173,11.923382087919368,0.3462031301019044,0.147986528691426,0.7918522044898888,0
2.0122811898311466,2.927662134936556,-0.1661331826290969,49.25403008222069,-0.018782186051365293,12.695673028572388,0.8206466731619957,0.17860459583991162,0.6204100118815339,0
1.279504296733865,3.5693102002437187,0.1433799081696196,32.31791925229089,-0.032463233905208874,11.007308361108931,0.7636255489941318,0.5216269182389756,0.2701400373723893,0
3.7725121090428515,4.636445971565973,0.41634889795550617,82.17316350471789,1.4114469852948455,23.529904790742716,3.8783122897715856,0.2708431338085962,1.916644889046493,2
1.133021492857472,3.103410433216432,-0.17539175936368884,41.47347147940617,0.04180361997251251,13.02875690214536,0.5752998761980206,0.2578461818303964,1.008937966069151,0
6.726369888136507,13.247229335749486,2.4073421390728402,62.55606098856196,0.09660144593579482,14.369818284564555,3.756690277629188,0.12190229857598614,4.670977231929884,1
2.701705018791038,3.673425819053363,0.15366870620853393,93.06479820817465,1.4360555239211812,34.36072048309698,4.509235314925797,0.48282276125516266,0.7062150319321361,2
2.2196435683320894,3.7045077623746505,0.04547269715833436,57.86699972725874,0.068298828081144,19.59829569763429,3.3576188012286265,3.7862141910271725,0.7739751189635056,3
4.536617695734627,4.575662817003127,0.0706366801149429,90.05083925846388,0.8088444726654996,28.228870356901158,8.195611495651352,0.4562853583802512,0.5055399682064846,2
7.786364775854825,15.34540373151488,3.216635693510072,56.83924197744024,0.0834471614452356,14.259777876204675,2.0114131988867356,0.5702765707477915,3.259370551339777,1
8.799763405547512,14.032577472854815,2.2069589111577783,55.70876617593994,0.11594329139451429,17.609061146850863,3.817200385443316,0.2949510629139313,4.852041950678243,1
6.179126696001077,9.322193307680944,3.2350138549756506,47.63481505775887,0.24337047351305593,14.858895588103806,1.600563731838202,0.18358678779223403,5.5358737509505,1
1.4689942641175502,3.2728114024336206,0.23725557878655662,31.03348722505491,-0.08067654890115937,13.062468969735345,0.8902696121437608,0.15144092104666143,0.740942130628723,0
1.8939081966555258,3.227762438906358,0.0900112365443092,44.55084622346889,-0.03211537082234241,11.97592126471889,0.12668316448082045,0.2606405276684616,0.6846843074802584,0
1.1361304105868415,2.659072003530547,-0.29080241857447264,39.169820037845504,-0.013882280886419364,12.077317191571696,0.11587433014440415,0.334409802571672,0.7948025936163482,0
0.9118513711426952,3.691190397843998,-0.1984478230269731,41.17133273492329,-0.05332338369021607,11.338414431168655,0.2593006658055489,0.47701468074131065,0.6545269314277523,0
10.103795603464395,11.637591718870837,3.6842348190886343,57.799594259848874,0.27877263220384824,17.104166457667976,2.210020105853604,0.5089569603596472,3.700435015669142,1
1.6343337494826413,3.4719879204415904,0.20237766951351077,41.87222051488786,0.016616937144199265,11.780303913863055,0.4001734965006787,0.27912759822795125,0.30418664752768415,0
2.486043063974603,3.3725024106460966,0.10516709794026567,33.034173620089234,0.129174716044294,15.052231880535498,5.12782585009426,9.980464656587147,0.8969021267472187,3
1.81494775866594,2.8011696518632316,0.13704903907957616,39.24012907304017,-0.055692188618399134,13.213409706630863,0.2196780381313023,0.35698976786554987,0.6125472813888763,0
8.624900061643329,10.503952296956038,3.132367970199103,48.21051974865151,0.24400296070017674,18.043129540221337,2.2245913959722348,0.23600992362544138,3.451118382642997,1
1.87325350170586,3.31311924084598,-0.37502682054034775,41.36164552732876,0.017919922927619333,16.48663172059195,2.793152860685534,6.004356194968451,1.2935295647128773,3
1.0296463760784258,2.888905414951473,0.2454676726806796,35.39931779290575,0.08926959488398599,11.781369556172786,0.5416112949852457,0.14775506858227178,0.5027073761020472,0
3.6819832915223834,4.294157238032273,0.08613834143961431,100.82940955089565,1.3088138505370814,26.4022892607799,6.313391675984738,0.2696447589138077,0.722208588655231,2
1.8003645239690826,3.657872307788331,-0.049952153236461405,38.33609903486774,0.006444532514045451,13.290958647283698,0.8354670991319991,0.24981670312396625,0.9313155653500264,0
8.008833154184273,9.05846950811557,3.210361903771028,57.31137711456338,0.08353730169930026,17.59420898890518,2.8152517313582206,0.34658909807464316,7.025664861938255,1
1.8822108687984258,3.4666387135739742,0.004270660042516576,38.41486307081697,0.03153279224530138,14.275492743893658,1.009978146021357,0.2731233219641464,0.6788074067487104,0
3.036057107876203,2.827855692875409,0.016070942476102017,92.37481898115765,1.2066551351684462,21.887785832699063,7.53070655024005,0.3456821959270648,0.9440175237419284,2
1.3528428559716694,2.9156057354890557,-0.2806073700814077,40.24430184309865,0.0025817242949066994,11.876915840981455,0.17047825000059982,0.24128779575690956,0.6053672902112007,0
2.7010525128088654,3.0380840050876854,0.13882150362274925,46.09548117017897,0.16282238510505237,16.86840256188736,2.5308332550797377,3.6633714808561564,0.5603389667968212,3
3.4736171475565643,3.4584663063867485,0.24326681186925034,71.99983107347207,1.693202506726475,24.64422891244888,4.3107414374222826,0.3357106366764239,0.7871711140559413,2
0.6169875902736771,3.0302397732094817,-0.19581550399546216,35.23006363685751,-0.02960098516898075,15.039592776196033,0.6777507312452278,0.32576303506560567,0.261596153679077,0
1.0508478059999222,2.743269719040709,0.04743211941380726,37.066371660932916,-0.001735919174862928,10.608269204590178,0.3319295552239515,0.3738200603435596,0.5441043274964861,0
4.444207082656853,3.0639199379434814,0.2703547228380423,90.78922748554373,1.8934922016969107,34.449056772255204,6.9253545238068455,0.40319538644636416,1.0782897209054663,2
9.232927803913741,7.138099280997463,1.7135652176766096,51.98668088949259,0.13074962126702525,16.720425974947275,2.0474383285166065,0.1352972094084272,6.161141506150638,1
1.3516554394730296,2.4715579639683014,-0.27203485309377945,50.97756881663492,0.0911652498017339,13.105157699659479,0.4233279537432877,0.34110929577694277,0.37449872829180625,0
1.3218851095219084,2.7128819541656624,-0.07943290569090036,43.493448239756084,-0.06951599380802277,9.733292534322295,0.6557639800132005,0.368244243892653,0.7627475426674196,0
1.1714538271318236,2.9336522481779395,-0.1990088928852521,39.51523136735505,0.0663466633677007,12.172819495530954,0.5099935328891416,0.37945360380837084,0.21276180418657728,0
9.80309493018428,11.673964764970888,1.792778041689326,63.5759524398715,0.22085209294914013,17.26325174962573,1.6512624563475706,0.31178904132409324,5.7178848859132465,1
9.849991464236616,9.848067255988594,3.4495816808022712,42.70684061540923,0.07915373982578863,12.963211899983635,2.763640306211903,0.4581353139415536,5.568605143743869,1
2.316880064058923,3.565812126910076,0.41843424776531873,45.426528643832015,0.037061646615850485,14.024992840778404,3.2855772731751944,4.818432554718182,0.3683128606102765,3
2.0227883373003217,2.9289136392427944,0.06198483991319357,30.895036431612485,-0.03893232698028394,10.614361908798307,0.10275355714558602,0.10578451980879607,0.2142833984527717,0
1.7882498778745242,2.614814600528477,-0.06933704786275749,48.214123099222945,-0.02635588661207271,12.340044335227473,0.8038210176702337,0.3223551597183698,0.533036732885513,0
1.022311735760839,3.9105708889813986,-0.16573119757472535,41.81016570309875,-0.044323575207609545,16.737048685377744,2.7588593121033864,9.33413663660406,1.3306303343954697,3
1.8168684444283898,2.653961003249909,0.0675263834472244,36.756110846168504,-0.046218885262397584,11.413852294867368,0.8327108149677814,0.12391201078927869,0.9806702789580468,0
2.501591899920361,3.5130534728339238,0.1558217431147747,96.81848584722539,0.5125455223034758,29.852529997190647,5.592714625149926,0.41007664718009645,0.4736455021336137,2
1.216867113215688,2.744468085019022,0.3600548161976376,50.27753648013995,0.17836942324837152,15.125431881714283,1.9867089371808249,7.256767595588784,0.6286911545737748,3
0.5356379495306278,2.63633201456396,0.053603273456338765,30.69062980385209,-0.0073430417857212145,14.492071402984788,0.6976832689888985,0.4357520232456153,0.4171516980899035,0
0.88609135779604,2.7370634335120867,0.14194770459589626,31.190497577196655,0.09215996907034227,12.96679620217214,0.5137295235452898,0.2730780318508089,0.5834677282309669,0
1.3049303002478942,2.8210578611400554,-0.05034087762097461,40.77272682280676,0.12272601652701487,18.21071660607259,3.272910625376129,4.7558698111409585,0.5946985069816512,3
1.7818738056788543,3.4931771686275885,0.10229523812536204,35.68576376605584,0.012481871434761711,9.655200472673542,0.7781328473659032,0.32268957427001455,0.2876609591417826,0
8.998737751665667,7.295265524386038,1.624327988735026,52.28553978974568,0.19547561117941684,16.74952261088776,2.301941746765514,0.3072964607752821,5.94092481364097,1
1.6412383606251555,2.8650380197549996,-0.07418753694699358,41.18727598808527,0.08877815627504994,14.96962181433754,0.3373739958555637,0.24456730252839404,0.49327730600181596,0
1.152124811977043,2.5850182338601044,-0.13483406607881523,30.95788927917962,-0.09801243129488067,11.154418050214792,0.631945788521877,0.1827436798452688,0.3563588502665307,0
12.38362058758558,13.483120772053372,3.0366939287841586,47.38184492091983,0.27894317805035224,15.816082736953541,2.7505017567306047,0.48530012905866193,3.0924316411709007,1
1.538748523870058,2.7211079552680864,0.262830608927842,30.717842615512684,0.04500179461541367,14.11039739405095,0.7927291669243737,0.43833985002804854,0.6393121532024145,0
9.903044347309624,11.938333415244012,2.2733671710120222,52.969287637911954,0.10706069325238363,17.40376269691048,1.8994101834147399,0.33876955639287376,6.418380968691022,1
7.988771124915913,7.378338286366751,3.364313653047594,49.494291097810674,0.2339264579018701,17.772405482520043,2.921293509622667,0.42766283876368305,4.370883867840264,1
1.3218162846671977,3.2394133031458656,-0.06653406081956371,45.23595115086726,-0.09439926308098695,13.72635077156603,0.7576094415842476,0.25746966214809486,0.7197953930952637,0
7.26729707413627,11.11695519415368,3.4737700135439096,56.92372549069912,0.23541294833257764,18.512750599429875,3.83762391619345,0.4204252575228366,6.84555984387965,1
8.754993407895794,11.810027394201324,1.709042116562151,54.951901779946105,0.09600496616900699,19.515169047848673,2.375207359928374,0.5748241260599974,6.977952409057316,1
0.6084267507090972,2.297186887380383,0.03190204464269757,44.22806498760784,0.07030365934548478,11.154002829854656,0.5170732760009971,0.14289676141909305,0.8262927544510459,0
1.7555624262871037,2.614817370754613,-0.2326276954359108,42.63260860057289,0.08851460335777855,11.020696541275894,0.6060359957762723,0.38592394726778256,0.6955516971206047,0
0.6375272037491283,2.614753974955949,0.14878116984771939,38.31182211834841,0.0845877749753513,14.029164758118503,0.5171621087416076,0.30995849745702375,0.647587319223171,0
1.7317162905328747,2.813905337151703,-0.17183525428210636,44.40718575294167,-0.04296175696242074,13.442524400106207,0.981971571062244,0.28704112526481573,0.6483433241328613,0
0.9251093026927721,2.9405318859497562,0.45685267702679333,46.54798672928297,0.024703664662122916,18.460863394776702,4.147107584825175,6.178178776273531,0.43847860502802033,3
1.3075942274822396,3.2573085660266257,-0.3004407498597563,30.5460549871872,-0.0532680174841198,14.189154083453408,0.9631875077878617,0.17987682481806913,0.21912425203686658,0
1.0105826363066597,2.8630307528518566,0.008796507223878569,42.104024661366104,-0.06759392686271111,10.015368572333356,0.19680727941049522,0.35460483308122975,0.5913199111724473,0
10.734867811474208,13.922361114098747,1.7552828909159082,57.294557789891996,0.13195056265136276,17.98300404563635,2.894348249757539,0.35493448075304085,5.817547490337761,1
1.0981720927613468,2.488539950084402,0.3926734053598192,41.27481202626123,0.054101059237262335,16.40113411570541,2.324573769461808,5.208685101185462,1.5388232231600667,3
1.90005338556273,3.699474314236519,-0.20999465143729804,34.41546917206834,0.03332446687522096,10.463573450752065,0.7807401017604955,0.544292902341159,0.8209606712707515,0
1.6733759844146219,3.202053849278758,-0.025787123247849944,34.354075899296085,-0.09953362944106789,14.436198392192344,0.3474820576740646,0.4759081711205191,0.6775232466752706,0
1.8785756882310298,2.7438963993797847,-0.03479662281212714,43.84057720428232,0.013987805710324007,13.835712698812367,3.256207542673718,3.695705585793106,1.3142910996218267,3
1.4557446842087014,2.5382984993522095,0.1172768016809631,38.617378205856596,-0.08170428498049516,12.414961599602782,0.5195123173341193,0.27010257739898264,0.3325776285223932,0
2.9094058554643265,2.500797984880251,-0.03823432998593112,41.37212939086564,0.17678733731115998,13.436220204859813,3.936819748628852,5.081158364404769,0.4144823581216148,3
0.5169924931366204,2.7975318329094554,-0.06619816708697912,50.675628647253575,0.07904355062297284,13.469403075961766,0.725520078837895,0.22809197444970028,0.29742672185971614,0
2.6029987396130316,5.057564725813439,0.4550809836975964,96.40385243035917,1.1692950517217273,32.19593945254223,4.669757854877631,0.23600584296233462,1.2814488813102907,2
1.8094961397113887,3.4866023223337894,0.17390500974577763,44.13933195695615,-0.00865894524960698,12.855671595467934,1.0068521554313905,0.41007656872049153,0.4026873413988632,0
0.642396496579058,3.0621565346021096,0.13965356921434605,46.31213334344412,0.035528247768331016,12.949654380649726,0.280705843099934,0.3726015093797874,0.7425495230720339,0
7.071643756805726,7.619281939878635,1.8570636940840939,53.07209536890632,0.230828308262914,15.518673104563913,2.3390089785549297,0.36604974412014885,6.821478413337239,1
11.014308133047832,14.36108531825995,2.5164662537030695,48.7984190005508,0.27802543097883736,14.556910304883619,2.627785350133048,0.20848317629102217,6.990678172065893,1
4.304537196269078,3.386663413567696,0.2762762299512582,104.91991663606039,1.6348087462330125,23.544058125072745,6.0419821073460875,0.4940119158389117,1.226051567457681,2
7.463913934396773,13.222782085236771,2.081854425832061,67.751220618866,0.13436953383358777,16.931973328805764,3.6824712808687448,0.19062913960970632,5.978971093980665,1
1.3810430814919852,2.7350305669051798,-0.16983383273062738,40.024090182815584,-0.0820540294956364,11.385583356821948,0.943831018405195,0.5426143123077619,0.8420518697778413,0
4.675585769083407,4.815676555704361,0.434270598681311,80.11701981136078,1.1657014848067755,25.930176165073178,6.536200867675705,0.2921652460857951,1.7507105219608063,2
1.3207143759446822,2.6459900896769475,-0.034489508368005295,32.40706950117632,-0.02328017055453274,10.402508424013956,0.4681320447947999,0.25061054025133933,0.610274013360321,0
1.4427372585591598,3.0567505416931327,0.26293060091453246,44.04861043429964,0.04864974924382673,9.522977559932906,0.5563497943528125,0.23258849823052838,0.5206403932499873,0
0.6188232414997685,3.3891480561865435,0.26276905614845114,40.75413434765003,0.10090606525258877,11.938644633629417,0.8893005735000925,0.12084431692626216,0.995080154515235,0
2.512303421375453,3.6857401479216447,0.30824776803278114,75.3657607093129,0.8118124954877024,27.168785779014748,7.261837061929986,0.43958856958170145,0.8596817210723642,2
1.8209366953947312,3.1442833345002494,0.14453055223536568,31.347420575523035,-0.0696799042858184,14.763990805134524,0.15650476343025813,0.22640384600519464,0.643275924754514,0
8.548397315853103,6.3270883633809705,3.632217911891511,51.172258836099246,0.24418453460746703,17.490360963850136,2.9355848750393703,0.5876269380623922,4.365042096829132,1
1.3858895700414058,2.379751076228859,-0.2807746801624236,44.71265059698185,-0.018993412636526263,17.660854467746756,2.6693753969490235,7.69344939286439,0.7352939338084711,3
3.1834372714951433,4.338611960148504,0.1488131349096869,87.86354783312719,1.733714436766018,24.116876354864395,7.502925694625708,0.3212075624762126,0.9466895897715398,2
3.5435391801516896,3.864427506176745,0.0806155324904891,98.45073240771464,1.2572117276643828,23.464793948803926,4.4447873447643875,0.15495024313124234,0.6483751715292889,2
0.9363881517652821,3.221448783144841,-0.04861970454179484,46.41633709711373,0.0067479396426183775,10.893945296075454,0.2305471789495357,0.33712132261199546,0.25404845420733896,0
1.4090518482745396,2.7163374706415455,0.17653469433521302,46.930942839275346,-0.07584798487878354,10.7263399150926,0.5913492493087098,0.21158865270851177,0.21882267024228477,0
3.157318117572188,2.78790092887104,-0.25060292604638,46.03318563330983,0.039143004106294434,13.548253416599849,3.703008704786331,6.245460048649594,1.3921507589030573,3
2.128234570535833,3.4355313523102344,0.2671933246859183,46.313848723599214,-0.055731090333695193,17.969035797009667,4.382740981184864,6.8554516402997,0.3677976258875354,3
2.1688676833669787,3.5820779339159046,-0.21611191775712818,39.050871063443026,-0.07247798801516393,15.34609407020949,2.2343666490670335,5.810001816230174,0.4755837149968924,3
1.9658279968307264,2.9320748487445347,-0.08524127415907964,35.13551377950616,-0.027876513806165244,13.53151972968238,0.4771673945505734,0.3840559501522806,0.6742341606324102,0
1.8922143278717616,3.166280321369607,0.0899546446260522,33.73030211530955,0.01740265881778398,11.84429454641486,0.5092272460156796,0.1814361557573646,0.82646321030639,0
1.4575267240094714,2.7066314053703366,0.28415890005536143,33.12566682300286,0.03589041506739439,12.651398517296164,0.40178271806622284,0.1476836698559654,0.6818352165327449,0
1.4497286218654928,2.768686476367788,0.21055488387028362,39.46447890651573,-0.031782102283188014,12.76105411571534,0.5273203437595849,0.3548297643794183,0.7967840163157298,0
2.3793252872104076,3.840211609558975,0.25729166574490686,76.43208614939698,1.701002327506524,26.808833130374474,7.343632198662121,0.1663199661671557,1.0588336698982619,2
1.5810779172152358,2.6680303708052895,-0.1587588728111241,48.74137242889807,-0.061456638333285546,12.998422408164561,0.6659984722887377,0.33962727162770323,0.9201565515609784,0
1.6372702473401473,2.988026745234467,-0.09877926394615925,37.78728082457938,0.026337386059367276,11.46692373534802,0.460522635540187,0.29121972384589595,0.8218721216080425,0
1.8152266693215064,3.18085218533031,0.25598749319514397,48.21001278488904,-0.05818120583514225,13.4008096942514,0.1888035971778205,0.19934484103057112,0.4618544674945473,0
1.4757764476471835,3.3025850635974874,0.21625485112109785,38.87421908279322,0.060315054465009794,10.579452431154811,0.8590437865716168,0.4973637816768834,0.22423440188170335,0
0.9480165927780033,3.2287905299656576,0.46957297205449083,44.75127859990497,0.01543918526483678,16.195776528141465,4.564653762221595,7.476854641441421,0.6859626485378344,3
2.748118833484933,4.820678165193859,0.3242802185276517,79.11792865642795,1.5059865091847928,27.766633788120664,4.862485057246909,0.3360828680107703,1.9714903389596952,2
1.3860992862680066,3.3010184787105987,-0.28550065756863835,46.67872606741714,-0.0682310957714554,12.539924815671327,0.4550703556071595,0.361282378358436,0.5084473683026423,0
0.7438612228840729,2.6773376126343873,-0.24031202143370567,51.037829927328154,0.08572072458208092,15.052479867775489,0.23181858800299057,0.2906247666967892,0.9274034691910517,0
2.469471081487789,3.0310561499924216,-0.28176406384306935,43.048062687082506,0.16217438488323235,13.745530381549273,4.21947576319521,3.422095393887964,0.4558698217265714,3
5.843326361586728,13.777443441628764,1.987425514312372,46.71354119183167,0.13994899982333991,13.676884544126226,3.7387897166928066,0.36301047137617737,5.871366491007503,1
1.1279624525688043,2.9248973035182853,0.39009880795843477,36.505893936848146,0.0224897623634059,17.39374243491636,3.752884614676076,8.06409076378413,0.5571690749764823,3
1.8368291676485924,2.7361206281503634,0.2184358511480231,52.42529175921764,0.1318957456247992,13.156279892171801,3.9152002942435167,6.442072187755884,1.1625839026688567,3
4.940866119282723,3.4251421163347673,0.5206916739828996,91.80392230021437,0.7551223314733431,27.554245276235676,4.93749630597299,0.47126993091817326,1.3746325107266757,2
0.6794637332431596,2.857583714095944,-0.06398179125336512,34.8736080177978,-0.05572505502113702,13.204430644146733,0.19636758568402798,0.09338651131974086,0.2147680781767751,0
0.5329933166374601,2.4346381407517037,-0.2787997332344148,42.985254507379594,0.07015944560448281,10.441074951969949,0.6210148987975347,0.19729672824623753,0.2246112552915363,0
1.2269646565000483,2.688231535417282,-0.08580057766462162,42.460016392622144,0.059593562744129615,16.417070259600365,0.7152563480834642,0.30805823309623,0.8592531357365094,0
2.868272108989146,3.8219273049715605,-0.3877124891246505,43.15298134138444,0.042458398226110854,13.408743652415113,4.852226708782229,6.0860979197767495,0.3079708489611558,3
2.0164193110884616,2.590876953998374,0.3356948185990969,44.91562255030569,-0.05699499424955217,15.06508518538217,0.5195473611539313,0.36561181400730464,0.20928870315737436,0
6.202640573460605,6.728245087836148,3.7221082463425335,62.54985608438227,0.09585608487443831,17.646231280006667,1.686212531448251,0.3035649714790633,7.144429583977587,1
3.0145569522665476,3.9376049308234418,0.24298321186780764,99.65269660918258,1.93370722839267,31.20501827338003,3.41979961072406,0.3451950268853225,1.3659594594919284,2
1.6108863272758587,3.0316189397657376,0.05184618177797504,37.34520985924519,-0.005671225063229449,11.986435775686195,0.30393837615719493,0.1869542841681328,1.0084486927999499,0
2.949578394693768,3.600297914276468,0.46542692159147103,40.25530039165162,-0.027441850908524298,16.641452189031355,2.612352544082033,6.3142613930288025,1.3805094989398705,3
10.290787153428756,9.908831317232252,1.8943373554944396,53.64823205436633,0.191032823930703,17.194246809146186,3.210062738136116,0.5600607126974049,5.199669206433039,1
1.4266144622474812,3.292638731015121,0.12359856548476235,38.241968554669555,-0.027088017578921278,10.274001963897007,0.767110603053014,0.29452837964922873,0.5394874789743112,0
0.8515360415295057,3.3388248989479226,-0.2660222903258493,38.33234314594435,-0.021676236007454504,9.897197934914926,0.7079313880249348,0.1414859524460363,0.972507972082932,0
2.0120755318790273,3.305612615095631,0.4379373173095559,88.65183312550614,1.169205865511668,24.073462087004966,3.1823167632523814,0.2107741868485348,0.687897023959509,2
1.11577874944822,2.69757474842289,0.22584459693674877,33.316486926382886,-0.060329521822826165,13.464296092149768,0.3979458728233811,0.2848413885048926,0.6094499163267623,0
3.301289022175948,2.8257427354236166,-0.18544951669893656,37.82181751369129,0.19465815804047618,13.02275805391233,3.873609198224839,9.01933427672493,0.9861596712390991,3
1.5671457262916624,2.794710399957484,0.010365330262278106,40.57937685148424,0.08187781366193551,13.64271238946844,0.4508100230446024,0.21091359976296187,0.45765515105257254,0
1.6518789349122651,3.0994372719780663,0.05561625391644098,43.733433826210664,-0.028293173226397544,11.194764005610573,0.44088617312881534,0.4188766700649492,0.5988411831269149,0
1.6196515048620694,3.1806820283216757,-0.262396718907345,29.738735025566623,-0.09925895645271178,12.617855945587664,0.19371299360626895,0.5128740159322079,0.8471567212143926,0
2.5193034506984144,3.3828611166080003,0.4541866044606496,89.66627600826538,1.5162774647336326,30.238826781249436,5.29360776931873,0.40592582226236157,1.2303087612291825,2
1.2042601417923458,2.9674084855249703,-0.2012190496396609,36.39168645782577,0.015521071814089273,11.043596754629766,0.7842597886957909,0.21196478082241654,0.5261121994998035,0
1.2313671769579833,3.1102377336647007,0.22116300573511746,48.18979465769814,0.009049160024112221,12.885883461860287,0.5997846354480307,0.19513429669402313,0.311268593380183,0
0.7179553850444365,2.8276075589363874,-0.19007004173947162,44.423064125477225,-0.019226978346395054,14.924568047268657,0.7586092228329913,0.15934928546162563,0.27500515141907766,0
0.8862592650290039,3.2694012409316033,0.015462754916844882,38.69997130506681,0.051376536861816584,10.313623164833063,0.8974315036282592,0.28883916718052227,0.4294529198498284,0
2.358987517393307,3.1472238830075328,-0.16497711276973792,38.248645305818656,-0.08886135468914672,13.521959067327336,2.652150605916112,6.079684918010377,0.2961841533378752,3
1.333468375537696,2.624907591283549,-0.2039754699482998,37.46357093368187,0.06091094307263031,11.842105059849114,4.18720684399122,9.693392555191618,1.2990085932705882,3
1.199192830551405,3.104059854347902,0.0911477699984705,33.49460756063062,0.055758899198385455,14.016105500787951,0.9074537938614753,0.48507331553035776,0.8365154420874114,0
1.796790802857037,2.757382153560695,0.25073087331615884,46.86802870241211,-0.04568474837223962,15.305420312390693,0.18267011523620402,0.3376530477429609,0.22560780664214528,0
4.439314529039466,4.797427885847723,0.5067126711319787,87.24187830219273,2.042291681709435,25.01234169819981,4.670536583221729,0.38024686274389885,2.0837158432614618,2
2.6282220153512528,3.3549651693358693,0.44943732158664773,55.00890866943789,-0.0356682896964887,12.416290544986119,2.7803778385398155,6.685362560566964,0.9487386641794358,3
1.2956760228867743,3.451230898148342,-0.32496727804828857,51.974411332730135,0.12504516995965534,16.215381403715263,3.566749205422283,8.045822820375525,1.3250221231312946,3
1.7116213902483235,3.3240279914566147,-0.05017119413984676,31.681913938712306,0.005873093287576774,12.471524285046476,0.11460530416879255,0.3804633061574134,0.32591005380009014,0
1.191077401623598,3.1013275100399063,-0.11786221089508374,39.75167422602322,0.07179255115554903,13.885373923504083,0.7635144680702624,0.2654158103531014,0.4099001785275596,0
1.8238485831952265,3.211808877935818,0.17263912145387783,53.43127305468622,-0.031245393326240607,12.07101226502285,0.6711027957269383,0.40585548293227114,0.6083375131641797,0
0.711121585659723,3.4412966742462094,0.17264682785454882,42.61356139709332,0.09663856678665246,10.138317656651896,0.3985880606166363,0.426675973989558,0.38391449221777807,0
2.328913353535464,4.17324021713128,0.12395560400575449,105.63885208222918,0.7820997832780353,35.03445989261864,5.365377777601573,0.20823441707244103,0.6864599659913996,2
1.337621810284887,2.5406652480987755,0.171504249940737,42.04115414846828,0.023878982527960935,12.47028580228854,0.9977777018243033,0.19022821690100358,0.8003924706472486,0
1.6562332350188291,3.842713583499313,0.18786365708382072,37.31208109030466,0.10901462458760859,14.174815044525127,4.479222483510419,3.1496243786259073,0.757654553050199,3
1.0839994540954416,2.823735958642343,0.06475343981057637,36.452696290722315,-0.035013593169015034,11.12287435177739,0.35333487582912304,0.2905567005283052,0.6086252490884458,0
11.452847578916256,12.94847061087755,1.8320310216273126,54.06525323799445,0.1331629290198199,18.175725462986318,1.646230189509138,0.11729583168795507,3.560462200016585,1
3.622026726445312,4.163685036457163,0.2754743233027888,75.48895670689689,1.0314811493197829,30.940946517665743,4.4455937371318415,0.25907252687949484,1.585804909219899,2
2.2971635884541715,3.172765748278067,-0.06225952999154254,45.275249684186676,-0.057158490816215934,13.1865600560802,2.6666715165819284,3.6155881261887366,0.4083874797543397,3
5.096345461881106,9.519999981963059,2.7591486262933396,53.22052994788616,0.17724923917014282,16.74631782681794,2.6501139089756576,0.40523225535745194,5.646496840519975,1
0.6797211075034201,3.446131638645561,-0.08363231234337927,37.14433080393283,0.023457829072665873,14.481859700731233,0.5434985357749733,0.4247195147334077,0.25752283630495615,0
0.9149164280823874,2.7651412880934054,0.02786526732503355,52.235657689814,0.0700690660914417,11.533912181575715,0.7567182296967254,0.42500454991753367,0.48758587566309913,0
2.673094999635001,2.492235624912961,-0.2988922305585623,37.46976655614499,0.051810469294374474,14.265030914373348,3.1467973492859116,4.406106887211016,0.7337365988944524,3
2.5750229660980866,3.1836897206933115,-0.24585043661370587,52.7516918421802,0.11301440865369027,14.641114378595661,3.752051816414181,3.868764714994037,1.2584161503523954,3
1.810787208050366,2.8749911876430048,-0.054540049139009894,48.59583485556224,-0.09406607303297103,11.844249381243941,0.33357827513440474,0.40631535074431596,0.3513448016025458,0
1.079821271916146,3.43011755246879,0.26251527931785484,43.68916145677641,-0.04186062050816863,10.6192847825848,0.1634130960985487,0.1381026533002429,0.6068639714118101,0
1.2128659068179068,2.365651902780978,-0.16319736302812857,45.584647620571054,-0.06025554021342101,13.407227561295587,0.6518478013359336,0.24799657918454723,0.7214778504066925,0
1.6283819685116319,3.0481844816475205,-0.03562418278974268,33.641160705119745,-0.06920958510002564,11.218883267331833,0.17188920571207852,0.4331136163551163,0.809148630619052,0
8.775725700148962,8.835330339578345,2.7747127935929705,65.42279948161426,0.14728358623424098,14.215252616365628,1.529809960332789,0.3668291122984814,7.007561061940826,1
6.690696890955192,12.118103942987242,2.6585659541923294,62.321486933910165,0.09800349756782768,17.91027766537337,2.6593957795039196,0.10829999175080186,5.798825666022416,1
2.1561247142930724,2.85431026001115,0.1468786066499659,56.59711664350583,0.11862061694700997,15.206381073091222,3.6393810219801783,6.526992909517993,0.7635049890238161,3
1.9392295485863076,2.582933513972486,-0.2145578971708733,34.13087990834798,-0.00550641639826856,13.690690984662659,0.8036114072176956,0.3777700406554568,0.9955021186463625,0
11.903418626051872,13.061292269572816,2.543957154425596,57.15355966601362,0.09261231762813958,15.198228731278927,3.656112412732275,0.4678545115568331,5.278084973492081,1
7.246667541578103,13.000963549494562,2.609428784440312,55.53751163036069,0.07908755550010238,15.493065933547504,2.908584470494737,0.19789127725251487,5.631045854984588,1
2.0223865936123384,3.236109955537187,0.00134092542816212,41.66311177928494,0.07666471808537526,10.93471977510139,0.33943038124769154,0.3307819212979775,0.9023925057909884,0
1.2257928268528915,3.4101906561221504,0.06599045114108387,31.087537217912388,0.04440972645828784,14.44629007186644,0.5309309957234254,0.16971103649133815,0.8844885786699792,0
9.564594338404554,8.424153605221457,3.1419641891057517,47.102177400890625,0.08931870616526302,19.5760398585593,3.036407407394044,0.562870999204296,2.8994608240090973,1
2.5015463231155426,3.6944091965961303,-0.3350613316286504,51.27462404773797,0.0773339915777197,15.277483442541206,4.38446950692619,8.805658592326896,0.6620836685244816,3
3.2666239563328254,2.6756822321606935,-0.20116928574945964,44.223277406874736,0.0069719614787510506,14.25981725889733,4.128151871567283,5.493935559213074,1.3328026777362645,3
1.0251327324485968,2.5415295996665037,0.21948947391273566,43.56008862579448,0.07124560540859544,11.549524807091371,0.44871583894889466,0.2938461037592968,0.8097617885929999,0
3.1691063644071504,5.199418446646291,0.3527803948761539,103.22666763907162,0.6314685469240516,34.84133592571878,4.906380714791909,0.4558457616988348,1.0069668934157574,2
11.717158641728622,9.343759979871937,3.0925079567870695,42.10883887080633,0.17569065548149765,20.15735316476938,2.238754640444843,0.14369438610026206,4.36952288186402,1
1.776134306354727,3.0950903056376906,0.2702971074196798,36.426599348640266,0.038268894320428924,12.139237400810476,0.7217095050818318,0.14047238372698517,0.22262533491671582,0
2.0217890209702696,2.5864654823124176,0.4216102157972808,40.56009311790758,0.08248344192454811,16.002235069810276,2.8698113452291945,9.459558030571916,0.3157055406918014,3
4.838327210954633,4.284123293077322,0.007841963533330028,82.50376125427637,1.3683686337256626,26.577730704899285,5.708939645086554,0.30266800041191627,1.5075476100952232,2
3.122865427096745,2.7914397588031434,-0.1955058975065474,47.00400511571993,0.11069776218694165,13.35672833940293,3.075834244634637,9.248866408400518,0.4721112675359935,3
2.858337779569451,3.8367445621443785,0.1906762616689519,98.55510269072592,1.9299292924736233,29.136013445442085,3.256386907649613,0.29411257756582637,1.0699892727025015,2
2.010565172350666,2.9856948212400343,-0.04265318920693132,34.523197586293236,-0.05044518237657316,13.254479327677428,3.266394931826374,5.181020214124322,0.7934285361324651,3
1.7074388956448845,3.499221857649225,0.21805017343146324,35.52510821657751,-0.020787476415231723,13.856291397719605,0.5730543758462981,0.1388852186241407,1.0164977111975746,0
3.626352496033939,3.4868334863793664,-0.22774479943656856,35.64163193002613,0.021853306073628124,15.90893155081114,3.2117231438377805,5.32228050354933,0.5662631002975103,3
1.7187456394789502,3.4578543993378608,0.10031273254761787,32.357044227442024,-0.032284023250438346,10.658099817832195,0.5836745040808808,0.22331932498760187,0.7744658804160947,0
0.5432337657549612,3.4701499035774344,-0.28147059646934575,31.19445767454608,-0.031511926876714856,11.953210905878306,0.6537722923083849,0.1548484641879238,0.5829923569330211,0
4.834651451836251,4.987474030844349,0.15857476581639834,113.6778901015656,1.7813783557089755,26.337822728037096,3.958963436859375,0.2899476613824384,1.1050765853648092,2
2.09772393182287,3.66641743568587,-0.40883630942556093,51.24089983782393,0.20637454043866094,13.337704202294988,2.5127674640221374,7.0452540425640855,0.9884418107050847,3
1.4887767079561576,2.785377261185227,0.026375300992659553,33.650101015429684,0.08574804982098815,14.489481827907191,0.7879058878488419,0.29012434141926824,0.7296520712598893,0
7.597202458423224,14.244284270308343,3.0836689105602666,60.21019671113844,0.1645697637999386,17.872672158267314,3.1973295220052353,0.5275225121901334,7.6656897025503286,1
0.6329482416227273,3.057546132654695,0.2133945165812973,31.452802660628187,-0.023129576595630197,10.594850004893587,0.8779495579389482,0.25662753194689747,0.7424192160016828,0
7.349128471970627,13.291763319908394,2.8290497794556266,65.17783609620791,0.1182093199555985,14.292964605839416,3.5422441179014874,0.14735370112352797,7.837432816078108,1
1.368049470976158,2.5805306458496395,0.15231490424937186,56.64299884681385,0.06217521703355269,13.628579543660111,2.0845856027173717,3.803050100767672,0.9468295083429366,3
1.3901442475822132,2.833093519695936,-0.2260690104019123,45.142014687721016,0.036325217933477684,11.502651402444284,0.3752427751819003,0.43903663727602005,0.8327615712548688,0
4.654749803547845,4.634104921773353,0.41993243999332547,89.64823942863406,1.1840884351898242,25.017962215955908,5.668611996366123,0.17183295096741297,1.8203753003827383,2
0.8648616018989874,2.976694221463295,0.008763862231252502,47.986844943797216,-0.033289760983787775,14.124788495488064,0.9518877290685634,0.35401618527580814,0.7192573354291761,0
0.6986735980037311,3.0267469579758965,-0.10360383835406592,48.40060632998919,-0.09945369667348386,10.215620654416297,0.3458406484647958,0.3633220894177989,0.2504288712906858,0
1.3319041692222195,3.209456298835784,0.09396777913858381,48.05348839333365,-0.0584175616536467,15.310700125090408,0.16496502493411824,0.1852958249157639,0.8985322041523125,0
1.1220169756909584,2.2504383078853807,0.09734360309374329,48.14967996866858,-0.011527433621996283,12.087682833370234,0.13371126140708847,0.38475033407561277,0.6988436008377163,0
2.832012840948907,4.471689613162866,0.23833523066860154,91.63772744669619,0.5826184439083092,34.39953403675578,6.580592833521932,0.19158060404126329,1.4500931594063426,2
3.106088273350729,3.5058897091505954,0.23416102787935536,39.678995605839695,0.12489150096287704,12.4192927300026,3.5295913000259658,3.385040659009974,1.1891205491050145,3
1.340943036399866,3.941248574514759,-0.016647105481523285,35.15476507298432,-0.09222775787874751,12.964676277872833,0.19978702724294303,0.5001154523401291,0.254723658987995,0
4.638979063548226,3.8604225026063195,0.4522399442799659,92.66522644301051,1.5401109903385142,37.39314620024527,7.41530201586808,0.1192614273134362,1.6501028284764585,2
1.1577522349729414,3.7706668205804004,0.11510492329645128,46.097230965460504,-0.039815673224625654,11.083789897188154,0.6284461669625565,0.14007282181068625,0.8105712677445486,0
0.6547409901168645,3.1213590824262583,-0.2651385706897077,46.52213280807261,0.07677347645356757,13.122952291772773,0.9828970717914899,0.13261476305360365,0.6505451764589415,0
9.428260232387334,10.901522299546768,2.504967775733006,52.06348576744793,0.22599176292415865,15.505532931035312,1.7329633010431762,0.5477178567955772,3.9262443237963938,1
1.192395033869578,3.356287198198543,-0.15300079120000978,45.76031420024368,-0.043028491176872755,11.676836890196903,0.7401201372518754,0.45819858189615453,0.41951204569633105,0
1.077133827578425,2.548819874692675,0.22105731948528393,43.56795144141077,-0.09995777969549298,12.724196776141746,0.7045728469937593,0.1895030966272839,0.9693637261614872,0
3.3985488623607543,4.3297201123260365,0.08349744205081819,83.19885093711842,1.7399544019412738,23.172081665221363,7.09334130807329,0.18468520159180551,0.6881555093883156,2
1.627154273901857,2.9285726047906584,-0.2887213602091158,37.39428474075987,0.0537903055718013,11.740307347981743,0.2627596291084136,0.26708621196092586,0.25637466223899,0
1.8750229080429357,3.3702255208964496,-0.23290364759186175,40.904215098641,0.08765234207061577,10.39642056452861,0.5216755302605576,0.130309657460208,0.6923923121778713,0
6.259931792997615,8.980618397874931,3.9428893611501827,48.022880122116554,0.20575420383228535,14.297592147427967,2.9238449818116465,0.5165276323516604,7.771757777715511,1
1.053763586570611,3.3982708474387144,0.08902786070778507,44.32702223009476,-0.06365493852940693,12.583920201384485,0.10878390093388632,0.23397559159742629,0.8289368455287066,0
1.13829122318276,2.7380871824571664,0.12416264893464789,34.15487952380272,-0.05816021142418009,13.90320500975469,0.6891083971761337,0.24713681107208857,0.6388295780358713,0
1.5500501170112522,3.5156141847427382,0.24255308204466072,47.5075453570612,0.06755042967736544,11.196454491899246,0.8160099671797101,0.5053538084915271,1.0244191537073872,0
2.8061694735766514,3.4900473531290177,0.07183861440551988,86.02337906186841,1.2780099009880532,33.155025157619924,5.186394418613179,0.29612632266447536,1.3652136610187624,2
4.091280525372838,4.730300218346683,0.24546993145170848,85.29846453630009,0.8387347496140001,23.68495105529438,3.7323921649185405,0.24967478379115307,0.8174947794924458,2
1.1519404859547326,2.7759732345748946,0.07026851144380587,38.24339810951874,-0.00159351592678973,12.178787619618763,0.16641494052765438,0.11210904769230928,0.4639307756490608,0
2.5274986907490926,3.032009579538298,0.13305027223377694,103.26109576725902,1.3862788555056946,29.421080094645347,3.843728733442473,0.40543421588544665,0.7300680582071469,2
10.9344274937997,14.578076209266051,3.4495023099591,61.88190356125992,0.19962768052428118,16.85285829850596,2.41054111042582,0.2949445047194018,6.873319308124831,1
1.6503101427013063,3.0857097064247125,-0.2188455842494703,34.16614902790598,0.00805847826720879,13.319157560152881,0.9794146833785434,0.19615570604505755,0.26603744062376,0
1.221986252875404,2.8258295310529835,-0.2629665863687548,33.37654667913304,0.010509833905333022,10.919287465470081,0.9879711190777866,0.12636013486075623,0.8565790137778746,0
1.3971955307097363,3.6497709533825518,0.057243468929149284,52.78733953903192,0.1760304042869662,13.35380205683285,2.877219260771776,7.025852443598828,0.3566995748892021,3
4.888292873719638,11.273801022628751,1.9882600237017383,52.575789229782586,0.2901214355354652,16.765313460077316,3.2475832362154207,0.5503657765114706,3.6077045889701886,1
0.9211224453144085,2.722955855456788,-0.28165484082189446,46.99536459625725,-0.0014981350609089591,13.49003006641002,0.5175463413147959,0.2402867199332169,0.5350535280296299,0
0.9501054359162403,3.171771126720414,-0.2810789932335142,42.67836429201043,-0.06747374539831516,11.659730136470033,0.2903726141581657,0.1577266102158988,1.0048144588972203,0
1.2982149884635217,2.722327288695949,-0.02247118572014925,42.526911941641394,0.01781482934987843,11.151790960267256,0.8699602309255138,0.197826800117449,0.36581273767939393,0
0.8158620001262419,2.7248932599586646,0.10938952024144256,30.53919920684876,-3.035590169008562e-06,13.340299756879142,0.9523462237648854,0.45348528021078816,0.8202290397293415,0
1.2858456640235925,3.2826254219321567,0.09859332862737546,44.08543124939565,-0.045356397634346,13.590072992505625,0.13693974246720061,0.11670855861059155,0.5041018476479591,0
1.9042432259528377,3.2928942671949724,0.28138184187786236,47.361537672913784,-0.07108391778962998,11.071244401464698,0.8307746454245394,0.18990431410769817,0.5056522750427157,0
1.4172098829646138,3.249664408145373,-0.09786543123356503,37.361814951759314,-0.030901099201864266,10.999292745173097,1.0042904312110332,0.26333355077831955,0.29829376893518433,0
0.5247907133196312,2.744782373298624,0.083579176806231,33.25687694404726,0.04399315962603579,14.734614785238621,0.5642826278433893,0.23786664760739046,1.0309782355425197,0
1.866478796999674,2.6157311110391905,-0.07495235139745614,34.43079377328626,-0.0124998011343492,13.428257006553412,0.9338165248198997,0.2262505590215287,0.46840294049246173,0
4.167296040331039,4.789829154202992,0.3935004025692304,107.07337860864726,1.433726501868585,20.490867057911004,3.362210820861264,0.10288561719490046,1.080853349141835,2
6.910125629396319,10.971388242251178,2.358809340005431,57.67691997551565,0.2582850539569303,17.237972604914212,2.875767701668874,0.17694713453566757,5.878145760254019,1
0.9673000453820935,3.1343195097929004,0.1625115740817737,40.32273367694209,0.07671141099042267,12.70570094381185,0.8484698573821773,0.17823284923026683,0.8776552665139685,0
4.810074247174456,4.627228602690896,0.14362193147425467,80.49435248398464,0.6308859505199784,27.254983181709267,4.070727603798787,0.4753823136582389,1.0039988786408613,2
1.2118591763877353,2.8341580442139915,-0.22643278554563673,36.948862280183604,0.07575394672232129,12.144286895462827,0.7475389772797053,0.3884432884566337,0.8475758421839836,0
0.9117289129709844,2.5298421412385634,-0.28795740734977304,39.7672312209757,-0.078304235114746,12.034681436837682,0.15485263060773782,0.2276754203470195,0.7880224731315141,0
1.5777333526124673,2.971317049432166,0.17833424913350268,30.060115144942515,-0.06666661337191243,12.66002360643758,0.3827645041329528,0.5403971966145273,0.48353224630989466,0
1.5617063192123082,3.349271555532917,-0.02252098826710681,41.007995730853615,-0.04475649417890296,10.025225517530657,0.7922339575100505,0.13925381561371447,0.3156881429014614,0
0.5164761164917329,3.003671498452589,0.17877918530960885,26.669363812728864,-0.020254335829008804,10.821737454790787,0.1522888911858076,0.284285747960034,0.5978121538099248,0
11.616300882389032,7.995154917415336,2.7481499404842546,62.09390854933334,0.14267707937984686,17.343732851982384,3.889802452593992,0.19534887295435224,5.764653827505086,1
0.8653583886859444,3.762747015945297,-0.053144010864533,34.090329409439114,0.008100923997735479,12.004637988072561,0.54622925270535,0.18138397250203814,0.5495601049609986,0
2.6995731030893824,3.1814450337878655,0.45220981747653227,110.00842545936038,0.9754543011668507,34.5233931618876,5.256989248022747,0.2667970740676188,1.2332494259136173,2
3.3408641209419114,4.567887153290224,0.2905215815603559,85.0888258267233,0.7467445729267143,29.96752012373817,4.919776477698987,0.14779450072006092,0.493270517171781,2
3.8342936588479666,4.055580781959056,0.009201596481728897,93.64345115255689,1.4657209811998997,28.99595443551597,3.332197689611204,0.4338374231445906,0.6452088607161371,2
1.8250698783099466,3.0662118140952224,-0.15738277596090428,32.31160595786096,0.006293657529908577,15.896666356048529,0.5172823484603891,0.3000047216374492,0.5276541564885662,0
1.9299457533786102,3.1901114085387507,-0.22263179472044992,45.134413640162045,0.011135829800772185,14.044551861220537,0.12686285851540954,0.39613313309121434,0.6890176835261199,0
2.0964690108405764,2.923282641514688,-0.18608743054243587,59.99426935957811,0.048147469123738566,13.988425218062861,2.838754254867423,9.306299752769362,1.1647059638242712,3
4.511681852561699,4.734191030476195,0.4340699188277653,84.34459616794499,0.804680533352935,32.376590749970184,3.3891819881628207,0.2169024655952509,1.3349153601409895,2
2.0503365753524347,2.9402608081296333,0.11865974283849386,37.48017830497287,-0.005927576469574458,14.558359758968384,0.43128892877501734,0.45297905811193,0.5866571715102381,0
3.42601166015277,3.5347236190539135,-0.1909502018527499,60.3472301590913,0.06821385659473836,12.146265282992802,3.713122989975864,6.08565169496396,0.9560634062881292,3
1.5497158743784003,3.1115734802241692,-0.18781264730198594,39.22053343093508,-0.04193603978222368,12.561258610326098,0.39370175706125143,0.13787976773391694,0.3627703569179964,0
1.4567463132455192,3.1808661266518183,0.013015090392564257,44.988127265790894,0.01852836988392976,10.41171215066613,0.8895245652621938,0.3712133330732843,0.2936753194661197,0
1.055327009606392,2.8024578851474207,0.09317968247451722,32.24110340746436,0.04240988587681266,16.658593360424828,0.23563452284334602,0.2592099603954255,0.5529787717265802,0
0.7685391655933631,2.852014022323214,-0.047770363990910426,31.974989907592917,0.044551126517584826,11.30206924663441,0.8367986264131965,0.18198624146814685,0.7809959162965854,0
1.102102889747581,3.0185602876428104,0.30615120411170155,32.828222836878815,-0.09003688544878408,14.787040053248159,0.97776670018363,0.1485614697579738,0.40896421014429396,0
1.731864676786303,2.821803808465751,0.06965567779175426,43.29065754490859,0.007867330152996904,10.112092723114355,0.10011701938528968,0.4891914027077818,0.7694348150418683,0
1.6281276072278468,3.0381245425472345,0.2763573415909751,45.867118576795804,0.07816944008672795,14.302778905805678,0.8593514120483845,0.23973057980537557,0.3175887729464869,0
6.829381295685127,11.176104348858125,1.499972947752841,45.30823682644228,0.22604738592303422,19.430095185017773,2.6980765486476637,0.5378388493560902,7.266403247644497,1
1.6007090429714868,3.4215765663665314,-0.03785275737075172,43.93328701402696,-0.09009151558572247,11.360548376549309,0.504589821354135,0.2946874238119037,0.4545104045715998,0
0.8145240136894989,3.4858929644659002,0.045754084759935545,44.23070325067867,0.06515951317793352,13.75032609698711,0.7950905315649114,0.5399546105658943,0.4858485816720342,0
1.638733649211246,3.4171507447673495,0.43759210936513665,42.28797124197673,-0.07852163040833159,14.394732400590918,5.316030460444679,5.483917267314962,1.3771968863917017,3
1.1433144402554671,2.784792241624541,0.06699717252932123,49.31684917719606,-0.06111284864324812,12.251972840700045,0.16208175481332168,0.5206581511255922,0.8835639299818631,0
2.116077347270585,2.8830357511771747,0.22967183662953594,35.06246868115949,0.03224813215039721,12.43243845274925,0.45320164705069194,0.2281337281255952,0.5566748032828668,0
1.3906485457184556,2.7654556341621683,0.06247957476079756,47.304521368994585,0.01648919741881619,14.263551921884721,0.328465766217091,0.22241625102329862,0.6034996016935529,0
1.2303689631245758,2.988628753809748,0.07332970225093528,37.49768470983911,-0.009513934782853013,9.651253869155006,0.43866207919301653,0.4628264007623322,0.7338800885939668,0
1.9410291041220875,2.825371692044572,0.1978856819759586,50.90872077127086,0.07213911595976553,11.005523346595984,0.31921782559827017,0.30675069635078267,0.36738970897192885,0
2.455579080218632,3.426350023888187,0.09196347894445904,92.8193580614002,1.6775334483518276,22.12493434818626,5.055902424825652,0.1379549932383481,0.5906456498697259,2
1.6719776216952416,3.917069826452201,-0.3833812700762689,44.59967169378308,-0.06088751145358966,12.198182880400886,3.214072964089139,4.538770469595172,0.7559711719923624,3
1.5744175938175953,2.8232194318317028,0.14936133550280567,43.32899045129953,-0.0669499541158293,12.029203813689593,0.8009601754246701,0.33866241476190007,0.5762062563359855,0
2.1780172928141046,3.8089607985959137,0.17270386248491598,38.555823054328776,0.09436553410715251,14.791201992957419,4.210306480754257,5.233619742335104,0.8016074450417559,3
4.025186400942233,2.8064276011550073,0.3257970227928789,94.95167878971745,0.931493297747159,30.681536239646356,7.439804465274472,0.4450978005624584,0.9976840214379784,2
3.269538834944481,3.8540006373299196,0.22592269772093568,45.47596464773955,0.14792807631870078,14.433418078865143,4.788767043169241,4.373047170110321,1.3431339918923644,3
1.7037225990805658,3.505626032460584,0.29575482749312293,34.80996033755345,0.08021720245572035,11.583554558785362,0.6506052056409394,0.14048609742258752,0.36023733065153196,0
3.1644184568564016,2.62035461791165,0.3830735534799469,39.959125982462176,-0.08777472981334512,12.427334750012667,4.3426798924835985,9.06918211499063,1.2981642446164656,3
1.7309672379316805,3.316896207760119,0.24702914179117372,35.270892666007526,-0.09089047703716907,12.497570704104561,0.2663526066079142,0.36209152523033167,0.4257914743460631,0
1.0130309460004236,2.8231045931282743,-0.3122732187607222,45.102537227264605,0.02703304764423577,10.34327070044344,0.7529254097103113,0.33722250533165127,0.7248808494522243,0
1.753710797489778,2.580765201622541,-0.022705356048042673,33.46817980877469,0.02278429219401528,9.454058354197546,0.787195201776114,0.21633302588106623,0.4363673087370568,0
8.4733781843897,12.946546642251803,2.1267711285485613,47.00807484994286,0.08968231935659471,18.056070299633433,2.1953582950982256,0.5494421321117688,3.612315113963231,1
1.6458253605826192,2.519948517718113,-0.02615641532995591,42.019789660011256,-0.053446837113164516,11.50314401084651,0.4362804952969683,0.15090105950696273,0.7770113710977569,0
4.097997694520371,3.3476379732060146,0.2388448424457329,107.79820407421006,1.4400738451612516,27.011271770214094,3.4898767849678203,0.16232749114019626,2.0980806015208637,2
6.332756564017557,8.074707489588885,2.4348429072395965,52.871525554865535,0.16977046077788943,14.223584176323305,3.640706735102933,0.5177357607718901,4.630714185572946,1
1.7772248717525594,3.5266059922193866,0.2534644689321382,33.81428814926282,0.01731509876498678,12.886954722432275,0.7088254812859618,0.26951762977079086,0.7748092597423082,0
6.029852987168958,13.504282014063268,3.5884420113110393,55.7375974627778,0.284450208057317,15.677601077388726,2.8441467670459755,0.5134739665841268,4.168856316600224,1
1.6924780213336699,3.1088528376224973,0.20239929549569313,38.17288227337423,0.07907166262112685,11.788126903396408,0.11079622360892681,0.14964057721305996,0.22209757156676024,0
1.8296095516206954,3.2342721065982225,0.06627909347877856,29.469303973631643,-0.051699901931269956,12.722622088611121,0.5533338219506552,0.2634678652615152,0.4191516332037475,0
0.8254052861292636,3.18570587680302,-0.30803726638152684,42.82879015730606,0.04388395102051652,10.937816104577742,0.7454541282318243,0.3025778617675221,0.7084539871380962,0
9.377414671939915,9.904087249287025,2.66672918884448,54.77733710660868,0.22892578896381158,18.128980899159004,2.0957598056225626,0.20390381780162867,6.326162616068291,1
0.9322145740481367,2.829184087497622,-0.02208372382685969,37.97993539052148,-0.005367678423335743,10.321803671357106,0.8239447203846809,0.17855348885510863,0.2928005930413151,0
6.834143273898491,12.318915297181533,2.6323424445089634,58.898678091993226,0.20741934859269429,15.988694405665283,3.6825601763373905,0.5025437357435647,3.657615811359595,1
3.25272974404038,4.926302771972235,0.19850014234439803,115.06747361998073,1.0437301437798294,21.336309150136074,4.830186438134761,0.18468698308203346,1.2200716342870588,2
1.4265888046265265,3.621299320058946,0.29153204323941945,44.06011613044042,0.06481720536368712,9.815219806590436,0.34607822241984176,0.4038347428663813,0.6525132984307527,0
3.503672923965109,3.754817933609292,0.17666544535371073,81.90917545370887,0.9160408796151323,28.699220174884108,5.431530844149167,0.13901284801835823,1.1611535604545704,2
2.540498543005702,4.3418901212282055,-0.1749181809472981,37.61967668593928,0.1461341026252008,16.11651418068122,2.402079842674676,6.34049623922084,1.1446088932528489,3
1.932814875056937,3.144269931730427,0.44791902062263217,43.257437991371205,0.027916643389700516,16.820763834745076,4.218837631661332,4.613071370917546,1.0350850317440357,3
1.3647542894171225,2.472812171132406,-0.16789988777363138,46.56523216523493,0.027182738045961746,11.48220224508265,0.43665285787174984,0.2946458834964729,0.7386066882197019,0
1.384517597475316,2.831469559668845,-0.29959491060844534,47.24704796838424,0.09968808877238801,12.842936342841318,0.24818133218581162,0.14887446257058592,0.4163497321089021,0
3.285034872009112,2.6351916058056366,-0.4370949136920861,39.78820476104159,-0.07787089331294683,13.096598189625942,4.661104202503524,8.245366376549327,0.8555914059529168,3
1.8269654354943214,3.4166476104635386,-0.25812679103734004,47.67743334040147,0.07548307027911177,14.318199715428664,0.5471079522101846,0.4041367747311876,0.34102231517678205,0
1.0190344151428399,3.331702735829283,0.243430916244957,40.7512797729522,0.04476957523274792,14.253507932898312,0.8976415334952896,0.10515095643275515,0.4002816698122758,0
1.1802280138413905,2.9187108742605363,0.0600341232627863,55.162814440603405,0.09138509588390945,18.592718507140304,4.3527626841096865,9.26186432786758,1.1723672156423857,3
1.026348178172966,2.825000607119082,0.17314030301717948,43.99140272859585,0.0734231050643153,13.449881260837396,0.5104154971719298,0.26126204042403767,0.7518637287110824,0
0.6117478921820203,3.3025488303078356,0.01619861729808688,48.30430639196379,-0.09017628686203874,12.608750087249518,0.4723303646661761,0.3976020529306661,0.8651951202675517,0
2.5431575999202125,3.3760960288209936,-0.4224244227506984,41.92087729997488,0.1693614924401789,16.436110046739017,3.550768661716115,3.959675256969659,0.3420464522275316,3
0.9673362184555573,2.648878517085286,0.26113427440405845,44.00603526418532,-0.03718677311870703,10.435989454451882,0.9256684060596745,0.4782069214184932,0.9366156049822273,0
1.641901829009336,3.8337056047605635,0.3218565727366566,36.81783667842247,-0.05371007210434629,13.4910945535195,3.4641938101006775,4.031501616309998,1.368557794294641,3
7.3487154842475215,7.8806913167690915,2.9602013730855017,50.78788231483604,0.051255425575830536,17.352866509238986,4.0461215926967435,0.45345013362207004,8.178698954821137,1
0.7208019283379666,2.6872532461789134,0.09551912317597902,42.88536887740538,-0.01930171947972159,10.317886361444105,0.27690509442098127,0.4524852222227269,0.5734317015619487,0
2.855835193716784,4.29458915707819,0.1618569175049627,79.89342303387609,1.6871292736903747,25.753776969340922,5.423831789146725,0.18819635638857057,1.1080488504708708,2
1.7665024396137914,3.1511804039935116,-0.08334095380186551,46.58948020299664,-0.0139697594312843,10.974354427970056,0.5770287162857524,0.4163936695900752,0.6498112742234026,0
1.6880635686647871,2.529603129958652,-0.28525331366212514,41.28892296886717,0.0994185532152558,9.361022285886454,0.9021333923015025,0.25235639031348844,0.48895127040210656,0
7.890823218271994,14.61780151318015,3.8385536492422037,61.59913443308369,0.13807018861116044,13.960141183769366,3.8235647183092585,0.5558584756335797,8.166598178135189,1
1.6239570606475666,2.745995300918679,0.0971366114023042,39.73761186871396,-0.004718062179932643,11.967563931536862,0.9781834973776452,0.43238116021178724,0.49986452387061037,0
6.406742198043877,14.088095369675084,2.8210037213754506,47.00851888122734,0.25447982183786805,17.737398690351927,2.738021971497665,0.6132121689190851,3.6511467134411197,1
0.7269637322339624,3.2226482438541186,0.23057562388739608,36.96605237732035,-0.04650342345099276,14.672968330091319,0.43412101471695536,0.15641016013402653,0.4018791444380225,0
0.6738399673587672,3.246071972679877,0.08026284764033145,46.11764030823157,-0.044179201403242226,10.189393309881826,0.5378811941527637,0.39226790545943285,0.4503134059314556,0
1.5473244763113834,2.7955555758560533,0.12665255948245638,28.474201068838383,0.05970207350905342,15.794451306063952,0.7240433424927015,0.4942750677275755,0.23240179993346352,0
3.509280849967118,3.7047198797436525,0.41133916526630604,114.1329752220896,0.8731791031951741,29.834329591958603,7.122594891476514,0.2898101165036288,1.787163622933882,2
1.8364315939520337,2.594156007679421,-0.2720148849447526,37.36823875843882,0.04199997689721109,11.55366488598214,0.8265294048874673,0.27458249328812595,0.8417357359975962,0
1.228461718424275,3.7930698119469475,-0.06299084952537894,44.41935958339951,-0.0003985926750167058,9.553453603409869,0.10866514616148211,0.35521737183418634,0.8548373358436246,0
0.7635491796895016,2.965239148096975,0.21224493015756885,45.42738769169685,-0.067075303684124,11.396623914836576,0.25861304036994975,0.24288126995468914,0.9742200550813442,0
1.53287591304505,2.933285792457931,-0.09128150532132355,33.91882532986386,-0.019000429827396498,12.42114619381694,0.7362683502402267,0.11680217999924519,0.96568396023944,0
1.3490816190143164,3.4544376196854003,-0.2923588304950452,38.46561974337133,0.08260852411828846,11.571978831426131,0.4021299753372728,0.43495020405287255,0.391275825347356,0
5.3741655361344245,11.205984822448528,1.8195986004914242,49.857150140155404,0.2435214889965898,16.476188220341175,2.056030714034088,0.23605779852808237,3.4069121196901455,1
0.8148310478743739,2.7508946815798088,-0.11578834082700787,42.59257969646099,0.05767856702870364,11.630059490118017,0.7554755982674339,0.2776396199715269,0.28887652454165036,0
4.764275490244673,3.501518183769529,0.47233552323252453,91.77469370458816,1.2227711014415448,33.722695865044,2.9575704677404104,0.4770889126795651,1.6515229890617287,2
4.711343129479991,4.321972076655594,0.2988433131835241,105.59973830434274,0.5914128477813712,28.173143837814546,3.0683120032163105,0.34760300753529666,1.8827084463907846,2
1.1022364510269687,2.6404167466853212,-0.018242597141971316,46.54300792415856,0.009061703261359107,11.832210717516073,0.7662414556732959,0.5356111916470049,0.2775618577502491,0
7.200014080191762,9.133938401996964,2.0301819349713885,54.32646019119217,0.2159057782085669,15.756409847670458,2.3630449509992246,0.4468405590856779,7.104154879280749,1
1.4810175831676387,3.050681675579632,0.2910487188610263,47.988895330371186,0.02300200758431419,15.975132658771726,0.3234788134486311,0.14962210339563692,0.6877248832852573,0
1.6616569214568546,3.0271081025833912,-0.02984330544289941,32.551192284792016,-0.06520505378383619,12.994285855094562,0.4228044815127299,0.31533696358206603,0.993885685190921,0
1.0891794614558787,3.2056897387825924,-0.17252956234306277,49.29743276217634,0.011315364855564464,15.22792623052556,0.9275753370905068,0.49681571135052693,0.968375200905177,0
3.970680156631083,3.3246627838449183,0.3705313078239472,99.1514434382297,1.1922792329291343,26.19441315858748,6.521613911706226,0.4093918399572293,1.046288616214467,2
1.2716743328287927,2.434132507843416,0.2595950374816243,38.04100881572522,-0.084615080806481,9.748592558710211,0.6413480341623939,0.4598978956186844,0.38373053278833846,0
1.146769744341965,2.700991793757279,-0.22916731665376291,45.7667373080201,0.08247440748323856,14.018591468270674,0.5571769068833077,0.34237308413831274,0.8317298884348533,0
11.323408703337222,10.647034809675185,2.290507654894229,60.03405591422559,0.2887524053300215,13.305350875806791,2.7485930184171865,0.4177812086493976,3.493949250416113,1
3.92393759286342,2.985036573825657,0.09413286869076751,80.46227830434614,0.7450554761922576,32.86948842153042,4.11672466275692,0.3029261836768293,0.7246725667909417,2
1.5934663444771962,2.6780947403265287,0.2147498333228037,38.71202778817774,0.047670952845518734,12.940343477013435,3.3681070447888692,7.5137760248235725,1.4200555660783216,3
2.159575099611326,3.08501799811752,0.37312468194937204,102.15217900280066,1.380662106287979,24.33702534110839,8.220111699856243,0.356751390151055,0.9289760464797406,2
1.9102587085542342,2.8612380692992354,0.061316599270385935,41.661738010625534,-0.06713804244482566,12.710117348074371,0.774816445018939,0.2017151609056584,0.394598291264035,0
3.2325807791001893,3.0015095988329246,-0.16519586805123251,48.783079201205325,0.01926889528770309,12.57224724293967,3.247136434052066,6.733171547940844,0.42229745538530555,3
2.6404188013896492,4.496992319652103,0.22982455206444957,82.084378013762,1.3937591562119411,31.58995278780122,3.5247984687965634,0.11791370015661723,1.3119035263790462,2
1.140103766723929,2.791094034626754,-0.2536210417260666,35.0382128392313,0.02047164527734919,11.131948623690892,0.2660596216467137,0.41901150247672964,0.42761731169925665,0
1.3611665291705106,2.551239452771297,-0.24603505009177135,49.18372913842448,-0.04739738611622907,12.530145183060059,0.7434942799317971,0.46853675469163464,0.255685801604269,0
1.476715722195274,2.8952416554832525,-0.24003764085305693,37.80843769159572,-0.030641936215812217,14.775196043132846,0.7308643619366337,0.19323935949851784,0.8025246725037386,0
1.4217749571774012,3.5099667050512044,-0.10654860523680718,38.59607978960172,-0.060533769059571536,11.195858986587204,0.7842456014210574,0.3291156726336366,0.3932401545865394,0
1.589977385070042,3.4183937511799174,0.07714279111203051,45.62953273276067,0.02363711625442051,15.476776847995847,0.8254934649097924,0.28786222202833556,0.19526897729350903,0
4.915612371875734,3.964530990679798,0.2931310690795755,110.31335946000019,0.9879951652304577,22.86695557366897,4.952590419745151,0.3414569926734799,0.8645466370093893,2
10.585791887648131,13.633281655111215,3.496422787306649,45.79386495003503,0.10126251764277415,19.337639484224184,3.812834252028855,0.20328005697332416,7.215695247317584,1
1.92149832049919,3.350158396010959,-0.2316087701425628,38.092903855610714,0.029800751117608847,11.529897221472979,0.8908957749322969,0.1820824219478832,0.6870824336313066,0
1.8909711020814393,2.9421132295965595,0.20757990241581867,49.656163629804944,0.05875347030906655,11.802659626113492,0.8307711929248983,0.48721950333944797,0.3299486722710555,0
3.879314572979447,3.601838526348424,0.3326486677802451,85.08685518742699,0.8677200670897929,20.61258316760961,4.953815827137255,0.20521950044697676,1.2008449879806105,2
1.4494592020137373,3.4556077898244024,0.04844682939645871,47.31686774864575,-0.09457894651836762,13.812823361542762,0.9402676274380993,0.3824203345659256,0.8984086592093199,0
1.6457739223330061,3.354879924869463,0.026236050598146175,49.83404802917841,-0.08756338807008866,11.70228458990081,1.0646036904453804,0.3061813921672909,0.46387217467075875,0
0.5452545062433376,3.22408890443097,-0.09727680884689192,35.708199511899586,0.09494383611382001,15.253470772164412,0.1705784741422268,0.19202905131053147,0.8048801735883646,0
0.9105248767163899,3.1639257034209365,0.0017015787371484974,43.652827106563926,0.04543408605213417,12.327176619977818,0.37874005084964596,0.33440748793548725,0.5726447602259078,0
6.257460895477362,5.8892769246880965,2.7214237914023847,58.33150924511396,0.23641926526734192,15.875746759193255,1.9277832716095262,0.18805936810838697,6.091717225401792,1
1.254473545727565,3.016210136952744,0.2159228203648407,45.17437935959133,0.09850468313187932,9.799030104119668,0.5628729326215607,0.2141437521429345,0.7252764628203666,0
0.8261150575154957,2.5842868697409904,-0.05939146193113899,42.08098243507684,-0.06359842263658134,11.441935664006406,0.12169282661262605,0.162063023547786,0.9868767827425593,0
0.7289026068450218,3.256710298316374,0.00156181468527579,41.47944094431701,0.10437181302095783,11.229712732130567,0.845132050642049,0.4020406376042934,1.0076241447009822,0
1.5697402579311055,3.504980574162618,-0.2643154889951947,42.424325122903696,0.09280491905292407,11.264841253660919,0.41741003948730765,0.21883496342066708,0.334872423877311,0
2.9546509773158687,3.4881576839931254,0.29987926512592633,87.77425716999929,1.705473003131857,21.59501289381632,7.219334839494319,0.2286298818203051,1.2472745471336555,2
1.5610192928019346,3.0557319768139717,-0.04532051460592753,39.96418428175639,-0.09484510688935496,12.34684033067036,0.7773806318075193,0.2562292617714392,0.3307678100733987,0
0.8712793456820972,2.8138097406543245,-0.15313991161044183,40.67192298613223,-0.10006080977036035,11.19671181241554,0.7120954674986256,0.3227678331087237,0.3860388393098441,0
1.1467298392789933,3.436860983167212,0.0025724125026857377,48.06327449608378,0.017327026775913048,12.986286215029352,0.9334498061833827,0.25718549087340026,0.22802637025710853,0
0.4976919445155325,3.1267367534134793,-0.2853962000822671,47.38029997032592,-0.06835202726044112,13.31459419845571,0.8245490677367838,0.12504266451656892,0.9904635689196633,0
3.417343228689119,3.2547143511881487,-0.3654726545748453,37.23418650894816,0.039911307391451885,13.486059374224139,4.4490451379055065,9.195837236726257,1.0408404255645398,3
0.941547157152641,3.173123872417489,0.22397066452422495,38.84310128118836,-0.01725520577388057,11.129630307220568,0.10957950416911326,0.10970378407100279,0.5700873726007353,0
1.6187847150962726,3.444726839333708,0.08983655075561962,43.972713149051316,-0.0058793767348487335,15.374721237707119,0.7460472301736646,0.35049395525424326,0.4857781445580616,0
2.2655364480055566,4.881186028767701,0.2904341117611115,101.90098314160598,1.1547909295079621,20.34727183139245,3.9840000296014235,0.30848528132395325,1.6963999291489447,2
3.049214704017465,3.074637624955126,0.0765444638837845,43.3197213798365,0.0602837242158548,14.391650336058312,3.0255202088021957,5.76237660328573,1.3745631443747561,3
1.3981459582247782,2.3608116164060187,-0.15321112457521524,42.59870789750561,-0.055986531331258436,11.081312638890603,0.6056163037229204,0.4583285713028236,0.615654095200329,0
0.5801685002818111,2.5954557239805993,-0.1780708935121841,52.26465315059585,-0.07808356499407527,13.647236786681725,0.31425085228096594,0.40224258955175984,0.38802558767786494,0
1.6971530834430888,2.717388980060482,0.07083405685346614,32.85311833579364,-0.05710896551593149,11.034857911852935,0.7188698104898368,0.27462091467032573,0.9455644383582419,0
0.9217356238859893,2.4658550597819193,0.21346271190565072,31.09343563094235,-0.0014642222087589694,11.74630505720841,0.8666233817760235,0.4555665389642408,0.1941463218028256,0
0.7665960548256361,2.857986714328671,0.102021329940893,37.47341545159826,-0.009037664350844193,12.47308508092623,0.7177471134904768,0.457104959957595,0.48157468670461645,0
13.01098930176277,13.661039931209626,2.0701954920723185,60.806241625796616,0.2305184545075826,15.267756173018405,2.245085239904701,0.2335144227328894,3.825231663756715,1
4.292925055440315,4.384057226511249,0.23323437969687866,75.40429277955289,0.6817714414505707,20.00392921810592,8.354603471324218,0.13828645983602184,1.3447645702498432,2
4.632765519154385,4.688289804432962,0.0019492252208164875,88.25720965751259,1.9030179050966396,22.14206161194757,6.570545110366571,0.4444448024197564,1.5982158976399536,2
1.986026921634523,2.79886413285389,0.1368079931243567,52.451613524539276,-0.06720107575064374,13.910577472195365,0.6298595979714494,0.11317966835745373,0.30665709285289644,0
1.586699625405958,3.3414730181807313,0.19720815060142094,53.31113575873481,0.0575056069381283,16.348366086037007,5.007271328467382,3.5568353377388897,1.3015658341655265,3
9.128646867072245,14.030540535444988,1.8075411079292742,44.87517458668304,0.07082232283528588,18.964815276369677,2.3858016998850604,0.5489111025938807,6.732538024562868,1
5.7521812634923295,15.986765371741779,2.5313921801866637,59.96040964824561,0.26889023419485025,17.20121466059608,3.504155324221938,0.5598368422075471,7.015007578214638,1
1.845541100913424,2.8771315879468413,-0.19008933251982774,41.326161421926436,0.06940716511041091,10.474886149930049,0.39041745473354555,0.2565971263437429,0.2010212047302368,0
2.6705810196139543,4.547351318548232,0.19474362919698984,88.56466632701056,1.0355981763827564,30.1340762866295,7.347659687036546,0.4633243828645506,1.516558474351744,2
3.6005698941637037,3.571649871241111,-0.39118111000673467,35.75656315698425,-0.05816853618173834,12.318585322426479,3.0015173983304284,8.718069329390762,1.4532011528209796,3
1.5290903137399088,3.2524171878049803,-0.003232867855165346,37.13327035591685,-0.025896216129000445,14.675039030433744,0.3004087452726025,0.23200967797008254,0.7701664929850256,0
3.108464053059955,4.128862650558765,0.027639114321998597,89.0745432818954,1.3665370247369002,22.42729469193675,6.2562768168859,0.41481017418657096,1.725655530925883,2
0.9445944687815743,3.3929753450966507,0.09624120652697979,39.472423817344804,-0.06971610843659673,10.427152013451023,0.19717866658820643,0.4173771799795508,0.4358491087937426,0
1.0064485420889164,2.6198943195419697,-0.03049235509730671,39.45177839106331,-0.10027370457585404,10.236238706482881,0.666871615410649,0.24276672826254683,0.7132608402505927,0
1.4766766906247004,2.6328376842126255,-0.12338436772173783,46.020203155141566,-0.0010847918965707,10.444376579059423,0.3346671643361847,0.3045712650225733,0.2147589309576378,0
1.696535912368428,2.961185217988536,-0.24578040912677787,32.17251558582468,0.01787522085231703,11.755788770807776,0.9287379817135286,0.48917097207949606,0.25250962715960334,0
3.1399451828743645,3.641485161518329,0.007733182584577325,45.37233926204579,-0.001702872676079044,17.760426381984026,4.230368188327916,3.2339506240558262,1.3183936462557089,3
0.755046228626861,2.9353642238803865,-0.019461690692604665,45.56742444147575,0.00712073749148765,12.028930967888902,0.31093156275932093,0.49713900523547044,0.963455814120665,0
0.49422465774725016,3.616713283500264,-0.2326689110185892,37.29626273391107,-0.030217984607326616,10.789684948200538,0.7975980093242888,0.504550147598652,0.7866777338253075,0
1.982141933437509,3.1344827914162354,0.30746758295307214,46.557802246465975,-0.01857238726598225,15.391373998649518,0.853112554214407,0.44507749330172997,0.5211804277266071,0
0.6579088575921487,2.997690316477285,0.09452596141038037,33.086781298078066,-0.033574907596242064,15.149599601075094,0.661836791479624,0.24888849051179562,0.43027056051681867,0
2.3845720316536783,3.9704779577218576,0.0658258416847249,100.51282104303782,1.0093658288867344,32.27344323326829,5.306987726375925,0.19203621703771045,1.3090496486419156,2
1.2908989407641775,3.598015981158998,0.03432782045757551,38.62906444933887,0.06395945380199891,12.514291770106768,0.6613809033409236,0.23105277151027737,0.9551694018676292,0
8.133452917899406,13.702456840985896,2.437228915044808,63.00008859182128,0.28228493122879655,16.94673297302609,2.6722729327958787,0.23755295312147295,6.938164771181713,1
0.8655609149028416,3.1884219908522358,0.22719257703104487,43.609314546919684,0.0805232432536736,12.096541530028244,0.9854371838130613,0.48896927683341507,0.8993498289833969,0
1.8592317103364526,3.246931222614017,0.2824014268871397,31.645473171993522,0.07733338124778787,15.123591772243197,0.830655560527136,0.31793963649738916,0.7166909035267574,0
3.174244819810239,3.2240962927492087,-0.1485214479451249,38.59673081763866,0.0783885312997474,14.047714735581659,4.618889100482144,8.122494355320926,1.1449746649275943,3
2.9907423962604143,3.905974358448064,0.03993059985610215,88.32461423570508,0.6289661471273542,28.43758918965801,6.721789049190172,0.35731328181571204,0.856147064315943,2
2.4430167903161215,3.856377850571323,0.5034579201312644,81.3741347949177,1.887452285637956,24.341319743967066,4.881649778075586,0.2876216377957668,0.9906674796455677,2
1.4688807727502995,2.4922900595763777,-0.020906717761322004,48.66046418434161,0.013971962815464757,13.637734879940252,0.8422993933269896,0.1835969846224549,0.9204234965776434,0
5.169345918740309,4.10574425326271,0.47560380270251545,83.64508456234188,0.48444616494415244,29.83341241319954,7.2241848417758385,0.3299252782036599,0.7175600431122928,2
2.8148006442675397,2.7680670753981205,0.31271685498705054,46.346380770084345,-0.07167555463847206,17.049184297288566,3.789887094212888,9.54249975664077,0.40992077209606276,3
1.8273463316596823,2.7455513012412807,-0.07496983198161233,41.13350715802943,0.028658113800403822,13.924073091237698,0.3224322649907261,0.43500465141356165,0.48030375152126936,0
12.080561452547428,13.770836382640061,1.3905159264010905,60.951459691387775,0.23758708989362795,16.911582853921338,3.479309615719264,0.2644589599234987,5.769224074117498,1
1.587430506374918,3.532919951212879,-0.20402646188876838,31.486734336098845,-0.01644093282156978,12.260125726299137,0.3896868373911798,0.3666006923759137,0.46731196436453004,0
10.79419016997436,14.810467249627111,3.943589198950565,55.398619482508124,0.28394952322401434,18.51404934905097,2.563931789169001,0.44564799499590835,4.356749749976638,1
3.5770268073253426,4.0013637914046205,0.3193375001033896,114.57296282163597,0.9313968768814767,20.164822768919837,6.627785027412393,0.12620215248138456,0.57409585647141,2
0.7132724299754339,3.0689834655704145,0.2674111868019318,36.00551313805276,0.007040526944363453,11.41168689618757,0.4570722785787755,0.2775152276703468,0.48875895055546337,0
1.4667079053592693,2.979635758491184,0.1774445194002145,39.33611521942718,0.04141195445646317,14.890767649251895,0.3056455111822988,0.15599739576984004,0.8372823806930724,0
1.8980320386576586,4.049557009927858,-0.4182679725262357,46.008223698141755,-0.028783172396190396,17.778259136049833,3.4972330805074376,7.858228508533386,1.1289273713748529,3
7.230387703188381,7.0573037499388995,2.918789396588639,53.115303929372764,0.20071477412810004,13.152884225418106,3.307995365518501,0.37051791488140023,5.7993733424388605,1
1.8462354669647707,2.9170337847679706,-0.2622354046066516,46.468850550810224,-0.0556758710596229,13.470629759443575,0.29987962134495266,0.251581278720461,0.7318626971631019,0
1.7468107650478881,2.508722558992483,-0.05976392458658877,49.94572704888787,0.03917264001124912,13.582538209209634,0.36994114147174584,0.1402944577254365,0.43236267135133205,0
1.6681251669160522,3.585042648203323,-0.2683766821716365,39.07137218090875,0.029084668926908638,14.460839678190903,0.6282612142581784,0.3312309344258054,0.25821996590955226,0
1.1824050087681173,3.5572394469405193,0.028539519369550712,48.641143749539616,0.08063347117920996,16.956134089888725,3.2194300263004028,8.63200350202478,1.0102104242011,3
0.9016530493418294,2.9821706106645434,-0.10711443941943875,43.124121099180144,0.05632176342095406,12.465009944706098,0.38608719162304295,0.12595240837240992,0.7079126759149875,0
3.287260301743899,2.7561507195714854,-0.434008294529939,49.4805573877923,-0.012820880268967244,14.747830306632421,2.8611110996682916,3.2055571664851343,0.8804565874418805,3
0.9941482212721322,2.9275081455856604,0.18659790675248009,38.903911057054906,0.05854697515975865,12.200789099903329,0.5161539520939097,0.35725661247539403,0.44287404687971005,0
1.5128516355793642,3.3628734161229255,0.37610238545216435,53.0677487137941,0.1322029339462513,13.822302162097953,3.1678398521268836,6.850911787253021,1.0039848676788476,3
1.323669017244856,2.9726232228383895,0.07553798875994717,40.29034037357518,0.0795302909444675,10.634210571144582,0.22101377971883365,0.35973884927530925,0.5322076273585501,0
3.3595912254288085,4.000674679694392,0.4703624876128756,95.35210726911437,1.7815143296981288,19.60336302650626,7.34062564776002,0.4602343394624599,0.6702346555910005,2
0.7478301560104118,3.304000389573987,-0.10858092454120621,41.11705973830049,0.021311233984012454,14.549977339554797,0.30512906024691355,0.23599555769310676,0.566639662593695,0
1.9165965810669556,2.4203639832164945,0.039974902107007756,48.25222882198671,-0.0810510453675002,11.044233787726887,0.2865217729321314,0.3912645592352238,0.46116088389802384,0
2.606805174397791,2.498402027648921,0.14413839822708105,43.84450573689497,0.06641233104886454,17.684165532993976,4.544200131986297,5.93706691834468,1.2735240181749048,3
0.6632945433948273,3.106443832044766,0.15763376943201055,41.87147674784273,0.071289766178071,13.422482117431487,0.7638613326516432,0.15779398246414664,0.2129317483184493,0
2.8702228783069272,3.8261975481061405,0.0032259872413322372,104.62086921185907,1.3955638929038008,20.292322091670055,3.3290179452136246,0.12517549088315874,1.010661007658867,2
2.568339602828773,3.202953545429534,0.3803744432961198,44.90345414529281,-0.08445801860989512,16.311760820359385,4.290445766039541,4.763673294320811,0.8593937220541736,3
11.613456282196625,9.826301897034012,3.436728092649425,53.1411929605823,0.052860605816338106,19.409768519670372,2.807080046393398,0.5813855981595554,3.000607042359244,1
1.4865866981720746,3.14806399100392,-0.269520017014998,40.19503624614123,0.07065925262831016,10.081188552129571,0.31365547193084836,0.14916240070921957,0.6571938523624694,0
0.701262051415293,2.926616842148941,-0.26147327826073186,32.06823529734944,0.04233629222638564,11.266039302843563,0.7854379895377015,0.20633455933419173,0.7773701921714781,0
1.8572149674804808,2.8614132817200444,0.024592912410577237,41.48353283706515,0.00726034086873307,14.117257708309811,0.5006066077774912,0.15682422167491752,0.3498247814474288,0
1.8614394750254302,3.190022072416123,0.1465520071915906,37.705072038523625,-0.034319346552992146,12.243239612252147,0.6120680602807247,0.3869734207334487,0.49324137821400976,0
2.090720678756826,4.405879702686534,0.5480133506029169,91.0221883446577,1.5718806095550477,21.997894956087425,4.645723902942856,0.5119445325588563,1.0800478731026808,2
1.7737446980620704,3.062557496724528,-0.07109277560877049,51.601180799735005,0.04284849389011064,10.085775783284635,0.7071661752256246,0.2401776266606129,0.21790752916695272,0
1.2012672164363118,3.2254414896842625,-0.2507982932603172,40.19809960780507,-0.07268347124187349,10.880969544936429,0.32886029789541543,0.2598005188859436,0.793949071160901,0
1.101850418341978,2.8877971426525124,-0.007094134617528834,32.3068365716611,0.0450422292476694,14.302191111435341,0.3867392471596931,0.09906478362571007,0.41528926453158777,0
1.1539506383241647,2.8276139257963955,0.22286525771575444,46.61222969859157,-0.06748188935035367,13.36278796455878,0.5478474950110652,0.18950612978175918,0.240545957876784,0
1.8391932723157554,3.152634526159669,-0.22050583017398528,41.06394949913879,-0.0036766291809132786,13.535792736794603,0.44497177576344815,0.2798518406039247,0.47316141942448225,0
1.1294973345978694,2.7710224381138695,-0.18887730717204526,40.73604216053768,0.041444151649623714,15.140996271490984,0.8154048613710735,0.14629648931761452,0.3075629708703937,0
1.7976303762490478,2.6934350282528436,-0.1668977841737101,30.75561352892565,-0.029877143484183483,13.719873051061757,0.5931175373218086,0.17935184819556535,0.41223989789167853,0
1.4673783293905194,3.027862258701945,-0.218348365781429,41.9976065702783,0.01795579273075281,10.82051954735338,0.28900411941997445,0.19847131562577716,0.6153734691630155,0
4.183231314917745,3.417957361122194,0.04850249730493113,96.71411709833232,1.096988590091007,20.435907135319614,3.016240093193411,0.26535749297416134,0.9100588783673557,2
0.6299358860270498,3.4336592006581594,-0.011063964580072914,44.64620771486141,0.07463169916973575,14.66962112661059,0.3133097285616091,0.19878679792984108,0.48477179663566206,0
1.4462330534115133,2.890067444484008,0.17744317696702522,46.36349702179481,0.11967941640912244,16.18403282417191,2.1165107788253517,5.524853534813838,0.9396182180735368,3
0.9788909647264901,2.868263668475198,0.09354006708453959,32.12918115101911,-0.08965532903735719,14.3328249433389,0.9440392410081085,0.28540605119153467,0.5382640395231161,0
2.9486429528410625,3.476991455385398,-0.43786773020660774,40.272118754740745,-0.05274183734284856,13.74156518490506,2.859135474805628,2.8735155171261058,0.4222890805136534,3
8.895478898604969,10.110967402783515,2.0524198404968317,60.06932692494459,0.15660469556045786,19.54182175338223,2.340364244931465,0.47502043639475683,3.3420781745340777,1
1.5751588216566725,2.3981354676554827,-0.045067415332522724,42.22844083120399,0.0649811855238352,13.936037885649403,0.6333587518650335,0.11390952758770777,0.4069940052839795,0
3.1809831006766167,4.92294350105595,0.1679659637380182,90.90507262462764,1.7981639205116466,23.962350878175467,3.1924758184772135,0.1289502207103819,1.698400831852578,2
1.0389809517134603,3.7639938696865674,0.0732112594752373,34.422748033804574,-0.04559634048918876,14.840315310789263,0.5575886797804139,0.4153711439500062,0.6678225755538931,0
0.6692063315662573,3.0770838778541374,0.12012002216641482,36.404763412807846,-0.0723189006984868,11.37399728743189,0.4089639522718704,0.42959978909274,0.42483244503081746,0
0.8940054727576118,3.302360143778532,0.14721329586268822,45.69269835023504,-0.08487731635583935,13.031974444416383,0.5689712607738926,0.4137046981285461,0.6169320642063627,0
0.7339975968542216,3.0312951819331375,-0.2257586785144605,32.72030155057946,0.025784651935286708,10.591973077305838,0.39423705387295666,0.2258640815502433,0.3579736117827483,0
1.0271479544588038,3.2098893517151303,0.021544097550208696,31.122078489065018,-0.08888009574261077,14.353223144429236,0.7275384089461389,0.5270091890500587,1.0385918279641615,0
6.5614227598879005,7.753641219095248,3.473026642413276,62.50597149397166,0.252455763028293,15.996578304330324,3.7541532577905388,0.2678133981147138,4.936913601602461,1
0.764927823568937,2.740558500604864,0.25775441687514966,37.939185147079534,0.0048638274023511925,12.18245641851644,0.1051678172217668,0.3317796614654309,0.37837303461253774,0
0.5650468156648587,3.276851800067859,-0.1595735835638008,34.68000063159039,-0.008244001180091134,12.677101836591806,0.6751969794282657,0.13716896389507052,0.42012959277804485,0
4.3916770582217834,4.676924368434588,0.35276535922477337,112.10766402598237,1.862705755303704,32.28699332496022,4.956249027285838,0.19212569704717802,0.6925825828610156,2
5.144049562762435,10.51202405933925,1.87715463197476,48.8880803526764,0.28229820265472816,18.946845774838724,2.685841638137833,0.29089397551806595,5.353315022300766,1
0.7789884104007608,2.955146046718968,-0.2326915202433752,44.345986492022995,-0.04222189429791698,13.033798806784723,0.9460475675751254,0.2837459489435425,0.4150519881052023,0
1.500642009215599,2.928425324012162,-0.2686150269248326,46.10730146830321,0.02996681677824338,11.026390973813946,0.8628368132908718,0.21537573210929478,0.890436114057551,0
1.9741874983211685,2.539005320654013,0.033584989521489916,35.30293180169846,0.05441940426268257,14.06990002977801,2.9890148879413574,6.166474427141155,1.3069288658312062,3
0.5661330375381124,2.427894277506617,-0.1797390453117874,33.65510225465726,0.039457798246851764,13.551907894790716,0.704264532492784,0.2580532044452898,0.7546771234567284,0
7.688179173359658,11.083878151398203,3.201598589771752,52.35140376290623,0.16518957060749853,15.348600797173846,1.9036849948991577,0.3375657048658583,6.5753728928704485,1
5.697928569993861,14.098748175069247,1.9467043672151658,53.324322668887184,0.16880805318265377,18.596508641308958,1.9717853264769236,0.18431026152520993,6.62229753472229,1
9.904407991528576,12.604789109615602,3.0565808124513683,46.34362186548109,0.21453772655911016,19.38386118229502,3.5045928079957345,0.29593712918154863,5.826950124918171,1
1.7501896268603871,3.132535060728779,-0.220449982063154,40.50357536386896,-0.08627385143877345,10.579484945030202,0.3058773381059126,0.2381124267512509,0.8256474975665937,0
7.950197192103059,8.260827628867723,3.106345697206458,56.63104034295033,0.2765151002484137,18.65469139475172,3.1148532862203884,0.4726491629650273,3.735317434473442,1
1.2459866098215473,3.319233534374393,0.10475362581959337,51.2171962519294,0.044269298491762796,11.201183158995091,0.10458366381602521,0.30713518290386854,0.46186819211968466,0
1.8176025478290776,3.8062557744584486,0.4587520602714916,103.28487245652683,1.0709542081598906,28.883923540820746,5.586552366188906,0.29295188412155637,1.2415080186841767,2
1.6238162479902054,3.528292672902501,-0.1469140370005018,38.12259362090088,0.0943352738600304,12.42031921940177,0.7456467130386165,0.23385205699674153,0.8554172091405337,0
2.729497975530016,3.97613720483574,0.3455209528274462,80.94976945710916,2.002078913199367,21.497075041679366,7.050502788914968,0.38186692046416004,1.9080429069686096,2
1.5803879633122668,2.9296692950716317,-0.045102880141185166,48.75415871203776,-0.008581550524350329,12.30925500957621,0.15728075674957614,0.09888423247831792,0.4866915944164383,0
1.8478706491303607,2.4808430569012203,-0.02900078436540635,34.97880629008315,0.009250721492178678,11.010777113227245,0.7436959587861096,0.24461047788086981,0.4333329120757068,0
3.627630094053651,3.560181369794675,0.28635327062829885,105.35931960879566,1.9834372245881127,30.528291448601358,7.316876669244948,0.4300933268389468,1.727605747618167,2
1.0735957666076956,2.972428007269045,0.10115514756125009,43.2533964488545,0.08316154509085047,10.637252371673068,0.10956470740517624,0.24970119632766927,0.5148745744777489,0
10.976292838620118,9.690600012563332,3.152326180017455,60.45462499759147,0.06121787651606929,21.45177049187028,3.1279897700531496,0.5341718981532253,6.940854468608187,1
9.833747954657708,8.98242939740178,2.66030164792108,51.43223697099331,0.1757583490044202,16.37567089189152,2.56996533010337,0.26823869328402555,3.3154223511245586,1
1.1456669745371801,3.2397820374560395,0.0031861757545690278,34.293784115277184,-0.04628809351888721,14.42430507459801,0.2920006753443707,0.5031954076829185,0.6669424507672186,0
10.551818004564986,10.401895466248172,3.716641381123541,56.99556674174995,0.16628896522706932,15.304702659640395,3.821828131079158,0.47598604737639255,4.808849198123033,1
1.1134287635578153,3.2464367154650255,-0.0005967430748935916,51.31526352246153,0.06753860600763234,14.345493053782066,3.0989115003011105,5.948709855452448,1.0720382996736646,3
1.2202382222548889,3.1896864263021483,0.24882141637697133,35.052354317864484,0.05882485925761117,11.227931569235594,0.4732306094459475,0.1922396640638193,0.3125950672559781,0
1.203098621738522,2.702075745112094,0.030582365318933817,28.852983889649146,-0.02273074928844261,11.153424986857738,0.8528223460896568,0.29177750143678266,0.736942187531246,0
1.166208487705293,2.6760043396648663,-0.15808329007520427,39.53784661942578,-0.07777947736019027,9.968700086004164,0.8302957608236515,0.12339107876349122,0.9643705823535685,0
3.893716438005464,4.7614130536581625,0.18144948023205265,107.94077156752996,1.699928656656037,27.10912422934452,5.63853742515045,0.2500360057176283,0.5261465465930254,2
6.730857036494823,9.845701322112358,2.845065982961003,52.09497756904383,0.07498968913880612,17.355081254346782,1.5499182079016738,0.3765948456221761,4.227862361214819,1
1.2628803365537649,3.0322774120482237,-0.13523805949671772,33.290042702363856,-0.021384641919601835,13.146340921485702,0.44792505254817216,0.1848559912859648,0.5668062808028439,0
5.682523630802297,5.088954160405301,0.3583720167835858,83.46157520519617,1.5834261510059124,24.152842139933423,7.348206101723848,0.19540186984655825,1.582362299883945,2
3.2675532595257284,2.932258132475246,0.20634982033078111,48.22377387741437,0.16462211822289627,16.7693948276145,4.819313969651489,7.560954457356518,1.2299170714405643,3
1.0404737166293476,2.5146743172579997,0.12753073889440933,36.914890179136265,-0.050045138074960645,10.721950185711353,0.9306929377946619,0.4345000213681051,0.8787665761186263,0
2.3557442882646864,3.3105097394842358,0.2096538850901255,39.11122990936302,0.17737114700183917,12.956686542497547,4.039742802344772,6.5425695446433,0.9300759205266331,3
1.4376392318282714,2.6387588021264228,-0.02027044849055256,33.19745769076238,-0.04626475952482101,11.13497993569414,0.692081284580829,0.18715857626894258,0.6998806569214705,0
1.6129879541902743,2.2552983397464383,0.0041261835064705646,38.913742417637,0.04426470303186639,14.15231574322012,0.6186448487893178,0.24671600932740417,0.5892316865119543,0
6.44629375830052,13.010621731212726,1.9261803816002399,47.309771769170666,0.12210184975322737,18.162520787430708,2.452311907265786,0.5268201220031405,6.790452111474093,1
0.7611196278572449,3.346426900253173,-0.24446823217995123,32.18093937041105,-0.07170762149059721,11.50859904119773,0.605204016265964,0.40774168885614237,0.210227963589284,0
1.4012423195020118,3.00576838183588,-0.24682644109840607,30.254583219814887,0.039280169186419155,13.860643303328883,0.7816979544363089,0.2864182224901885,0.3911486126091792,0
2.8224863245419116,3.778065782351136,0.39589293431710737,43.31621368946156,0.09283633507760422,15.303387937506097,4.3280759822292945,6.814477904877365,0.4322741938838525,3
3.164891036928361,3.563551942304537,-0.13953880225068943,45.15066623715783,-0.025790600539798973,14.432068640762363,3.876522139014002,9.496370991541927,1.1927793912322509,3
0.8673503819105866,2.7034797746871417,0.267215355923433,37.27549012764081,-0.058799335462936704,15.494712098978507,0.7008136337549997,0.3812634039162006,0.2161982555062644,0
4.722608463805138,4.691865973641972,0.29528884799758587,77.49508115277887,1.2960966070976776,29.584914257550913,3.964142981351917,0.3886651110175796,1.6375993401204485,2
1.8021334808332874,2.9150249154998007,-0.19137826403163735,36.97490717955245,-0.08743453763391647,14.527771304324105,0.528350622023001,0.23502604679958033,0.28316600351327637,0
1.8530687686699798,3.3930097445874328,0.15119603015248728,44.7944591239505,0.007067693580008934,11.84457147974819,0.376724444413746,0.49770877223275445,0.31157210038016525,0
1.798695355697934,3.2214603528228953,0.06266150254511572,43.40865732934251,0.09600463838027218,10.78646294272735,0.9786654716402164,0.3081481058809118,0.7152799028388553,0
3.007897771009042,3.4192456908481716,0.1419914723710295,42.16745292858476,0.11887162043662795,14.904502419060595,4.416336304796811,5.021407364323983,0.8654385186076758,3
5.983040737257305,6.924998438942612,3.223102551675787,46.83663126577204,0.2193386044395177,18.367418392767917,2.164605776606838,0.15828680483803764,4.602053180983989,1
1.40105490357788,3.1665450848937766,0.1362605661426427,29.248536732516833,-0.003974913904559656,11.638404418711925,0.427267838052649,0.36950241947883716,0.9394392596518252,0
2.163021822367509,4.016632386940782,0.4755581637711417,95.53339456605497,1.916883627370662,23.791290097896642,7.034311934503358,0.265508466030184,1.1380590923594114,2
1.2397751173004175,2.833119686982473,0.054128676132766784,49.938127173489775,-0.02318697307175478,12.628700679465291,0.6111881707649505,0.4056013867900474,0.6097540260860732,0
0.8466483904813645,3.300220500698938,0.2776702207066371,35.19403309665261,0.03642839787773468,10.366108873775724,0.5491657187679855,0.32974115612045846,0.32170023648495644,0
1.3920248273328562,3.31767349352926,0.2745369523749503,49.130055287929295,0.0033820764853263715,14.155949412726555,0.2896304786445372,0.17829574859008673,0.5693840332434337,0
1.7927031825604052,3.1575801562417394,0.4156165271553219,38.693026461576785,0.16621049216289674,17.43255039974418,2.7071428777566298,8.918522343191938,1.2403685199761136,3
2.0955501745473555,3.6667378605538463,-0.06625743576476777,53.354127624345175,0.08939946557373275,16.02059509336967,3.632084547776022,8.777150799227302,0.6348292540284708,3
2.860180419387861,2.999234559322434,0.13907807693115334,101.70837162941743,0.9959924947235383,30.465271945375367,3.1496449643683073,0.36508797398793885,1.4720896380236324,2
1.3547282674693804,3.6467249754215096,-0.11001887450916494,34.06922799176402,-0.06543852768346607,11.2255998945297,0.18506140282469313,0.23964668816783796,0.713339322969355,0
0.9764582897479519,2.6413396567787024,0.10966522427097289,28.68419834830811,-0.05971266039758499,11.803490586941377,0.6779879391407537,0.12112842929145894,0.43707280474801763,0
1.68521513203584,3.210958627453328,0.008042118231983277,50.42616569733076,0.03604299353359571,15.780961863243146,0.34814685918188193,0.28879740368184564,0.8550981065274287,0
1.9304031671027235,3.7567961582038776,0.16412368404688105,35.519352959010526,-0.03202618771114444,10.109085534427736,0.9014133261018615,0.3886143454012735,0.9240216299434426,0
3.2253799746067857,3.9501604618965827,0.40458100175089606,112.66453595892254,0.9831649529055146,23.252323545790404,3.2464273118737546,0.4043947643113586,1.4804891674054281,2
6.150519718106629,6.929130956602102,2.0485890027951594,44.192888694138105,0.05016731730475049,15.137974237263608,2.8131883381352782,0.5652921213678404,3.6908893249285044,1
1.5026344888657448,2.7392442690377696,-0.27274438361907066,28.671619709571704,-0.0007898344499681392,14.538369243582576,0.19770053909562715,0.29320360240484095,0.6922409116527539,0
1.2166901894853037,3.0174317270625917,0.17758177065051658,35.71771297830389,0.061895382639934514,13.619451013296782,0.5369408272309548,0.437645692033467,0.8971096811330445,0
3.3621043518433207,3.299566116135169,-0.10324103988577636,41.59927360999629,-0.023684663478446076,12.182836447539403,3.2811653904970193,3.22363818363665,1.1492385846470903,3
3.543712582482222,2.9810310019827884,0.3494019624218007,112.70708890361097,1.2735076359147617,27.910343071358398,3.2820068388612893,0.4738296011378295,1.8532137245072355,2
4.746033760540814,4.119093268838565,0.25846160182336253,84.07773324471702,0.5122338482187968,25.442675899909187,6.306903160788427,0.10831498138202969,1.6066940615110978,2
2.967019999198075,4.049132387782171,0.05640514023691656,37.42894493936337,0.07641234711509386,15.806929637187652,4.1840388361005285,3.256404831823083,0.5641134872277983,3
0.7315900794085035,3.4428423555934686,-0.1456612393257002,39.30404300847807,-0.024009829257453555,13.861057272377803,0.14247384273155547,0.13198514460159305,0.9933206687112957,0
1.5325977717526083,3.470044843495966,-0.22763944961164254,46.9542637310251,0.07328412363660587,12.90583144639006,0.7435095566536448,0.35662350280773625,0.4915935844787968,0
2.2131831503668464,5.36059513609475,0.08909346032559913,88.92879791062587,1.9296976867449314,22.28106686228828,5.338687129979809,0.5026301335489954,1.2438263540877392,2
0.5980210746873557,2.7753835901598327,-0.14158943681997854,39.69349020999606,0.07520378599856163,13.134723390530404,0.2752081027801792,0.4952844996354824,0.48163854065267053,0
2.480313526723795,4.794579301415734,0.45948976562800925,76.39774717369735,1.2724949451354355,32.00389023956046,4.918665896944338,0.11721954801361145,0.9003078516306245,2
10.227524263167414,13.303327363894976,3.7233872387487024,50.37207259940091,0.157653790481108,16.281421459257338,2.8826918224436944,0.20897900813687292,4.083801120259323,1
1.1568348955523096,2.687742859309637,0.22243413313455043,37.01810470141295,0.024536081447925552,11.555298558798444,1.005754896816884,0.23750187711157464,0.4393499082119446,0
2.0185246374480332,2.3705158041232086,0.060410481611094,35.00228029467686,-0.08362481724054023,10.95831751694616,0.41284602861131037,0.22445461230563274,0.7611291529632442,0
1.677104051305648,2.435762769355944,-0.21843232720701522,31.955239805259787,-0.08447713015222154,13.278117150670756,0.29484701080033127,0.42242879027313024,0.726645396572795,0
3.1582088983340806,3.05040939185391,-0.31576279219751185,35.714548766563276,-0.00879063216375269,15.713879540471503,4.417623873643398,9.0482816097118,1.1661238586087652,3
4.544166622116381,5.038375476704553,0.050585891581933246,96.95240753786499,1.8437220570905688,27.778082656411087,7.888889150520298,0.41178191092383803,1.8573118325831166,2
1.4674804707581928,3.4292678655700133,-0.1903467884764357,44.863738599422305,-0.04890378263286155,11.775105467580088,0.29110322366688646,0.378202525310268,0.7358785355307872,0
1.0848955659093744,2.5452585630142983,-0.07160153512554991,39.70453695505678,0.09556907120416482,10.779049873306704,0.49369381221550473,0.37315442077451383,0.4529272306460818,0
1.0434122212732875,3.545191229268637,-0.21306096058258067,36.157127536582124,-0.09865630894783141,12.608775558060628,0.588536120571026,0.26764647088011706,0.8027891620012987,0
3.919678200177688,3.11482113117694,0.19359181979944984,73.81594559596614,0.9369537170439473,25.963340641183407,6.113552814210235,0.5213016413094569,1.7846655532713416,2
0.563879291348973,3.0084607709156854,0.02836821479248182,41.898605830635226,0.023807493315196198,12.382969804385036,0.3452419465402693,0.1486035649128948,0.507881926384798,0
1.429376535544196,3.745284289880377,-0.004468242493523447,32.27231330571672,-0.09048754029061565,13.145264156450649,1.0058962124430353,0.474465194292431,0.52781906232149,0
1.883708967009316,2.382938987626815,-0.09369760783202558,51.48367250240855,0.016691563727086942,13.065539454061623,0.30336997616690875,0.410660443292725,0.2539047512843541,0
3.1154162624530057,4.080927778802676,0.31609548113219677,84.74320451461989,1.8676821864338213,31.360874603962312,4.099185249383703,0.2795435797448201,1.8315627500978475,2
2.3909761946736516,3.381358452132014,0.275251113683651,102.49221474543391,1.101346111149945,33.01289063778972,7.241024198516682,0.3509564414283855,1.369065474168488,2
3.194422883399132,3.3608336412458293,0.5158959219861895,41.44118508794926,0.07798231893678963,13.894101301829075,2.9413926307092506,8.654926559455838,0.5425519281777713,3
6.055714144502847,12.085090358576863,2.8434035194947604,57.4534036565755,0.1564513167493909,17.91576383841926,3.988610811305616,0.5290604415889123,4.4598604298663584,1
10.199524081497064,13.108760158238272,2.2111366567541966,47.59808288067274,0.1499447140414831,17.78351323620256,2.820599573134907,0.10919953017710547,5.546059090102829,1
6.949146529035379,13.10760923671101,3.151543450940551,55.26356973607011,0.14106496870905721,14.95820878102712,2.582385850366417,0.1595356834358235,4.837841950241286,1
1.9844324237718411,3.6055217024106403,-0.4165109626497518,36.26127530627953,-0.04527087556439469,13.056051055554168,2.388300384834272,5.792591624533245,1.1993803736110338,3
1.9075677580575368,3.1053775782733064,0.24389503285469502,31.871443328043803,0.02680223979090271,14.305932076251878,0.9376883689378824,0.23418039883511746,0.6141870833203147,0
0.9877674891481085,3.4677396496724877,-0.084824084451447,42.008609388946596,0.020798236724745452,14.955535966936274,0.4870365063165565,0.3908443979794143,0.929298462272531,0
5.973965061197784,14.743384665109547,3.747394842841462,50.42119790918218,0.24385758092923446,16.006043854805945,2.332445208163791,0.5363833883438601,7.033051260352452,1
1.5529359822613287,3.4305594584338586,0.2384736224943208,34.56699775936102,0.07676555409621402,13.139060694197754,0.6157442440505185,0.13466313277615416,0.6114530471235415,0
4.142729562552487,3.361314611717845,0.11251582135916811,95.19391850611561,0.9541505321309565,30.55913104747477,4.740579467378446,0.3162591003759607,1.1030733973033422,2
1.7084250554064393,2.872363592124597,-0.2838578140761332,31.771446583444384,0.03666633344902548,14.092368492455037,0.30901084768266046,0.18259566139317035,0.3882270830586685,0
0.8089378753610438,2.493287850155494,-0.24217751421697317,30.511394626742693,0.05827762891818322,11.041019557837394,0.20846244302341227,0.21645613318178733,0.23581568995564942,0
1.376833705928175,2.944109310904778,-0.2828266388271366,49.08709140605612,0.01948340158688626,14.992471036883472,0.12694287212290492,0.3208999274440118,0.8666587674269265,0
1.9977394098091343,4.958497110884051,0.35727690268408824,80.27218432008902,1.2757391758271255,28.680146490989483,4.198007150541805,0.5380015865322466,1.7118042070424306,2
3.972350203075058,4.226142846039954,0.40637919668914885,116.77152763515649,1.0375909672506078,21.80487090564356,3.4269374673834454,0.4397243953674597,0.9527196340330746,2
1.6618204057030987,3.1138663816759466,0.16054038284160188,43.96166874969941,0.16406132265691106,12.635114334443257,2.259472055147828,6.911950583923492,1.1746053289395828,3
2.4012015311505173,3.4078999844685858,-0.19466374808140663,35.15237569014073,-0.0042716148545687005,16.94078811916942,2.1134799770980948,5.95291765862435,0.6728914163610812,3
3.796771641397623,2.962420463096436,0.2630504221251429,103.0208132195496,1.0511287521172463,22.925617011412474,7.3854196767485565,0.22324938436124825,1.36232308395227,2
3.0973519539936536,5.023011304446851,0.4480116005911552,81.47409426663009,1.9989961827579765,25.53584155115171,3.8047011617237767,0.47894587303884967,0.5298353851071944,2
5.246764021140608,3.6763296298314856,0.026095598462135296,92.4568875883334,0.9828674755277403,28.12248183440266,6.016612542390481,0.37428394346093596,0.7001285352609488,2
1.6665076440646824,4.00077031936951,0.4172316178186147,50.8777092272516,0.05461313034321167,18.405248196638837,4.900038424862588,7.2487371379876855,0.6179601247594985,3
0.8748215034966361,3.1023544985007385,-0.29556304950907036,38.23626191126635,0.021028864982272407,13.518632731604493,0.8008965311641179,0.13791816422216446,0.44091461711422125,0
1.465792079592597,2.840888660936259,0.11630463579756217,37.319037457359386,-0.012706058053330643,12.128759170591461,0.7080891649224731,0.4554091911759072,0.5951095234303734,0
1.5454261080827136,2.7845781934262597,-0.11206733198505171,47.53352112013845,-0.01950325055928622,12.291744111015424,3.744278197400619,10.127866955430795,0.6948038947048573,3
1.2555826403583945,2.8437840504174887,-0.1602809000593752,47.758835884690875,0.03466096781393876,13.258166648471065,0.5467089741191389,0.36894692237986726,0.8052864335650999,0
2.2686300996091986,4.300263434768401,0.43920009233203866,72.06504258726277,0.6050438085705817,29.299320048791067,3.7819284907229025,0.20317822702786817,0.5334289259990249,2
9.256103989778845,9.10157365698471,2.6851835973178497,53.17244970202428,0.10966463016025639,19.24849420860325,3.4457387745450565,0.5730429479495681,7.441052562575199,1
1.8277061686926441,2.9598713846309233,0.09823453935225342,40.10285959055673,0.08304893242416189,14.887518339399227,0.6166840544109697,0.2828633732672528,0.3942648428492345,0
0.7900119699506446,2.9070657021447706,0.16751875229278199,48.67577221614082,0.021072706343524764,9.536637106780129,0.6570109049368168,0.4376747585737148,0.8207057086834112,0
4.205583663493287,4.264270874622684,0.3288743895475406,79.88913348335461,1.876147142315989,30.614291685986142,7.507234798302581,0.24679808393364144,1.8542179429477854,2
1.0935461032530673,3.044862113117676,-0.20873814299392449,32.26215234145484,0.07237185322107809,13.582125083488897,0.36621309524459034,0.2250380494811921,0.5762882988705471,0
1.2988574148495773,3.2475128396611157,-0.1925130542950174,36.12632344019536,0.022642150272371164,10.917739527636481,0.7396619634554323,0.31258040767850864,0.7823319626319662,0
1.5129001504594883,3.174013107032377,0.16254593992611052,42.554726007494445,0.032588508059670646,12.541197017639625,0.7920891891304737,0.4294699775878577,0.5345933728038645,0
4.759016464348953,3.2710589668585017,0.09932690423285581,80.97742808137784,0.7852093594391298,25.279730948251114,7.244929779621651,0.40050254706677957,1.2701456773322428,2
2.3805548143126893,3.1705854284172266,0.14385792987981214,50.26852935665079,0.058764339398288165,12.197164386361607,2.0454487158007426,5.264058076365979,0.6424676501444305,3
3.281785574021956,4.886992859480473,0.3924152244172526,100.5244291695358,1.4454660444833398,32.87800157607338,4.378796170585499,0.24390602440080217,0.7151794278966499,2
2.6194261839534216,4.0024870494820615,0.2558947831133968,84.55094005908023,1.4960958983720727,31.626331649521543,4.683314156096495,0.3029945130049947,1.4082837713598901,2
3.7396117231589603,4.007400525343832,0.04479157360920294,74.01745750356066,1.004922459996992,23.852359968779844,3.742007849731389,0.342521850179804,1.8227585554813113,2
10.259452015067668,11.89202476848763,2.3583381866439845,56.9209155273666,0.24978198273872715,17.16765455525682,1.8790975318236809,0.4903915011169478,5.780154601778913,1
1.5799348904480648,2.861235801320363,0.1456363675458773,42.931935611357105,0.027986756431762443,10.894402109554008,0.5672555111648125,0.22220845163663644,0.6910262413769495,0
2.969136777236688,3.8677705274503538,0.12570906262442144,100.14696988226844,1.3795274940781859,18.078179254215147,4.204071518014949,0.2746871129160114,1.2075415142560548,2
2.0018804959923564,3.6745828418022803,0.07445330109780876,37.71380274003369,0.19381675936758072,15.66596318844697,4.656375925253797,4.431111540718966,0.9577055789141313,3
1.8687482087951126,3.2190007571608765,0.05611148670976391,33.869895302678515,0.05967230360664973,12.188200578819814,0.5010396913815082,0.2012258451513046,0.5757476773613429,0
2.6581088040266097,3.61265329862043,0.2466547022219327,80.75728542465106,1.0817495629535259,27.800052148516997,7.5784238671395565,0.4483125649817919,0.7718798470637122,2
1.0774134540929488,2.499440154307413,0.06874014737072862,33.70844222095247,-0.0732436289914291,10.362295653430516,0.6980374996566274,0.29518770985010223,0.25438431488974145,0
2.5515963390598992,3.622829616133986,-0.4969181528134275,46.01895706268843,-0.03174642029759355,14.006727474439405,4.580745882386425,8.8559869927322,1.177300700683015,3
8.575642204628592,9.82773644704416,3.6236390512058705,52.57406874172927,0.20349742116620897,18.452177394939937,3.9764708660588868,0.6378586479726174,4.310173378104781,1
3.1218444296329984,2.7462081014076096,0.4694681517651627,42.28536045922713,0.08340169957211643,17.7086523137417,2.533161901777791,7.4966695949740885,0.4272781524213836,3
1.7039289126951185,3.083013420123742,0.19778963640095942,47.77564857449158,-0.059922536550517345,9.931856142716164,0.39403741479298743,0.22386744815367055,0.44143855501062806,0
1.1526947188813994,3.543591990088474,-0.18076510001810225,31.395687888539104,0.03588617148528846,13.062566612120323,0.5823665004475483,0.13760592652604314,0.4999148803859055,0
0.5463915003660255,2.933506372721192,0.06540842257448559,43.90182869373418,-0.038978940474249955,14.321243400021718,0.3238723797341716,0.1610114263249906,0.2580525866452245,0
0.5313562592854506,3.167411142379573,0.1271420885571263,41.24339222476761,-0.03198441922786901,13.883735537832496,0.2557718840106293,0.4572610994408076,0.31191460160854073,0
3.8264965519404806,4.961960381768178,0.4798558400316284,85.9023124388659,0.9184342258713732,22.590035005763912,5.532667133619096,0.28660560419678727,1.1076102184195422,2
0.8633503881207873,3.0514447525819888,0.040310096237699364,39.43575141256023,-0.029574801140330755,10.344927142189572,0.3170410651295721,0.4626450044697471,0.33067560153513287,0
1.9251825126715811,2.792592776538414,-0.28446860836092347,40.265725690245645,-0.05806019048212285,12.557258630416586,0.7757728865647247,0.22751271113352162,0.6027253472615086,0
2.1196021081462577,3.0052888369692043,-0.06291217807190237,39.96876515500254,0.006165839110900425,16.09308175438769,4.5214374365562255,3.4162001547461855,1.1020833202910434,3
7.210954012226258,15.935675229040767,1.9200959407362597,49.469974623725925,0.18738123657820382,15.023220125387898,3.5169133487696898,0.1845934988158294,4.574329381664035,1
6.203727840429972,7.764066954450744,3.20184667206583,61.180035850128455,0.09127654391482329,16.298599945585316,3.4941813468231846,0.19245660395288147,3.291078314762471,1
0.7803062182682838,3.1781468004795816,-0.08265996085592991,40.403969547699774,-0.028114128372307912,11.339043781281715,0.28716964647911936,0.28038567550256943,0.8484833951166075,0
2.0433051282306605,3.6342400998401394,0.4603290162027986,106.85511240784334,0.644228422000724,23.09661620609032,4.9931272459366145,0.14495744785836018,1.0608252947032932,2
2.0395268313780694,3.142888238210731,-0.27463790524693277,37.18384046534371,-0.014589836851919117,13.69171884101465,0.46564822416822266,0.37254731711867867,0.6515968018505078,0
4.7770235699836885,4.596023536298014,0.45755074603166185,82.57748805111859,1.2395021234520176,19.209929220393434,3.96624097123971,0.21151956721785956,1.7176964038033602,2
1.2020980845202696,2.935615472317051,0.1373942053360326,37.732634543295674,0.051369517737989596,13.230051204425633,0.31440979245191697,0.2848615220770762,0.24175357517312215,0
1.6838403261990094,2.9411540971071495,-0.2559240278307848,36.42657225987298,-0.0021846280515191037,11.788995334304028,0.922465398384183,0.21746023683662943,0.6826203798013679,0
0.5537635293166577,3.267635384335474,-0.10857516248725883,43.68634931945048,0.08838645383091953,13.116986337012897,0.6994237849219054,0.11515860079109291,0.6554419075414684,0
0.7562843721335689,2.5163444391930985,-0.24394116766773039,36.928328158405705,0.0006798683304822532,14.026539683323506,0.6934234285642674,0.386917573838069,0.33810408451092266,0
2.513556869731749,4.035921844312199,0.054663932693127484,90.39851734603613,0.7894855159844923,23.179171837482343,6.341945586462306,0.392701801009545,0.8499980491826024,2
3.593058177759253,3.713831578981227,0.3778987418604928,100.32900173691873,1.207869286576931,35.11525024154067,4.076225366129088,0.18699869952410025,1.2901912351619431,2
6.129202966592248,15.661702185711675,2.266977613462786,61.78697798385409,0.19030589460873232,18.39181580073785,3.5442661261680275,0.3422029581988685,6.666882949799067,1
0.6059255652562213,2.891052180855396,0.12069253035046208,40.93609110401905,0.004644490239501966,11.476947880103072,0.09675519651603896,0.47290229089079244,0.9464597549397717,0
12.649538212098093,14.830318950280226,2.746952511754864,48.89138621107906,0.25738171193184173,17.57287348581132,2.517300013768352,0.32350703448530005,3.7829748552349223,1
3.198905173241861,3.1937985740178396,0.2181448812946026,99.52772045282074,0.7515676356457132,20.24799583638412,3.755243598781048,0.1656777845655581,1.489815868772313,2
0.9717383073750284,2.405749768339995,0.2226024169169636,31.340720902684232,0.01112523736233424,12.235531934772458,0.35284739913131796,0.20610219226173812,0.9533727363869293,0
0.7824102169662515,2.8557049697004873,-0.025802303351535563,33.381454958479985,-0.06854864658131433,13.625328854594077,0.15887809723393032,0.42770395189570787,0.4108550020098764,0
2.5408176228772366,4.085160358431933,0.4637434768580463,48.31289530720963,0.011222965961972753,17.683221498270626,4.86506179157221,7.799173882338264,0.9197400993969866,3
0.5456688495082037,2.3838064358221462,0.20248610411563656,27.983475506214184,-0.1015855459140047,10.506044644593517,0.40265614624649904,0.3111665336792341,0.5717051488624184,0
1.5046651513393197,2.722828659398968,0.10141546812659323,37.80827081798945,-0.07801317977530754,15.312494867135735,0.7274052634813695,0.17362244932610726,0.7645563724732439,0
2.465090771774078,3.5087645331450408,0.03219880724389194,108.82656862315655,0.5058689941453866,19.833620862402007,8.212871679994599,0.3424809283003672,1.771891759446489,2
3.204957309322217,3.5806136513391342,-0.07302500115155389,40.14830870255539,-0.08157233122519854,11.460024587144236,4.794328677413196,6.502984226291916,1.362241257414432,3
0.8896994568749139,3.3293238533940124,0.07528609555400319,54.30777774511705,-0.07832677252330557,12.353719375342896,0.14283900878700204,0.33982934458074365,0.5291147681495847,0
3.9131422768649746,3.6493766798854326,0.28527299215591073,85.12580779210334,1.0962338427874276,23.97084361956918,3.816398542988245,0.3852779314861147,2.018137121269657,2
7.422200924042802,9.364569737404667,3.166539804272721,46.84825979975954,0.08566370455152726,15.182762677240463,1.853377835194318,0.23432987404522254,3.2954432652164307,1
5.831924376726825,13.244836700447788,2.4272654653965136,63.31633967322963,0.06069362708723827,18.22017317023697,3.3333199476077215,0.3698928584407463,6.643828747758658,1
2.3562194796903797,3.667418691405613,0.2569427895508242,45.041616144972785,0.13918865789530604,17.344513587314545,3.168485314650747,5.743039650970853,0.5995624567037653,3
0.6410462723040921,3.1401438826936334,-0.17269797289700273,48.27714312802155,0.1040373781399546,14.883849987523664,0.8547372342675048,0.26450438178184454,0.7443428878783126,0
9.658222308351455,12.340506613708811,2.8090813727312383,58.08537543459637,0.2077088564706301,15.489757154167595,1.8417754320137802,0.3125851105491731,6.613386679955956,1
0.9156842533558873,2.5844972664908576,-0.049002327065614984,32.041066929700904,0.07169641460072744,15.13822874178784,0.4652276882612272,0.29513345129320073,0.6501837199230674,0
7.8887689828184415,7.221182958270217,3.9989821076895797,55.28859094512399,0.27591276188250813,19.917077220726114,1.9905344721444003,0.5879319988742925,4.964772390024318,1
1.111897001256133,2.733130675458691,0.04143712826899666,38.887639301261125,0.07658966495838392,15.158802304896849,0.1498491616477672,0.4169447553525565,0.5325369550930363,0
1.0961799718627756,3.286023331196061,0.04942201580942772,48.06426718296394,-0.04915279743686493,15.35293887143515,0.7920877344299277,0.3768075920137721,0.6910478457084076,0
1.256984415572241,2.6246740322745836,0.2635937567128821,45.61882861149341,0.07130826321922228,11.480566914738286,0.5576945382832681,0.4228393319963662,0.4365557368247452,0
0.8337053166934222,3.056564307151878,0.20656376427350903,43.36050725256034,0.1037317788981084,13.058152228621042,1.0313252321848363,0.17496865710532464,0.5483360953136055,0
1.9087794777708451,2.6329093710668268,0.2994778437527588,52.39738456764023,0.04420216040978591,12.922911028352951,0.684210181731003,0.38136986740723006,0.3312081868240269,0
1.2959732371252963,2.9384309601059937,0.002511424625406011,46.75385598127113,0.0021982461131349455,13.853135838382142,0.3400729664664333,0.4570163561395032,0.43949105952967116,0
3.386074331366293,3.224915058253043,0.19755731394149667,85.41973090300138,1.7794148231979643,35.23585704165493,8.018472520172585,0.48936794342027173,1.5728109919157742,2
6.212670576441145,7.528848038022504,2.138991041163046,59.60248637929952,0.21055039876009016,19.083650274781,3.2849483466625653,0.51185743655896,6.617534133019992,1
0.5471922953228163,2.8558822974759672,0.29518417959397625,41.08000386706653,0.06066949888548243,10.925537867431437,0.6757343872467358,0.4177922286736804,0.5305422247720184,0
4.118971503928301,3.01117676948891,0.4540527596818297,93.04174521228754,1.3455414341912375,24.943775939310264,7.225371351558527,0.18611869779322932,0.9217282847982975,2
2.9113520523935232,3.788613652027332,0.2836590145499246,77.22374213763788,1.5401271198554494,26.71239434867986,4.792182092143264,0.17510767450586298,0.7045609399761156,2
1.6712128292747157,2.629311050349487,-0.0870334591039209,47.70723240268107,-0.05603396843509651,13.43860108231777,0.4065482098440041,0.18206913494069468,0.2612999423752936,0
1.7998464562749528,3.137038033550207,-0.0906616054075215,50.92111361081748,-0.08232806943956106,11.681457974790233,0.3816954161771638,0.37463534467169696,0.6330871668187252,0
0.7757754618470173,2.9579633596307424,-0.1862647475749131,35.573502413254026,-0.024842584446570472,12.812245003898072,0.9590993174413365,0.4726451397854889,0.22614765403813303,0
6.446040972750189,7.848228968029877,2.09344090137207,49.389095653588654,0.14248185837311578,15.626969111456138,3.102813492411635,0.470927194859427,3.7525494874936856,1
10.850819141353801,9.898933564189402,1.960356803660749,53.07321743429463,0.279201320458645,18.16972220700869,1.5459204727855664,0.5189312053237475,8.158397855150472,1
2.0879673209695184,2.5933237614961944,-0.030731142451461156,47.68681412632201,0.04938193926282269,12.207642836452406,0.8470902739364955,0.1916137176314176,0.6065919858678468,0
10.422426788059465,12.29590170972322,3.0062661393341217,66.07437682257695,0.1500547600053149,17.01231184022169,2.950535153290339,0.4986881193103102,4.421966285427966,1
2.272395402161906,3.0328501104684085,-0.11547760709768906,38.56042771822327,0.14677440460050536,14.016390933695808,4.60848787798866,7.815002712247194,0.96204457688062,3
8.986412308695435,6.082233193096116,1.7166137428294725,42.82110920027001,0.08588953575842732,15.740398978702197,1.7697150412891598,0.4024097920382646,7.291015263440911,1
0.6941056814558246,3.4681060620030637,0.0012717106874212546,45.33509842384493,-0.0583521523020868,11.03834796524592,0.14997375394588314,0.11929189984554953,0.8773846605364309,0
0.9154761444126204,2.882218738730415,-0.27003454230772744,49.292510622144626,-0.0311964944588877,13.00444079026824,0.8133705104784988,0.22289444089975935,0.336342143302761,0
0.626451682271045,2.5969901882236694,0.003921191452446879,31.92074977802374,-0.10112268028247692,13.540788994639101,0.5576517879621657,0.41795652353507967,0.5992654038290763,0
0.7255075902273554,2.436690253597523,0.21602646039500356,41.41054085487732,-0.04072590821524343,10.971702439147672,0.668386156342427,0.35311366433876845,0.5591162256076153,0
6.86278906570197,14.871228885873837,3.057858424533667,53.17597771292569,0.07156914452653486,18.29934719349428,3.7881035636485443,0.12039672510000998,5.736563966598546,1
7.510856123067354,6.152119258583074,2.726902378780713,68.13490612860481,0.0952354665120064,14.114863036871862,3.7238659803058836,0.47908697620317287,4.350849860949421,1
1.704239312311278,2.7664478051054773,0.07041665487174964,47.27828556266554,-0.02821979249418267,10.975465443662024,0.9168088793496648,0.13248989199523303,0.7767826144943895,0
3.83113955338231,4.198963715846781,0.43390677130423994,70.30892980703902,0.9283999186441783,23.474218138496035,5.743011309067027,0.11644070480698768,0.7298949270863525,2
1.545531245390798,3.4499099036995333,0.28593099242451153,43.83906324713142,0.05579014983248685,16.405678222745678,4.82647221045384,8.982292739283455,0.3805099181856588,3
0.8766863321214117,3.0725153932542884,-0.04564739112556444,36.03739454210528,0.021014699602780927,12.350125516597867,0.9111308244713566,0.27517860669260724,0.5935684796194539,0
11.714066838304992,12.915409633260598,3.276316134364006,46.74627017158322,0.30509931168045623,14.6108210794695,1.5974209839123792,0.17759618833911922,5.106076456695821,1
1.9609759548675718,2.794684295607213,-0.21309846609448369,46.081678995403195,-0.05910250537436379,10.85037773546374,0.4192157011571307,0.40155929025936593,0.9350230631429411,0
1.0829832129150099,2.4213669484514155,0.23272748897445605,40.047706224859105,-0.02589045502217956,11.622755093288585,0.7052886459463799,0.24345813535686758,0.8240244941743439,0
4.427238394270459,4.473680194498866,0.11584822498919592,88.51247756760802,0.7210817949644658,21.90873343047689,3.971414879219611,0.2943607261848744,1.2497354927275648,2
1.012014941784185,3.4371217307180975,0.0024403189347416,30.81068226280935,-0.07592535621322904,13.365612492004617,0.6183256526956739,0.24716822386636275,0.5208983272377268,0
1.4620569829116936,2.5155799182018064,-0.02761293906272653,46.70141921082888,0.09262668450710738,14.29994129911151,0.7259650333018143,0.17171903748690667,0.2600274538738953,0
8.131306743622726,9.536802004242716,1.7033650876720146,57.01378022305224,0.10063767423889469,19.507622177296035,3.228006623572811,0.5649142793409784,3.569368726475911,1
0.5184131850222148,2.825032657580379,0.07380984148725782,51.03669612305021,0.06317037930799572,11.882637013372308,0.5575260381723047,0.18355858010132903,0.3472673261305617,0
0.599406124271078,2.707262019056869,-0.19537913302138493,48.182409899429864,-0.00202403328724968,12.52040841224685,0.7883154417075307,0.13939854751690345,0.6753510578713913,0
1.423076028229436,2.9387124243790814,-0.05003693502327133,43.01217020725361,-0.10152064007409883,13.879902129119857,4.611142543835529,3.285994375383861,0.9297621126150737,3
8.209963392427017,13.668492004325767,3.6263538578309618,58.532483381323196,0.08560348356437096,19.10230983265507,2.503539431989475,0.2637501355757414,6.740835559342943,1
1.2304791941052526,3.7043238538245085,0.00984233154942769,44.7883126166873,-0.081539466931704,13.08942637228845,0.9621031928801139,0.29811690960773385,0.58377665401222,0
1.3059991098156232,2.8053881951869446,-0.27796537724292986,31.49792828234465,-0.062392037147986995,10.634187302090806,0.8389129584592208,0.23033352868062826,0.688779856900796,0
1.666308305668105,3.4517115525988675,0.15725483170028656,49.94684564856678,-0.09491208400424983,15.964679988507383,0.2181663904372547,0.3357598100951005,0.6867482795810621,0
1.3536678106024367,3.6119796232196584,-0.16752727683133592,46.962732137545984,0.062115678065401025,15.520065298989909,0.432541018817164,0.352997119032651,0.6374831209384141,0
1.5942795753494505,2.4222623379220294,-0.17162343464888904,34.37539837920845,0.06265770021336207,13.292988983431464,0.8633739002796367,0.42983232578326985,0.6989902268569699,0
8.592286682481337,10.421524237470857,2.934366169493807,59.46327874408344,0.28880715509213656,16.55666442962477,2.535232321200696,0.12717277392648807,4.504489534626197,1
7.755999894793691,12.253635281687515,2.3306302342860006,60.42901061393991,0.18438652104778266,15.6387342084022,2.248678161667402,0.21135839405939658,8.494903348908311,1
5.393543793548747,6.916555538690867,3.8099048594080713,55.83284150033632,0.08010542357581721,15.093106786917375,2.8286525467936228,0.4459022322970014,3.005262818068953,1
1.8404431838983668,2.7924718460900997,-0.22962900012026016,46.24715717352491,-0.09706955316090035,11.365863993407212,0.9491850365401729,0.1314115716950857,0.2508437799156915,0
1.25109272205277,3.3687142586074175,0.3367229163865624,55.42393050132689,0.0752875132525675,15.746589289068924,3.130421656517322,8.139838228411454,0.8687234745006747,3
3.622614758439182,3.979297889008962,-0.16686044029428085,43.116801327676384,0.08682897201876474,13.624027149628663,4.826191824590961,6.622412296962172,1.048711724101496,3
1.759873885957405,3.0115372709143466,0.23721653627577477,46.52690899798446,-0.03382162724314271,9.883950988079116,0.3401251859604822,0.2694424323373222,0.512699031113207,0
1.662712101420121,3.1351996218598783,-0.04843637314633258,37.412414215935456,-0.06061969935347486,10.935159896804066,0.5628440098722772,0.47345418439482495,0.6933028884835425,0
9.89796311191898,6.419281432015451,3.7261104890291374,68.41444373056785,0.19778530725198926,16.690383089415867,2.472705146095869,0.6005680504330139,8.216864301364408,1
7.628522700146788,8.651565328727001,3.833028974882621,47.67723384880338,0.1988694835045464,17.706480757470704,2.729255840775579,0.1152399446847912,6.916816588624749,1
0.9669137788947764,2.997974499553123,-0.234774198338321,51.85273930836561,0.03385783292245565,12.378873245073123,0.12265416551428396,0.27190079126850136,0.3249003780447549,0
1.3362732118567422,2.9551660243541535,0.13081898835029637,48.09844751198988,0.05393015772771739,11.857832570632937,0.20988743378971594,0.3320727662327657,0.4379676611165385,0
0.6812924504456451,3.2836864430084787,-0.025149170770018055,35.11000896770407,0.0153956072236789,13.135015077877698,0.4882738591096296,0.3435792448040225,0.7077713402156608,0
2.5655205786152924,3.4760157100913687,-0.0033915976530638162,35.954500774616,-0.08410668259859463,13.354507077148611,4.837565066517611,6.660707279092455,1.0962968865186737,3
2.424799595302621,3.244261016412247,-0.16190280216831485,48.16421486035241,-0.10228818663243244,16.697115526379438,2.66262640831125,4.826493464706656,0.3724189612560127,3
2.377067195461239,4.070425228112079,0.4966202183570672,85.52934055871917,1.3999205689604757,25.48389913521756,3.4352271183989775,0.19280621396908373,0.7881041683722699,2
1.1788692013775697,2.6541249350906404,-0.14805371552747867,40.285246489150836,-0.006435220865413623,11.28397592415722,0.6041279025895168,0.42476843700391737,0.8987177785616721,0
7.533006594428716,8.306771910704281,3.09651227620374,70.11448550232794,0.2761894055714576,17.49807697963848,2.896538532702869,0.46741981590698767,3.8798608712456684,1
2.365472810036145,3.884217849526685,0.101574545729538,38.32346541701074,0.026568943930319267,15.62157142655077,2.3088865148462854,6.2389793725129135,0.33746232686567745,3
10.154660610470584,9.615985058987265,2.806480736270486,55.49307068702692,0.13021761172275823,17.353672610474128,3.4672448976711934,0.12578095119773444,5.840868539365749,1
0.559780300161992,2.619698077982438,0.11964788999105895,47.987046271173156,-0.039610775476032575,15.349576044122777,0.5058595764674395,0.39158807347065794,0.6028044626321865,0
2.1984686716665953,3.7988095684413694,0.2830910753830749,46.507855155144696,0.07102255808810763,12.03260011821101,2.391507437890918,6.135661476182854,0.5997908754717642,3
1.1911913584326466,3.1735123334203834,0.14024492080078527,33.539399514171194,0.02301043190104789,14.008718126098852,0.5396873689943981,0.44191433099378513,0.5390250830163049,0
1.177034749184788,3.306642765125737,0.0795335522848872,34.803617863175404,0.02470728875828563,11.931811515298604,0.6378421989417287,0.14586021974779478,0.8716891423768377,0
3.1365542744273918,2.7699513584545175,-0.23371949506117148,41.87746210404028,0.16425399981060607,15.155270111147725,2.536622486031888,8.045797050985913,1.2613409632652317,3
1.8508870319658943,2.7555201074604776,-0.267342131678082,37.98836458129607,0.049599187302594445,16.196070579279365,0.7493922116464655,0.39050433178213007,0.6789185177016817,0
0.9337165394654122,3.1373654696065003,0.19650211150516064,40.32944299715644,-0.036020221055898444,12.40885843330608,0.26484339155457615,0.3004089864999684,0.7256967716480552,0
3.39599643484132,2.9639042448435027,0.03188236302903579,36.33037862470521,-0.009187873622170092,10.854515001793546,2.320762441469451,7.381399744351792,0.61206494642127,3
8.498933197782657,15.773758756685396,2.0992762109948715,44.112794700154026,0.10489029357087003,14.880518755097468,2.682364987753681,0.15775395850956575,3.6270648868679367,1
3.0826992002900977,3.5281679771743937,0.3621963794496783,55.805150653090344,-0.03228318797468944,11.966619638387439,2.8603769705150293,8.354603039627749,0.6328241466024492,3
2.0720502203305116,3.3850778848775867,0.22596677767142262,34.23930765649059,-0.018948167116448242,11.978972045121141,0.6155491195658179,0.15991895133166406,0.7073968799657466,0
3.260353912268674,3.531391663778432,-0.03499733265555669,50.94557167749108,-0.08789102418822556,14.48709291711482,4.199739670048626,4.739035194245705,0.5758200623600316,3
7.856258257380029,12.168378422062098,3.3827831888057984,57.006044689012676,0.06655976860962466,18.435679573736667,2.1123826671260244,0.4562615166702325,2.9645180741340793,1
1.3532004978038235,3.0344422329040173,0.26211180583008387,42.225117810372794,0.07329385476852784,10.05044614337527,0.15432872983580143,0.353606898612528,0.19557205011567314,0
2.5997031453068664,4.1142093183193635,0.011847197957592629,80.96157184318412,1.0684946305491831,34.20813946278064,4.532973996628483,0.3168864236310171,1.6514203427473708,2
1.3444097846939131,3.058877388965643,0.05346887208078267,33.43267770488279,0.0380376524079261,13.303132877008434,0.3528980847021702,0.17818976704553344,0.4619851585082246,0
1.4569245377729307,3.366650738090216,-0.18651016847195445,40.82839015016383,0.029532508519935385,15.123462772523604,2.6596515385905333,4.01834093757354,0.4397359326367357,3
8.282148954368669,11.302103241148247,3.696282005150674,49.71464984309863,0.13408834693872437,19.419869272209958,2.761355219762633,0.1203319480786588,7.517896434234615,1
4.782275568140555,4.22097364114627,0.40575072428641096,81.70264308309436,1.8167628518629442,30.96385088073346,5.770119310427921,0.13643645166706733,1.195759276608881,2
0.5729359208120417,2.667548711360385,-0.04225286755272564,42.65738665236868,-0.04504701835228852,9.593109459992762,0.513685780618432,0.4015377456616347,0.631661934430081,0
1.6224946267682072,2.337041613404213,-0.2114970372489803,38.29894388107758,-0.013463927017648248,9.889789784932555,0.19795932510222203,0.3659539983181144,0.6739793250305929,0
1.4245277955298317,3.317211700243855,-0.11928527355060269,50.77020098009778,0.1427478175803763,12.954916382022104,1.9812774229962122,9.07795800407891,1.6039849306917797,3
0.9264568035244751,2.8719882101582805,0.11756948831293174,42.077867471732084,-0.07150069371805902,9.682983480391258,1.0177294306163018,0.41981876234962606,1.0465976384640723,0
1.824486758378228,3.674691401708335,-0.3885265715450663,52.12602720813833,0.06746414112218554,17.466326059645322,4.091465422906454,2.9360447708610367,0.29740462792738653,3
0.871373097553164,2.9758886828588844,0.2118559025799436,50.98396510806844,1.2277268737837853e-05,11.94469467231711,0.9282048958864428,0.20324325176375085,0.6912317791220931,0
9.87866446595419,11.749862645272218,3.207804106385565,63.284035613804384,0.28641515020685243,17.00346930657463,3.2026505885227294,0.37614694293044076,7.5480011592723635,1
3.0924148472624053,4.200712908073727,0.039125409662014866,77.88891937434424,1.0079843066844718,25.91269692688652,5.279044915244326,0.43799101232514026,1.0261354800929796,2
1.9138388245825646,3.2428943828264507,0.5120894647646221,49.939926298255315,0.05320711792921223,14.312823159318242,3.0714239798329452,7.517310688099431,0.3498371926950022,3
8.063334580973526,7.932789267352922,3.641997799579486,66.50944482589671,0.08752359664617458,15.86430182199057,3.710699871628691,0.2575063334759314,5.972985423056944,1
1.646361822611276,2.9039854055884904,-0.11940721345381339,45.005993440775086,0.08182470267551266,12.866534172999094,0.15615247391582676,0.4980458884654424,0.8608889330152713,0
5.016488597017414,4.443465906259967,0.25481287488974536,94.98914762241668,1.8303390031661355,32.71529508110502,6.9022632679340585,0.43372824392696896,0.60013890469222,2
1.619939635940251,2.984462710056332,0.19654290027073482,49.14291514795097,-0.053061080007543775,14.367060807113996,0.23428561931067962,0.2578334657952564,0.23981092995115344,0
1.650529747815944,3.219140781344738,-0.03764826133867441,36.30016218097058,-0.08806549821099026,15.486167879306674,0.16771141808184079,0.23282683422102415,0.40486476820506273,0
0.6021036148851895,2.6177006087107033,0.1921869669456553,45.48317214520278,0.08173587033869494,14.099367724007482,0.49216661377574694,0.18148748166523354,0.8136820722655177,0
0.6726783106194089,2.9139681005307807,-0.23913323949414766,42.87305795660572,0.009277639723023213,14.607418932943615,0.2659463820139898,0.33414180573671887,0.41585426698016886,0
2.0779443815484453,2.6819477454054095,0.20252982350715829,44.05694977090494,-0.07955256305763504,10.52472045545243,0.7540719645947029,0.24118565559958133,0.2495608067574193,0
1.293395188544875,3.208489880054716,0.024144116162696183,41.071827955440746,-0.04782976812612826,11.758890009001759,0.10975960762017362,0.3803474920880005,0.2623409308683982,0
2.9804235507763015,3.700169267670927,0.22635254202988972,55.427808548308874,-0.04326533606211423,16.616480063373924,4.039658036538307,9.304801216353567,0.6947549723825808,3
0.831289721134059,3.5477209376037835,-0.11635000698688591,42.59389681307329,0.010694358256512968,13.989511282369417,0.8464028993964977,0.4390201119157934,0.540797925465055,0
1.3982419544919815,3.2982766144110807,0.16579008672697979,40.47166341199185,-0.06401409893961099,14.733267400879091,0.205380752264843,0.342593630758418,0.8063626603152662,0
1.5084888090598476,3.3001900843149374,-0.2687984127476533,37.26252379845099,0.0627263480709375,14.333652022393853,0.8817400602394195,0.11789118348668816,0.988999965981229,0
0.602547251475547,3.1427046463137085,-0.2859895962156723,42.158011758693924,-0.09790056166956831,15.333373512978227,0.929467121048583,0.49117874224077335,0.840150853522196,0
0.9304227536685792,3.2965440943557276,-0.07463216375510956,38.30622862684143,0.10138564062140072,12.897646644636888,0.25998090291117204,0.3183555115263947,0.7797187149354681,0
1.0086949726771581,3.3720473391256673,0.2424669094755346,37.350905499635054,-0.06901203738368747,15.874233320364636,0.4233499199413578,0.107504124993189,0.7163485569415128,0
1.4331791476398328,2.8141607811478293,-0.30046422051559496,44.85287081279028,-0.033669949792196986,12.280844065794467,0.6611996556558112,0.36871847537779245,0.6118238845016578,0
4.641339394330239,3.9130510640232283,0.27464694893458114,109.19395859696313,1.8687231389488779,34.86461670492475,6.937509880156597,0.23193354611120268,0.5662751882217937,2
2.230534784316585,2.913986479360761,-0.04725420745498002,54.04480377491366,-0.06338600364198245,11.99447513444196,3.703378600945336,3.4719005441999826,1.0751599315024376,3
1.4209089688753844,2.9912503262464814,0.05749796934775274,35.74940689315359,-0.08086970308125138,12.66465351898239,0.2945746830932699,0.36364029816761967,0.7212928029970062,0
10.222353082910086,12.097253097753288,3.1917430117033874,51.143246715999204,0.11195574714359705,14.721134815099113,3.2356449201013886,0.405425022200521,6.022663361225669,1
1.0833636204518937,2.77132886377448,-0.18770364588982758,27.96183461021098,0.02776807565354381,12.371053824688202,0.8628640922872968,0.17050900017344808,0.8652534171978612,0
2.017280361796298,2.7615564625970865,0.07827949719685254,50.96343959287937,-0.028381934758460924,14.18696768698567,3.182114422532639,7.165925979303617,0.8775050719790826,3
3.008838801424965,3.746072874146333,0.1633451967613165,96.8107202686715,1.263909109030922,23.578065742523265,4.718407205580445,0.19379847233083874,1.6896863808807432,2
5.30568456922363,8.725143824737707,2.1541011157395835,52.27514418624574,0.07470763067008347,18.216223147006993,3.991985146107955,0.43171185208996654,7.252163767027027,1
1.3072002139842647,2.96373984665441,-0.19637215100276956,32.25561988966521,-0.03299860977450262,13.143102740151175,0.45337521018234517,0.23578125572668535,0.39170754413727876,0
3.7872452300070765,4.172697513135571,0.08790530744953498,112.15332463853439,1.0537997317048553,30.414874337307726,7.192904323288072,0.335913718959659,0.5286069007146549,2
2.2820765826528793,3.687185714159339,0.42698695181909374,40.77674460331723,0.09501550587414012,12.54202048714967,2.825222064837922,2.9062926469316586,0.41227199389252256,3
3.6666567303917175,4.893229206731352,0.2810214974456802,80.63070406609314,0.821220795989734,29.12077117856146,7.171299275173068,0.11184711009504597,1.8908203456095858,2
2.1828843919384924,3.0497321788058294,-0.3589564599447483,51.01591458805744,-0.031354181268340005,16.23233797875453,4.451471709161231,8.048235033079878,1.169320887311723,3
2.4573998458200164,2.9949083990170124,0.5238841779068002,103.1446364777721,1.612171391462389,19.67605178704803,2.899935264410645,0.1821038460995133,1.9613613275376587,2
7.345331017459678,14.730554775674284,1.5564189844918652,60.09735374394109,0.18099135642298889,15.277723231324801,2.2087539572379655,0.3331732376911796,3.737595789853591,1
5.900975998699504,6.997832880463983,1.857698330821251,49.88007704222776,0.05398536872358334,18.947273708184472,1.5923394839789264,0.4951961433933251,7.361432588904212,1
2.3976622938446375,3.709767555814671,0.3450290463913637,52.51550332382993,-0.06327229468650152,17.266885839777938,4.1292719420414485,7.704105574900294,0.5442099832055354,3
5.118181774339534,13.765056269381084,1.9052329561052226,44.33508098092097,0.06297739265100324,14.664592708518533,2.4231561431021165,0.5589854079045434,5.597274538844967,1
0.9223896338067769,3.3783060805567975,-0.15708409931363101,49.92006293902641,-0.10206544190750351,12.225015086583578,0.14825547576814532,0.4301409432911846,0.797088795797191,0
1.3608411133096445,2.79022214010644,-0.09810758044604839,42.808416523140366,-0.0784810194463816,13.690701175648961,0.5795021660196821,0.2645668507947787,0.911002084977576,0
1.673895951804616,2.636531132325657,-0.10641581581808729,47.11483920694217,0.00044439236829638996,11.251034170674014,0.20724155053607538,0.4281246303118175,0.842642593968892,0
1.2947101359492363,2.502283625739496,-0.23957241302774282,32.3613860706854,0.026326850929940946,11.097461018192307,0.5554605400277118,0.3517800365816918,0.45589801051840023,0
1.8537374726058895,3.7779865417179312,0.015326304218068824,46.22157248787439,-0.06446976400616203,11.963535175849,0.33840464525287506,0.16892012589719368,0.6211101025936253,0
1.0218975686591092,3.0831900296920254,-0.06807158428748218,36.62244659067555,0.02383841736611239,13.583737403057148,0.7159344519700426,0.19261826852757172,0.6564923853939048,0
3.5611726890112902,2.620785078118162,-0.3897433451263837,41.59213127053155,0.05161367098082906,18.262823751176423,2.594110923602026,4.547766862560116,0.6282839094179222,3
1.0358794173553771,3.1200576574316994,0.10090978079623524,47.78894323555229,-0.05745436155890816,13.220470950675843,0.12344850010698384,0.3230521042373372,0.6175857004624785,0
1.4741506921169352,2.4873638330792063,-0.19913203145262962,46.55845284672225,-0.008785977227182409,14.724970540760037,0.631896794666553,0.20894706161913762,0.6276925486864209,0
6.31951242027823,10.298110790845564,1.6278666487734057,49.824533523302286,0.06684414211171812,15.581129223342895,2.3616332994627736,0.4888485242006245,4.9727402580343405,1
3.150048617126607,3.3754120315017353,0.4972998262517426,46.68550535173936,0.013472610718954087,16.78112154527976,5.064843448088237,9.775906377653953,0.7647529611099897,3
4.748864761515249,6.812980343874691,3.934888901591984,48.219535323209875,0.12922271007128833,18.974507004105153,3.319735296723074,0.36131905681199333,7.093917421788936,1
1.469364337986895,2.667906884659689,-0.04394604886046094,30.41325420768534,0.08712966397218806,10.757162838832288,0.260858860244365,0.4743609259432992,0.9347471493479294,0
1.359737731539165,3.3692873298514305,0.010206635812759263,37.0975850955778,0.16693848648297643,12.700362830057085,3.220252865881672,6.362631707783925,0.5914187008812963,3
2.6936625771960276,3.607317612328142,0.21404603254976093,115.43815097991319,1.2539465019175609,31.57739202377497,6.206163095514797,0.4272401564389986,1.2219552491093837,2
1.27875753491586,3.224468686005908,-0.003860602920331937,41.76942924448191,0.1354242144928701,13.77094137614845,4.23315428182704,7.38721181050643,1.3288031079351021,3
1.3492060071167244,3.5960623080359033,0.19757799151289993,36.192122965103515,0.048969310031931945,13.558790261202413,0.8517421990369309,0.10959055794495678,0.278707714840499,0
5.094529861301914,9.28967118676521,3.3538817311039892,62.425545793375235,0.05226881718225664,15.938632741637763,2.018442546651585,0.23331536596705724,3.9706259796802676,1
1.1191678669966791,2.4390278581396823,0.2952954096880533,42.62125017734688,0.09386345037948524,11.840549147826382,0.1794808873042073,0.20646268631142997,0.9174562833534627,0
1.1728120548374619,2.769052822375788,-0.06838567016134138,37.72562075376294,0.06506650976377072,12.799543473931394,0.16410607038546324,0.49075872849587804,0.8010604782961654,0
1.2176463360810512,3.1828156144633817,0.19603659604952584,39.0067703824181,-0.019195333424239645,10.812072105625306,0.8458071218309628,0.28277075937855545,0.3389047439534891,0
1.5586626851768048,3.7063255818122953,0.2145412298591294,38.60611569297627,-0.0668411239279382,13.54477770878539,0.44176572552327353,0.5199628951140944,0.5993322349321947,0
0.8340429633998128,2.7700468219254035,0.11999860856287667,33.26089754243768,0.021447327774435435,11.958608094956935,0.34427719939346163,0.23426169525981771,0.8032921734020154,0
2.470956158521154,4.498569491357989,0.12976471142618032,99.20639445106492,0.8664250935110661,26.9141189967204,4.036674555016521,0.4212311520559448,1.5114660493691479,2
2.9813675602966114,3.2968399591835316,0.30071574513431315,81.78082453134621,0.6106125574624056,23.038879740011758,5.193987723210019,0.27985919211483257,1.5177528679452734,2
0.9113501779523984,3.2067060704019137,0.21461550658876424,48.411248203407226,0.04148684166861089,14.817661041926998,0.23824952463831256,0.3808395142382954,0.3354803901282348,0
11.449232853617778,11.49115649681723,3.604769264989778,58.121932042736354,0.2958624844354201,15.239807678456595,3.4413626468295337,0.329832566115059,4.047845535249087,1
5.376504456396052,9.233214782059603,4.015276709189057,48.387571863203036,0.134241466264131,17.382575451074594,1.8648500672874315,0.5828804994056866,8.369350174117505,1
1.4361723306815586,2.806635148025279,-0.097531048412133,48.66386966517386,-0.07675462164306504,11.42700446841716,0.5889034686895063,0.383667244028014,0.8899132976303816,0
4.016507507929778,4.059148678581963,0.3526527757899459,109.14514646289963,0.8912585405337137,20.800802492256626,5.44385367851913,0.45142274040986,1.268685207808808,2
1.8823429194281236,2.718194817629981,0.21546633643200896,52.00516653066986,0.08613946016952559,14.468945825630382,2.611886294886791,8.277174584714428,1.0456986709549323,3
0.7226288334118147,2.5763905515137604,0.041047751037783964,36.10494649420955,0.006355458154067556,14.087276293278004,0.2731971166514982,0.31896355947279686,0.9003273910017524,0
1.9467631791661388,3.5399450898773486,0.2649742579696738,45.77251686431519,0.013593733544948864,10.187164661280798,0.8443942307399865,0.3699818275527419,0.45920595328906544,0
6.220662062928956,8.637827776581483,1.645622179729834,60.66659554419092,0.1960274878209388,19.54955938685393,3.2865673288344954,0.3292431651796293,4.727115033304952,1
1.1664620644896835,2.6897286715005575,0.032794174346962225,29.989216867535326,0.09284179385799234,13.645212003836225,0.4090005086100922,0.24560150342498518,0.6741433821694487,0
1.5084652706943753,2.47449857747728,-0.15168069426925515,35.120943843186765,-0.035702133084387,12.1992368585637,0.985139195275811,0.3372389993144699,0.23787881425250695,0
0.922061927126334,3.129370622239406,-0.06983354499655334,49.34356807783586,-0.03403326831515094,11.798290163416567,0.9618368801372053,0.34993729860549694,0.8938896148775395,0
0.6689192838671508,3.272812950950071,0.13730322973739725,33.07312403939632,0.06500631508094884,10.196470848085287,0.40045622921360124,0.41362572161423516,0.6935466444926783,0
0.8653670980782512,2.4765566857745296,0.21543869853008712,47.088190818821914,-0.09261100435793976,12.638887588288558,0.6223797801547065,0.100984022018317,0.2438710522659064,0
10.324344915665916,6.565118282985035,2.701194902127209,50.19013654546519,0.07005877369259174,16.60248646082511,1.6453629391760953,0.5003501146241266,3.0342365150629376,1
9.057245198471024,12.136483374279326,3.257980617458641,53.68106665949122,0.3004343411323196,12.92181105597012,2.413523037350535,0.38824384335034273,7.836870652954903,1
1.877694523157071,2.64312739197388,0.22938374168128273,47.18081358507452,0.060481420727627536,10.849631533750191,0.6439016224002576,0.2688899206998338,0.6525970360645894,0
1.1119318009145323,2.3077958078853307,-0.2555118960059479,41.72239450315256,0.052576408795642515,13.6941793783916,0.9408049216502297,0.40355124308565393,0.42114618539292487,0
0.9413560526940721,3.2789648840519625,-0.21148141409165166,44.710928502930685,-0.07370484853893716,10.779624613629595,0.5456231563027107,0.13313369429911162,0.30629598669670816,0
3.739142090071151,2.9649951872659512,0.03479949773173559,36.71764214118186,0.06860394263085773,13.578542526849855,2.1702694560104705,8.717413503715495,1.3127433577403609,3
8.605155851012636,12.780837640854777,2.244242930342576,55.885198866143035,0.1309807796940466,19.386049710283594,3.2691456186934498,0.4359966382248902,4.314466704040353,1
9.45035242882928,6.191278140134461,3.28792571453944,61.16024834164864,0.25515915549039303,18.771047143139665,2.2516915613945665,0.22034243494401823,6.082015507024162,1
6.401656159629512,12.575091863442799,2.4374941125611715,68.59728904439832,0.23001724814781283,16.54552347896882,3.176063903539348,0.5428548048993438,7.198850111010932,1
1.2124073401086886,3.5440012369466007,0.05634660879017945,51.860447166752834,0.024081863871727352,11.643768343534363,0.7368972195606576,0.2137153710451358,0.9688829712279059,0
2.943968854011101,4.238264835467858,0.1500591713086206,53.79788569984549,0.12508525810551716,14.547780229370753,2.8125926050301655,5.77692112899747,0.3918323224874431,3
0.7326791884973332,2.5833686212637756,-0.1522108496349601,37.54085140597432,-0.0591801768976327,13.352330497952934,0.5871725859845565,0.1553685535014589,0.5051437282351661,0
1.9626797505185702,3.4298993480267828,0.2800504797162606,39.341004082254734,0.17349868196634477,15.834358462464767,3.221829422019146,7.971949757364877,0.8848439651032627,3
1.3659545959656076,2.945066383795928,0.10744123250458792,35.581435437818904,-0.02856904284280947,14.112072465002653,0.6243243292399069,0.44386041097913775,0.7945282163780019,0
1.70559885874548,3.311558086962879,0.23777653920903666,31.630281694410545,0.058661379613013244,10.118029200947028,0.15255452510892617,0.5012763102513381,0.9815530835325749,0
1.020002680746357,2.9622493001197583,0.15794752037397028,42.661755078202965,0.005974112976669601,14.198491271892735,0.2677779623114968,0.27379606087435593,0.5555505930334083,0
8.593407120546681,6.878540678182527,3.112906698544736,55.317147276675094,0.2208971495263783,14.589857044809854,2.8811045771628834,0.5639813345300235,7.443764429022894,1
1.833632463879979,2.810042462601583,-0.018993342274533264,46.15219472701853,0.017155028998198815,13.379144444124053,0.22256949953198016,0.12244453386087406,0.703791554385527,0
0.9828545402743006,3.797674030850729,0.11406802347587547,48.60557808107869,0.037631041425073286,12.87322100496324,0.7373111642676359,0.3500002786973343,0.6349168747857838,0
2.4778664919567412,3.6217374376131013,-0.2462806029131695,42.47534134693572,-0.03765359687745285,13.633394207793392,3.4431153544015034,9.071821603777268,0.48825359876111046,3
3.100117291619674,4.133337181744087,0.13268413910509666,55.46057117247874,0.05900932218667013,12.423875375801794,2.3159274753567125,8.850357813956744,1.3992347815984036,3
0.6392033923423434,3.2959610463990625,-0.18518290775105886,46.97571425636747,0.06024650037971951,13.702361020834207,0.8384861623823084,0.3154710132917513,0.7008190016842949,0
1.6158087059624935,3.2840406481426405,0.26371799866714213,37.40614148228478,0.0075555982583024005,14.968456143560962,0.12726072233701996,0.32919383001491265,0.3985697938617658,0
9.360631715028285,10.805914977754899,3.4521098369672156,52.58410325553214,0.20967500972438183,16.238173007606026,1.7043759939124827,0.12491444546678364,5.1261046262720456,1
1.157604331273066,3.0637759234102715,-0.15065725103755875,29.285754279075473,0.02215457147892065,15.242336404045565,0.5685125015275581,0.4190836867123107,0.5149880851042172,0
2.3934685004475793,2.5057101620792865,-0.24925725178364977,38.046400005352766,-0.024562277387136122,15.658767737915031,2.8560218590470248,9.239455798009828,0.8429409264945903,3
0.7239635948186686,2.6880179223543696,-0.08984734258557767,45.78769204622118,-0.03470664205458554,10.897883914238227,0.3986276594718526,0.12990066001337247,0.3108802588042392,0
1.5106273779174675,2.876904140380171,0.2865601330492574,31.889834600406054,-0.04456155616356725,13.089483719717043,0.46186713298562,0.10066723112956265,0.8158322001113371,0
1.3678615374547536,2.842242661095319,-0.05538004979913433,28.43094473519324,0.09184832522246217,12.219036209652273,0.8853798438785522,0.10870300298361596,0.7174050781917941,0
1.2038778026994479,2.9363651236681063,-0.25646091867731635,46.53352082790931,0.08750914922984539,14.970050692243504,0.8292743027662058,0.13300926478541458,0.23300966086973063,0
0.6717737011090564,2.7890078824790576,-0.2252225844331691,42.763294947728355,-0.060643078137678226,14.490843801128204,0.5200279034286232,0.25604055488163135,0.8347437235789231,0
1.8660641334459542,2.4265640999580214,-0.2534670669081476,33.1024346960488,0.06814848532261313,12.004076033894057,0.9657314810389693,0.3641560516117035,0.8234506300879096,0
1.1333318376195145,2.614422343070277,-0.05161755079005212,44.16855517440026,0.0642510169374456,14.365668375662596,0.8540967765652306,0.4232410588604765,0.5258813665104206,0
4.075192516949386,3.997472293942273,0.4978994327137394,100.24886472668582,1.534121125411231,29.670500318050863,3.99509886755367,0.23152929811330797,1.5718709129896837,2
0.8219546192842937,2.468959071810197,-0.12833954223561583,43.32400621182581,-0.08292882144621481,10.334650227032954,0.18455826318391183,0.36506660186601614,0.4397465466918327,0
0.501836932892589,2.677609146765502,0.11610551631195709,29.427082118662632,0.03377667817160984,14.110632231842033,0.6169126629401928,0.2996154135154489,0.7011973023836583,0
7.020924422075776,8.745026728696287,3.5824490316551945,54.82428671266223,0.15845675630317008,12.55477147966394,3.874550379383492,0.6310717913105398,6.7128658822133,1
1.6536142929439555,2.810886904154465,-0.22308416902453254,39.09090998982773,-0.05916593461913562,13.728918604116448,0.24692705447421195,0.10231496007614828,0.29063298281068495,0
1.777620533508509,3.7199059578175904,-0.0759767319458615,50.65713465351114,0.04233610301152001,13.841802573514427,0.34461616798807554,0.28825358573462706,0.3752342810488511,0
1.3129797120084503,3.488839916777821,0.24258938956667275,33.02448184498927,0.054558706280754446,14.447195823784877,0.5658145257824587,0.30190587857312623,0.5400781569286267,0
2.6309659617236427,2.8619075184626888,-0.1939950402820637,39.673397137926905,0.06224052924569783,15.0113828545045,5.214576042581758,6.646627639679173,0.8488261154183259,3
0.8481680442657777,2.516049510188424,0.010477055564673661,43.88577071026603,-0.06479090629575061,12.690816920446649,0.5083189513761546,0.23742281694172565,0.7063750494427696,0
3.6447520894924454,3.889873472582542,0.0390516220460523,87.6703235912592,1.9118210071320816,22.129635255748692,5.166348807437607,0.4568882897914554,0.9921203997373755,2
1.666116090585888,3.122713861336993,-0.19383836436277024,35.59717961568348,-0.00846379084192367,10.609292231532336,0.5350364122363961,0.28675927308501803,0.8955337916156836,0
1.191679606003671,2.590324648237368,0.1893489367886459,34.221220364424305,-0.033984824989037786,13.750069818491822,0.49908044795217826,0.3994188385092106,0.7438707648531627,0
1.0359185321773574,2.7728408064201844,-0.03991795509595995,35.586095863007635,0.06988296449439116,12.076973932498943,0.8741085691414037,0.23158518819465834,0.7369991080417939,0
0.5096337454957134,3.5002462755630463,-0.059562637450519665,33.15256315771078,-0.07186067023677638,13.549349973808805,0.707483699909322,0.24461773554200608,0.517443452774143,0
0.5969730423186171,3.4312973106725275,0.12472991437731042,48.81737101889625,-0.08349600758902416,14.755700479104183,0.5172626532847404,0.43548451173094976,0.25161888955971545,0
0.7371100246681003,2.5346199627473203,-0.21950959206153906,40.207767357329324,0.07468188367106236,13.344668551148413,0.2740676427871423,0.11943371360776435,0.49272665847367053,0
0.5964292163704166,3.1080477172122603,0.1859386553533087,32.74744700215682,0.022786975815547596,11.9666961089993,0.5376595258297594,0.1178257818012421,0.903253379377642,0
3.1472652184092027,3.6174416388594444,-0.09739639047544636,40.50862050150017,-0.01262739263724481,17.221221282427848,2.844048123679588,9.593572609147213,1.460914517117126,3
1.2951578040829237,2.8164312509624954,0.20701647963683706,34.27913288529828,0.012892445041465323,11.378078923141663,0.7278305905553945,0.4315653414644442,0.9066206009722128,0
2.7249704606143643,3.959034733969668,0.3141180548838544,90.19320075668753,0.9474377207584198,23.766830734034002,4.700145137648762,0.4556517160408385,0.9449512066701775,2
1.587682448596121,2.718425390294893,-0.3255966890440297,49.34591593286841,0.07737685356992163,13.857986264903323,2.6524193440077743,4.2684587821816455,1.000915233179572,3
0.7476146160847055,2.820719837568381,-0.1747317244543438,47.6313420055174,-0.07652839999225192,12.953583900953422,0.9709132070553007,0.27765770418987185,0.6493310911572887,0
1.3240723442877411,2.8988736416439984,-0.17971824344210352,47.18897040888684,0.09565004550351615,12.0882644195936,0.20431663995904023,0.2310165352607343,0.8732764898260227,0
2.0101802705564267,2.7228230753193774,0.28583466220097564,39.92258360704648,-0.01712873859780588,14.283874575395076,0.894658232988095,0.48537289811599116,0.865948971359806,0
1.0391864055152735,2.7204146262156166,-0.008904593405824184,48.5884167945828,0.1329008985677392,17.263131897115837,3.2647433906320464,5.4199467437375235,0.9247934498381485,3
3.618029367950141,4.430462077554079,0.038743908522795203,90.47017125275943,1.7108108571327214,29.702796263422773,4.80812435598364,0.46797454882409034,0.6419963324532804,2
4.801455822151478,4.540626712575537,0.3913703967486696,98.25077137023061,0.7054081764960849,32.87537767309849,3.3991267267919127,0.49463509997017435,1.1204539208592257,2
1.3224637262476489,2.5088930099256426,0.06631927899693359,47.808001551953375,0.07981935862052847,13.53897756985559,0.9681571849797578,0.10096611170526915,0.21087024311817348,0
1.1029088854275715,2.823329763298404,-0.10817398650869088,34.799200724493126,-0.04302327209525468,13.284543813822333,0.4326685438021439,0.436123115529136,1.0044933847461537,0
1.5884206637086764,2.8984648237527537,0.13379452574737608,56.2329788865203,0.06121412995520092,16.388233669498042,3.3227316950419232,5.075412169897716,1.4414239117136018,3
1.0813992908822878,3.0519562845160992,0.015516734629687525,31.089609568501476,0.007877892021380574,12.316642046601624,0.3651369780219183,0.2413553153612515,0.8748792711945227,0
1.3148128282299332,2.8147635439745753,-0.1913012913102093,39.093190719596535,-0.00044349243622149906,12.822275289391772,0.8465997069892994,0.3701730039303589,0.6174026770943996,0
3.1336230841865036,3.9601104894470724,0.4770639632484528,97.02859062335594,0.7294492519124537,32.52816760096155,6.316683651555389,0.25659084814524746,0.8297166890733206,2
0.6464739248936802,2.5542143475866332,0.11900609371671725,41.466258214561606,0.043257224220323215,12.504185017913798,0.6677807921131678,0.26383994386387705,0.19002904767986648,0
2.4441038575760823,3.8223328252320248,0.25560493515860433,44.136492038985,-0.03361277795635439,15.663110247051986,2.636294849898208,4.307787682274924,1.0821638583965123,3
3.1756068628418714,3.3391378425645963,-0.32929467806744694,41.80243660648587,0.02046741313549526,16.519042227070546,2.6216423386898646,5.822007163905518,0.9842418169577035,3
3.820970224617069,4.854610166290138,0.1635605164054571,88.21067441541022,1.0249430647222602,36.10602228849106,7.619679287406388,0.3798073564028265,0.5809191515781873,2
2.021664069777786,3.112536335991226,0.03913064301952575,36.41532999869106,0.032362178935133754,15.546088553392552,3.791599195211287,5.5821562628724015,0.9128701335712119,3
2.0599098783119296,2.52350397142958,-0.3151413603221489,46.99056092625737,0.009144668423529963,14.317020502005196,0.13178827245599045,0.13475448263711187,0.8255310569820901,0
4.593981005664193,4.629049326387735,0.49052519699416913,94.9778094488886,1.138601320323112,22.476440793062345,6.36119324290845,0.43550301208419506,0.7975494730071511,2
1.9818784910347207,3.8295391592479824,0.09880511623439532,51.57259502725482,-0.032702825924364375,14.192226865021574,4.354437576690942,8.117650075499176,0.6744728984610812,3
2.4711342527628197,3.206781312071064,-0.25305253255213717,37.851832941708814,0.009263983875503104,16.351953486112127,4.681064141642939,4.417151103692173,1.2139874338680243,3
1.877730808466123,3.32796267933188,0.12117316755246105,37.57618148594,-0.03772803237403429,13.90578650365315,0.9114586547873057,0.24306932263623623,0.8916238432854312,0
1.4084662828104466,2.641721774507172,-0.15231099463133513,47.65103823659251,0.0026812845249785263,11.602905344494307,0.3677990213662869,0.352650531450691,0.4807912473065713,0
1.2830307252947806,3.9758582147290116,-0.4008315245096864,35.751087454878416,-0.09192496947206245,18.039476570575616,4.773108855557404,8.47224060182517,0.48837721061344963,3
4.248893187220743,4.916111224407839,0.4256578326140044,82.17661367100062,1.3177252048028105,23.495319319306496,3.4066346910859253,0.36879748576420085,1.335703004917357,2
0.8316485546324839,3.6568307817284493,0.025915312053814706,46.76386578642612,-0.0630255014917789,9.781746181333816,0.12517351349254088,0.11512870040563397,0.5420284629924575,0
2.3401657941304954,4.192288693676488,0.46820092350474274,101.94423099340213,0.7913548732396756,19.534193813521544,3.828602898302157,0.16476914350332372,2.0984365058879124,2
1.5970591248461896,2.760561111904974,-0.3372392257279965,45.231236218373006,0.19102209294902664,17.756412970602206,2.365425140392519,5.598581520072445,1.0960809091741979,3
1.6168096012012356,2.929149257886441,0.16313545487899253,34.098760423765256,-0.06398259771577418,12.09870207152155,0.5038601955400998,0.11509933649787427,0.18388510238997408,0
2.3156438502265284,3.163971095396736,0.422931282413362,107.94931528617302,1.7731880214480507,25.706931083994327,5.591563314709472,0.31581771772423317,0.6236831560318657,2
0.9710901079382999,3.234847274856622,0.1270301631276297,39.27723812661037,0.08103299115075742,14.786213017691527,1.0065438559771402,0.22545489436865732,0.6667526380345017,0
7.230163009264951,10.779105377143484,2.042459122562607,56.713986467395955,0.09357494624530192,16.59818036976366,2.5195029408258143,0.15625944707171377,3.702640860212157,1
1.9951175016787048,2.6402238706451935,-0.2345252367672346,48.381443828261936,-0.0021770704063982876,10.862711162320442,0.5394453846800817,0.49963255243126015,0.26702191546147136,0
7.972880889166463,6.685269384656962,3.5400061080037277,53.958973662188136,0.14977355592684566,15.70722686943314,2.722940016254505,0.2578870279348845,7.765559763388643,1
4.743357979899227,4.330767606498756,0.2837345284955977,91.12801742147856,1.658260906085959,31.47769798554038,6.5516571423714165,0.44144905646470356,1.9661000512933147,2
1.3483016745340555,2.5706902421727453,-0.1820185907870453,33.348832627307644,-0.01996322484639769,13.2194255229454,0.990866262498757,0.4193021418517338,0.7973543214687958,0
2.2481086574563567,3.2180989694232194,0.21562307722765983,91.69529652596303,1.6749087250492312,22.98134861456315,5.231098822593614,0.3707119888197404,1.97709633747782,2
1.2853168649743205,3.1690158248859657,-0.2833598592805873,34.82224097442751,-0.03591733104599097,14.60489974315715,0.39912429807114724,0.11904447928717173,0.33824075534115466,0
2.876364738501331,3.0190500266368225,-0.2586749860183,35.97717696940966,-0.014953779772491077,14.243639718178521,3.3050366795423556,3.9387010539772334,0.5454304778600675,3
9.453275232706952,8.403577570566553,3.5455587185992985,59.46131940444979,0.27943036513022007,15.246214847648908,2.509457791536205,0.36374890672330107,7.187811408572125,1
8.336401855730085,10.920173675896985,1.4952664093102896,55.15332749127414,0.05464501780915338,16.957872066393413,3.3412670043400396,0.17887315791400613,5.770181959800957,1
1.823077640071492,2.551428875841623,-0.2265381706465855,44.58846535280569,0.02828754470586946,14.30672415788923,0.9762448556563457,0.4574879166008544,0.5697716094828474,0
1.3688266942153384,3.3195985647975745,-0.25291430637577916,45.58276222621477,0.07042791316735421,9.788118618422962,0.908246429677393,0.41603903739824694,0.45495386461624643,0
10.667213594998902,9.749390811696626,2.0654723378365367,43.94481721663191,0.19526243714629474,18.798917180490385,1.9158523534602776,0.6145018880470408,5.973303322239748,1
11.70716588851322,6.511953567140732,2.142960759081069,61.84620285960331,0.29334796338873437,14.06542051050565,1.776570242312546,0.34984392952620286,8.212199719142195,1
5.539702913183645,7.839993938173879,3.623604838590135,58.23821937396618,0.13703363608427738,18.100369700455712,2.352892091801131,0.2805579859184011,7.38729961684739,1
0.8681521268231004,3.4190767110622713,0.20506475636913538,49.764699526855495,0.050246126748027045,14.100581915575177,0.3658257843736028,0.2681067531125078,0.3927287025035964,0
2.0603982826416765,4.382008515718656,0.25492799122102994,79.68378638935728,0.7299113035450109,28.4932240943621,6.868241339990534,0.4461132248782066,0.999193246066058,2
11.180606246416508,6.246924748195667,1.9988673620536195,56.93283288829851,0.1814941967670565,16.9809763294836,3.3775303794090465,0.514313386148159,3.538305598212801,1
10.756048319682153,10.64482237337352,1.7579230708971472,62.67012717614221,0.276399081597977,20.294097446704495,2.0336830843850646,0.4521803724980438,3.501389595098019,1
2.925473756600199,3.996364071216569,0.385560960405378,99.59567208242098,0.6780269511038604,31.847664908966813,4.568505998494926,0.14490271132433036,1.209083438194642,2
8.639275023417552,9.25368365889682,1.5949228814484426,56.390215960283946,0.3011769380027767,17.97725251766924,3.7109100298268936,0.4487704531605159,5.804677830688837,1
0.5338686798199476,3.15252264004227,-0.08801555997964555,32.703624380305186,-0.04585367860494445,14.726827002445651,0.9934626037804146,0.22549505034056655,0.6733784267325332,0
5.979977226226217,15.167240276107199,3.1689555429118714,60.92417865372497,0.2931662543072607,15.854070095566906,4.109078118434598,0.41008086458586523,3.173140171202239,1
1.1288068017621384,3.510379837556684,0.29978989626245905,44.95612078961952,-0.09120692158668608,15.623411805696747,4.5991547450330925,10.073320664839633,1.0307869980254387,3
1.078256000321243,2.744674029111413,0.17197596193413936,50.476191808199744,-0.024616869834547698,13.12114202755311,0.6869217716563777,0.3515905349382945,0.9215009187527041,0
2.550509667202958,3.544978785779717,0.21163642504531557,86.49700641343017,0.9452354267290716,26.5035801881581,8.086792282938788,0.2754674587443859,1.499868262285266,2
8.168523309101305,7.560942163054761,3.599148348856953,56.38358049024514,0.14039455703468937,14.759151608799149,2.774655794033782,0.4442498639953937,3.6406565305596716,1
4.523954262726022,4.970589330087743,0.4535312837793247,84.6752094975175,0.8002099457072096,25.88898681190885,4.689779132878516,0.21654877894149116,0.8080480119297795,2
0.7687301964675401,3.136507151474571,-0.09424862808418794,31.86172861863743,0.010605198433928788,13.643743942045601,0.27986027419230647,0.1877389902356243,0.5484901684087999,0
1.9230427497780924,2.7469813311509785,-0.08439918113823877,47.95385254554219,-0.09462250308730086,11.818223453509866,0.9545358955892335,0.14447038694850656,0.2536187131855798,0
0.5227032266733573,3.430124541318861,-0.05164103118780908,41.28681597448812,0.002982732911049967,12.316762357332044,0.1767262392674938,0.2832957803914686,1.0039581928832029,0
1.8627244249630477,3.517191753494327,-0.0018019589284837777,33.42459157908477,0.0450888621162949,14.145463877308018,0.4380004807057626,0.152032524065992,0.8258903683683354,0
7.288865061718891,14.287974283737505,3.4582828721701295,47.65935939116059,0.24955408380915986,18.413403504351677,2.8584993521964437,0.49763426619847495,4.282859503369053,1
1.6864307303916566,3.4800964748055865,-0.29720377081112437,33.41217068764106,0.16990945455087159,12.697263555725014,4.905659648690779,7.9738268931481535,1.2150673023231469,3
1.3962358264196173,3.2904228827662663,0.11642176030174314,41.20207320189534,-0.0035692930108219664,10.853179563404508,0.4414877410922017,0.22959020652393558,0.7223123929184657,0
2.538928914859715,3.7187565149842814,0.010141120437599141,48.20029857683262,-0.07571610603553242,14.107716909439239,4.8960101910301255,5.758704655949943,0.8580666375466913,3
1.7192055200213123,2.6957049346929476,-0.10567409030814492,44.27152463913314,0.031668824185885444,14.051683106578036,0.615626304509553,0.2580664678647735,0.739863935064484,0
0.7018666805561009,2.4052433748957283,0.16973062918942786,31.686598637054647,-0.06644146205503113,11.624137357553908,0.1643901042802192,0.28498880889842065,0.5071432434514335,0
1.089814933335388,2.8227435685532702,-0.27288362039684005,40.28647535325485,0.031051935851313498,15.241898741635234,0.2770286399019254,0.12700454316362184,0.5352806296698066,0
1.2885577422655126,3.1144231829579616,-0.2637529540341993,46.97009124160552,0.08112868440252546,16.2015094692226,0.8098936649048828,0.14913879150021345,0.6008318192870146,0
1.4874086431688502,3.460150792380513,-0.24626229751539447,32.66387485895793,-0.046600560694360804,14.85305904931581,0.5847416520765596,0.31773575251696945,0.6156604414996266,0
8.747349135762532,9.853435381644314,1.5411004675406426,49.11090540521039,0.2776510587337874,18.936001254217672,2.6197817026761245,0.5996474604607381,3.458798775256146,1
4.05556622033359,3.193454572583186,0.044193019689758854,109.11371789392271,1.3227629428953993,27.09749843659557,3.2011323097509794,0.1053542500934834,1.9896023002918821,2
3.0685266772719864,2.661810853395035,0.349599322946717,55.628730117448605,0.006341040360904903,13.574765683190646,2.9884904745468264,9.905863215722409,0.4435363409189817,3
5.911512543188851,7.083198006160517,3.1687101869064276,63.179028413276455,0.22944438386471444,19.391914634482443,2.3426514483245278,0.389857052069825,7.649440555196443,1
2.6933653906874997,3.0491242694986638,0.44638044025851614,89.01170891178452,1.8519378847167902,33.84209755108143,6.63004878697674,0.47709059814489363,0.7925640224243061,2
1.3074317056963685,2.6857360868931184,0.17466067398267962,43.16920206659482,0.05957035513827882,10.471840029495537,0.6717346924682507,0.23768236841019674,0.566366390212615,0
0.7360407297842214,3.0697940938796218,-0.2786301980969517,43.56722705592945,-0.054330708195669444,12.916980359506601,0.3902450677647966,0.24508952731461636,0.6386948911155331,0
1.7930374721619633,2.8572038246634097,0.0856445848938436,39.979362266366515,0.01690870528009131,11.251244351475764,0.44982844133439764,0.33869801529028054,0.5835271325886255,0
3.0315370094420335,3.3666136501210238,-0.104647542890223,49.539413932907216,0.111995586357832,17.02308847656635,3.497126358558064,3.853635571063979,0.3130848185888663,3
1.2689575900440402,3.0226145422325317,-0.1593604776091462,39.20586188711766,0.07917681048781651,11.323798292495809,0.3632687981162233,0.13097521794960648,0.3102085832002177,0
1.8651672936837365,2.7886610234146305,-0.20267011789854067,28.731459943951485,-0.09767338078695133,13.076030638881049,0.38790464257204543,0.43251588743613895,0.34552974606693865,0
2.8837229099898907,4.856288751234181,0.13867599805787303,93.72146034790102,2.022807334780131,26.75510511574419,4.286269159734087,0.29596794937016924,0.6087042864151053,2
4.7343339232464,13.646179773459966,2.6056645594486816,52.43567164702324,0.17767173989385981,19.667501106849496,3.2362199229811552,0.44261303556877185,5.78725463484817,1
0.7929371909279558,2.7596561512217868,-0.2285879155926669,31.326113218188183,-0.0010002675698969731,12.32312928318428,0.503681922630966,0.34805172751029684,0.7739374288053401,0
4.977924511212522,3.9199852266021935,0.35692663669108426,91.08833969559879,1.5494578769102565,23.276869918398567,7.411460369384876,0.11100035389607131,1.3849180544576027,2
1.002522035025675,2.7787189788226936,-0.06414464166420927,43.805606203028304,0.16922848984213804,16.055621611378385,4.678387994639326,6.446453352632405,0.42530096462510836,3
6.365682368948275,14.391397074475034,3.4581023401723856,50.993392091854204,0.2114568562385831,21.435460298357295,2.3605758902477048,0.145791634368895,4.656496666510125,1
10.801081313984009,14.073054923343964,2.927055743767205,49.853789197592135,0.11833966981086852,17.8809306243132,3.407264701740238,0.48645389174023546,7.214931800454975,1
11.90512155887775,8.851390777935661,2.9977110394345106,63.734873876172664,0.0959984765394855,18.459880752874486,4.374572119982532,0.11176119115016035,3.9852759862857927,1
1.3416029157301,2.8635966416456275,-0.2482452451674203,43.16561129768186,0.025510866444335534,16.042128755466493,0.34960457060281336,0.16765582242998167,0.3515654303418318,0
1.259042285324131,2.6097646700154087,-0.15621653017474255,37.893580118469856,-0.036843771261530954,14.036143903342525,0.45897089956971876,0.34772991483675164,0.8111767128364924,0
1.2266908694974339,2.951621485312156,0.24524512630441833,33.42052902557757,0.01259512888901706,11.152231426435147,0.8203527856485988,0.37390967502213057,0.8043050237654382,0
0.8342694469606615,3.2205886267235306,0.09190659797656758,35.58862853845184,-0.044141509692222115,14.68458023467857,0.6968616690495741,0.3477459465987938,0.2879989273098153,0
0.5646957282205594,2.82516229342258,-0.1719740344332073,29.600341806920845,-0.01950795178264733,10.86091743119805,0.47206376985166687,0.4555204293184793,0.20207105128435265,0
1.4719466563278891,2.557649744265029,0.24820991222595407,31.95880422476101,0.07753512265948122,13.817915811317597,0.27371190088725483,0.24167950090341572,0.4955241786266548,0
5.366598530851756,14.73438571286782,1.690421724312011,58.19033688654193,0.06823617219480306,19.865939682864465,3.0611525648977347,0.5520152987606315,7.841147518690813,1
1.5426546838763708,2.658309266070305,-0.059844786246674275,43.80230192791202,-0.10077920365881073,10.005568763590484,0.8782346863402392,0.202506002472256,0.6005157305780159,0
0.904357204948558,3.5834295721573253,-0.23913907187958391,42.76012778344577,0.0366746439141395,15.449936398344864,0.8292234232175171,0.27483302796564996,0.218051132668126,0
1.8498148805327876,2.759009217220542,0.005958346149921158,46.655169627445304,-0.004839064575404358,12.82702573043748,0.6217144036904759,0.2721888789886582,0.8301945707440609,0
0.8669175026412059,3.395432698844012,-0.20116999271174021,36.72061575332927,0.053213862683925806,14.282883121774068,0.48388395173206,0.45121989313956484,0.7955454149210613,0
1.07694006008428,2.977923756303707,-0.2729055854910784,45.04328353430814,0.002647213914611546,11.769619935701435,1.0682981471623278,0.3116430126195538,0.48305573401227364,0
1.0836341482963454,2.6475028741835,-0.2559611710829274,39.25595828379764,0.08462938499532634,10.982442765910944,0.8092448922346583,0.41837862149502597,0.6896085746722557,0
1.8127711584893662,3.507231752717841,-0.275944667826172,34.18569641078237,0.03926140450045817,13.82584240927894,0.20118363817065388,0.2859163442557833,0.4302158239283088,0
1.3913238661377894,2.570746040347681,0.08263702203308505,43.407058688700566,0.025510417060571337,10.625231466652602,0.8977207286931013,0.17832689023310813,0.76770949736907,0
1.0617350755513613,2.912404738484953,-0.1771448205718246,47.158606576634625,-0.09241016010185638,12.483097135865165,0.4351931419794747,0.14557761029212993,0.6885617805906898,0
0.8186365283040549,3.1628632503053606,0.036299650405614704,31.49598434016317,-0.011278585358450234,15.402171218082241,0.25862457835579084,0.15884814805378575,0.89678357192792,0
1.4927689721343365,3.459723535104307,0.2584428627284529,48.00923553291501,-0.09757938011362922,12.610866680623879,4.728428077357092,7.891745357313817,1.1539735882333217,3
1.9959553153024199,3.5221861444519407,0.18457772005291082,42.432152746518376,-0.08119534034224,13.384971202878496,0.4979593507480212,0.11012721623737817,1.0302956164256156,0
11.41404453125692,6.023769856694561,4.075326987453526,45.50127893223711,0.13032514213787424,19.091937534726203,3.1430341600292926,0.5705286980867252,5.750984800901121,1
2.5864725954378067,4.089149211946784,0.13871251665997175,97.24991694278765,1.2964224520743264,23.540400019034088,4.7430493655418635,0.18830839659219728,1.5961630044749944,2
1.0350480898327887,2.819447732388298,-0.3043880768929495,44.43307656369986,-0.07777615375404694,10.310042599999584,0.5791670339961144,0.3235108116118363,0.8428578805757002,0
2.0537107656874323,4.738363960928078,0.11675648652222839,97.45924290550823,0.9595702555677934,26.427208118465476,3.67768201984648,0.17151271667933143,0.8246952420270478,2
1.503793652647758,3.1209595586845493,-0.19690502310442656,37.79024241854432,0.052078296637445315,12.63476767326083,0.9533486028813248,0.21722033076026298,0.7620802829273625,0
3.561483118673711,4.257263522998009,0.2026240565948029,76.75202544774929,1.3831172439664468,27.174829169418,6.747080417005422,0.18171787199871536,1.7954635579456744,2
9.194204011589733,11.640073002907407,2.207732785309041,53.84520631755885,0.1401573383537736,13.708164536554802,2.799142307151503,0.3579982336293551,5.832850561195135,1
1.8249492697583627,3.02135217022873,0.1528804137040683,32.330347712233255,-0.03836572318744031,11.750394374992213,0.3181740085944804,0.3770420586390146,0.6435925745826783,0
1.1998065724779985,2.9859307956822945,0.15843706071601424,38.389230064664154,-0.0020053824623767758,11.82684234332089,0.12632967510106902,0.23209117415956987,0.43902264459354734,0
0.9525703440578089,3.2068934258044575,-0.24752831504724337,41.92930375684893,0.08691760634490361,13.808088742738406,0.158177682678931,0.18441370132552973,0.6049423583617513,0
1.6315595376278138,2.7665049840057527,0.24394653063765706,37.467675528825374,-0.04429075439653423,14.399189555036834,0.5068928998683192,0.21328061550818508,0.9339682876591134,0
1.564214682459006,2.5845782155743455,0.25639632978779353,40.69192597309036,-0.05529239124534968,16.14243983728299,0.2896577170533426,0.4629389584374619,0.4241467928825391,0
3.4660007041483887,4.297084161730324,0.45050420503843225,83.03362235466295,1.112837819565102,24.831505713143994,3.977108107292619,0.34029103913980796,0.9802293840873334,2
3.589253911041662,4.343304069190781,0.24974602866833262,96.4902447649473,0.4892310490886485,22.669878541946872,4.496774352133951,0.45872721790336957,1.0322617666808611,2
1.8043405144931501,2.376696075461876,0.24394962896733988,43.941265010230765,-0.06348335075528046,11.764545719957944,1.0044841078914162,0.4634535300399837,0.31814820475892763,0
1.1963964056302376,2.699758470977287,0.19277874501710213,41.976042669809026,0.024571207127282998,13.97762570361813,0.8803246072717227,0.24565456262240812,0.3421333192520505,0
1.4588249220951388,2.9843722486932673,-0.1269865342864452,33.598097428023316,0.0036762806737242323,11.096177144560201,0.4453423373094336,0.22728459854614494,0.4175663641036755,0
1.359569110957433,2.9048433535166667,-0.09523517445031139,30.113340224280012,0.08898361158626562,11.780075344823736,0.21802936084920607,0.4950905479743925,0.772708621654666,0
1.8107234262895517,2.62228948304864,0.025959278039965013,41.11516197370901,0.0004954747098320006,10.776553646429832,0.7309027656805467,0.41299112200466537,0.44779331555975693,0
0.683057978202063,3.026013179099526,0.10879197880479535,39.22704577201569,-0.08757426953628307,13.483457221760723,0.5748516420682581,0.44549555612584313,0.5589572711307648,0
1.9131122434666223,3.2937245421664767,0.3015571636013866,41.60115691427013,0.04944457185887684,15.602321288206562,1.919648797752033,9.234570750243552,1.3742389420325605,3
1.9117607869020399,2.9746809161117107,-0.037111185491003576,33.67069169467485,0.022066021982983696,12.372004894106954,0.8140063240997271,0.2087342138393247,0.295195147538182,0
1.4843283268693832,2.855133805026429,0.09541923706621108,51.616209539714944,0.050621759577440056,12.385460394048085,0.92911606928432,0.16169329849349615,0.6484472017915494,0
5.51145746459587,13.660652292370514,2.325331172587533,58.461886900311406,0.2545925075467121,15.299740899983522,3.879702326598358,0.5245068984810382,3.4185916181315554,1
1.7725466455108276,2.764706479194305,-0.13651736958478602,29.5893965229043,-0.023584823671553328,13.00504929091364,0.8716317546611069,0.11223015036031543,0.28207570423280126,0
2.577053496289961,3.678641286960141,-0.1252539879020049,45.948247234809806,0.031053626244119767,12.47203485627504,3.332045403078311,4.655581852549719,0.8306144506325539,3
0.932920996749696,3.3739986265556055,-0.20471650990318185,41.259728624564715,0.05428811973699838,14.30158530753219,0.8989620924303475,0.37864781590868307,0.28461262776389595,0
3.1906857472761785,4.7018095662601,0.4526570622920393,74.36332515148138,0.7028240932578658,30.86044279595451,4.478816852207893,0.2571434689399372,1.6876401729027795,2
1.9853321831856041,3.408556107762601,0.1526953396773197,42.956811841659125,0.013166775103233481,15.46253565202926,3.149175411605984,4.647783420387626,1.3587330952348766,3
9.687383737136326,6.835109615690624,2.667325059153515,49.36419903846288,0.1275571398931477,16.317042260065076,2.406504091597028,0.3102651057300401,5.864845480404444,1
6.684753590818321,7.160543286060232,2.388548944544533,61.25279614194997,0.09940484093162047,18.701476044813997,3.488534678539948,0.33185188120181536,6.860502310865791,1
1.875063721913389,3.5839600675403003,0.2762181272902842,39.53040824065043,-0.012710517803527353,13.756467625409178,0.3863717932226537,0.46146900448728523,0.2620034197671147,0
3.579578913336648,3.858733953416885,-0.008259207452877206,48.641677279127755,-0.03670425610576241,15.192875158015974,3.8529152400596365,8.238393341967686,1.1915603788086895,3
1.8434317268091234,2.349651352125749,0.02064558292967988,43.744267346133434,-0.09048923076560417,12.159544326648833,0.9119860081692861,0.20834085008540118,0.24209302893365187,0
5.085815635697718,5.095063192155529,0.08948969816211064,74.9009467185695,1.7403138140643635,26.877226621949053,6.487046431444649,0.3924389479568907,1.4165763729395138,2
1.316678665327968,2.6479352071640294,0.15752346531305336,43.70840971702435,0.03137885598926032,10.852150090955679,0.5659089133337268,0.2534792948947923,0.7035745998390823,0
0.8822366715244103,2.4933565468719876,-0.17767919751284628,33.43849375865474,-0.012407642728288128,14.521883225148777,0.2367995054404312,0.1431020805837264,0.9467183063314583,0
1.4317719899576995,4.070411215488831,-0.4008329655366443,41.78348851799972,0.039752992698696546,13.264713502762097,3.9776466043334415,9.915907064109089,0.3824465122059887,3
2.02497747864187,3.2352227828126305,0.4768336554321806,37.53682116516158,0.150827553127294,18.02517290846629,4.059418151718522,7.246246851457465,0.4007176546649127,3
2.1440858112127152,4.002867753026474,0.21859342857508327,106.66120424344723,0.9374455311943091,34.92858328797497,3.7375445549773114,0.13946222271578074,1.9606532741444038,2
1.2294778280077558,2.6874560598436426,-0.16793894933757472,45.99986627705279,0.056467230149509454,12.57080028290342,0.9157247012301708,0.12896016193122148,0.4939905385275122,0
0.9028355567875549,3.251079598293968,-0.07815087720661722,35.95164123988106,-0.03334427992796944,13.353635560368765,0.6390474748800419,0.27600350885523217,0.36674921780072384,0
4.4272964538525565,3.513123504036381,0.18527747704553982,84.53369586304595,1.8381008512095025,32.50819232251444,7.455945216849678,0.4143025886847319,1.1703231506349547,2
8.398729107228766,6.755626004751078,4.050461987296761,47.990243517155506,0.19881183843587788,16.920288566185697,2.1212239352009887,0.39844162248524073,5.428420126869237,1
2.497356896049014,4.201372659060874,-0.20079534788562792,53.72738406239486,0.20376919872490723,14.795104068995101,2.3045759623122484,5.001526923410597,1.2546699604941938,3
5.27712825794657,13.861986999197612,3.6861712917001994,54.130307572927634,0.04940758215323675,18.759859648241623,3.9599119590052707,0.29355205791928507,5.287636163887483,1
0.6352215080810265,3.165320679227002,-0.29934072930865313,41.40775663259489,0.0518193505572319,12.50918659278686,0.49989353855909835,0.21015690677422888,0.9408753392119032,0
3.2983211468115936,2.5217695997247835,0.3330926158651246,42.98246916079464,-0.05733337028735897,17.739762120345766,4.54768742519163,3.7120592820096214,0.8518980270356845,3
3.090113983551019,2.868900663980884,-0.10772163048205509,52.19851595772038,-0.04925297885433081,15.342231606079148,3.021022256148298,3.551164268455668,1.4309208726103624,3
1.6031331971557232,2.753345072356248,0.13148435723283572,40.898265510601746,0.0832384337784594,12.588942625545195,0.2222399627674345,0.3161361183825341,0.8767372360966829,0
1.992535478578751,2.2875430512110646,0.022108028527014396,39.18459487717813,-0.03491608318389446,14.188753179009876,0.17069423833220623,0.4187973718669935,0.35542892656102937,0
1.9471646251513242,2.359209983890736,0.033409295556777185,38.85907606918237,-0.02894423900636756,10.36897074382575,0.7503127454787221,0.12968322484863107,0.7640675655801127,0
1.1785041921844268,2.6407149691428637,0.03150492655689589,45.49131573686598,0.01207296393816603,11.651373517952623,0.5618278718222368,0.31847900044800326,0.41956340998083486,0
4.7537594234632845,4.304020208172632,0.2427596486200299,84.30761102137689,1.1917095048676278,22.184104757665924,6.878785100201489,0.25817640827494887,1.8158742474547467,2
1.865841575236521,2.9191670264254146,-0.19578174575748036,39.98676756108903,0.03766066324289864,10.599133054659301,0.7255377330694085,0.3937833320560391,0.603325176810414,0
0.507225239995693,2.4524379251767066,0.25708342010029833,38.089615059179295,0.006352478998075198,10.835692442725184,0.3177226382049275,0.13142987127523179,0.7757424166003535,0
0.8046166188966218,3.4277245522809356,0.08019491162508324,37.05935595319532,-0.059786484286798613,12.196687623678724,0.16650322602969495,0.4250552594293887,0.4136808861102869,0
1.063498028629018,2.6743444367406797,-0.03935505709343303,36.463438429628084,-0.08326630812209371,13.13067912764277,0.9039161121656754,0.20330423955575033,0.5905280639707087,0
2.1854482456240536,4.01313376909155,0.22341023786138992,33.82040857342959,-0.07257735846304585,15.497702783526385,3.7005869181197957,8.66952696044626,1.2391865545962366,3
0.9079905844795221,2.5495873420697612,0.11147395323078718,36.68046737037413,-0.07366336563160812,13.63160138890553,0.8627276516392587,0.26514518936078557,0.5741641292560357,0
1.2177514687615183,3.6878825039614536,-0.12921048558575057,38.19212041149297,0.10492922156154676,14.585774863522328,0.5580408009347022,0.18291183341722522,0.5424549461258831,0
4.308904045809408,4.687824930321256,0.3898795189304532,86.38491013723227,1.6202166869382315,27.92358131635989,4.180638672085783,0.24002584475392325,1.2121439001966938,2
1.3702693511640107,3.022978249224435,-0.1526052326228706,32.18940611612184,0.024065837428906327,13.88983851855481,0.6674841736442514,0.35617325930932064,0.6085977969998703,0
0.9139154031400204,2.67914582951318,0.14478011495847729,39.67909562992962,0.04688491007904491,12.283025916999973,0.38464166292553353,0.49919778953437044,0.6066871686520332,0
1.878084773241001,2.787212175892574,-0.02058915054569243,49.596902058900966,-0.01783295958145195,12.688642212304556,0.503364043575853,0.19863158120123242,0.18646299905545358,0
1.6094483736948095,3.352882878625133,0.22005462758190913,32.539349260243554,-0.05672887747022249,14.57487553293011,0.5140686369723259,0.32253355979508763,0.39003405783287737,0
3.334443940158202,3.7092496120585157,-0.469510168513826,54.67077381791454,-0.013443075702374189,18.88497785672705,3.8917143097802858,6.15581891843747,1.0339366166128523,3
3.0169454962356643,4.069320151893399,0.5194961122593725,99.9417111110373,0.5517118873878679,26.289030241849783,3.347010350199049,0.22285913116090822,1.086001890175809,2
1.111156917881951,3.0966699989632347,0.045086365481017694,33.596320090735226,-0.013569532912920354,11.587537895840025,0.4454265154197157,0.40016250453798663,0.9896058422558054,0
1.1171064713603873,2.4509118202148974,0.13360288632249587,44.827408625692364,0.08648368849613366,13.668439528157345,0.48521536615035293,0.2658678291904614,0.2727718585870199,0
1.2987356755105377,4.1534073858893175,-0.04089064560846828,38.95286754731204,0.1916472489009634,12.77106568179115,2.0922367877975336,3.2504186677421014,0.9272100415286619,3
1.0335111722225516,2.9645959231562666,0.006064753077532114,40.780868434914424,-0.050254820991893046,12.899239051227134,0.7158181530101141,0.16413261488248268,0.9169387805333309,0
8.090350134582518,8.759007838690167,3.347924958321603,47.057217328104414,0.28808962191058407,14.377385781514155,3.850504277454898,0.5158560299024394,4.943775617636557,1
1.4481602118931551,2.7900049306430974,-0.1276252811813143,41.489700080365886,0.013110701676780138,10.947002673177964,0.7890621239940878,0.22272913891331164,0.19392037560522668,0
1.6045557193001445,2.809051663570435,0.14239305743303998,31.44822899157586,0.03380079726608468,15.1358951508388,0.30488663688540835,0.2973661732128976,0.4940620988775417,0
8.61469787486422,8.631041168149833,2.265203202226418,62.69666916524257,0.20136951081044283,18.439064785162238,3.31753228119565,0.4665233042195656,8.104702460748523,1
0.9354790292801136,3.0692823236240248,0.023544990284029343,44.74232663470914,-0.03710532644394976,10.584160993364058,0.927830083457791,0.3386154675420941,0.2829484731557121,0
0.9204741483974358,2.7048389127957972,-0.2888625377532482,45.80120387430992,0.03649312294704392,11.852743873102888,0.503013574350749,0.35348554499631035,0.4194285304210448,0
1.2561864551738944,2.717791916620941,0.14350421139297867,44.95487698351371,-0.079221781153373,13.236015908712442,0.1658469784288266,0.23763010868293188,0.6781566321764527,0
3.6563445346901537,4.405548042489954,0.316223748731632,89.37384428258932,1.1682923360801165,32.150978657184424,4.334387149022186,0.158197610331955,1.2912967379656008,2
1.0378623363366914,2.556162925730108,-0.2400863240305371,32.85828494709355,0.08853787742942917,11.313750875827472,0.8995902531419356,0.15653872911686223,0.6710138414501663,0
1.5112296419195714,2.699850668412462,-0.2076060763330778,49.81232138217671,0.07859548320065315,14.979924645654894,0.9144391420265747,0.22428579664752216,0.5317235565685855,0
1.3223831975790947,2.792896105162252,0.2562316906341488,31.67736917389313,-0.0503952473625593,16.147677126025876,0.92010087640828,0.4116142270939492,0.7491590389006121,0
0.921354086797905,2.993715956826436,-0.20627318162219296,34.46669973316768,0.08933615569157814,11.377254457611398,0.6927238694138013,0.4156506657520853,0.6428692035227183,0
1.3420280445520134,3.1202186538544763,-0.12147174066103053,34.09416306965338,-0.002449919889102737,12.001838938801056,0.3895012932379258,0.4048676120491967,0.7747450609191695,0
1.6176973881449923,3.552814422566861,-0.1977499115931643,38.43856168713281,0.08245275771940043,11.632402177888164,0.8916552391926151,0.10760964315499037,0.198093386355141,0
1.0722472576861461,3.5641126306989674,-0.0906834284331179,46.084868816927106,0.00883950407478194,13.103534668682089,0.5107181166648035,0.39975177056539807,0.5886084736211998,0
1.5681813608110657,2.7021527017338074,-0.024022788763677812,35.77374050741067,0.06406134902389038,15.452413290448911,0.6563079534647565,0.31067028845660916,0.3000152248747781,0
7.875129913365146,8.238581099682351,3.915059246595708,57.56194871325799,0.08749857749578749,17.604103486111022,1.6242389849112893,0.13785837917741656,7.06961358940824,1
3.1467138743941083,2.986987337438498,0.4499647692919822,99.55572946013093,1.3091360945668595,26.214561098118914,5.76021887508322,0.4179996817996247,0.8673360619675061,2
1.1725378770068917,3.4238978737792847,0.09523306149840094,48.29565012225554,-0.08472687678428556,13.009875063489313,0.23159301333931265,0.15199481624090697,0.29987813355642184,0
2.7869567731957874,3.694797944829406,0.1745860464299012,81.54708398260269,1.1826915026818956,23.48630696853769,6.528334233390424,0.19952446733432838,0.896173983612883,2
9.537889514942965,6.566468381756005,3.085439992678486,61.805322380070976,0.15452569291499488,19.66311765365647,2.8534899301404804,0.20937384592162142,5.564461286883128,1
1.0262437375050204,2.9023936373378234,-0.2765912409639285,43.59561320537498,0.022980485457388535,13.684644771228099,0.5458595284787906,0.31832198652759386,0.2673510160281161,0
1.7207366922871419,2.5683774307737814,0.125462621437593,35.12005398530054,-0.07091530321730032,10.179010935389394,0.1946177696119992,0.3833340562239012,0.8402618036486481,0
1.5822191778925219,3.165304182913729,0.4062845900823008,43.56111919060815,0.087432563595888,18.009204224517724,3.153662396093735,5.1286623698756175,1.400557300943784,3
1.6813955927714908,3.3165269000574082,0.22359133866328973,37.95174585926815,-0.05753769392145924,10.661756564160491,0.821907651778985,0.33199121879527,0.6007099908400687,0
1.2476173671465312,3.482976720159178,-0.06367813227294604,44.764931678704166,0.036965935622940545,11.564046686017603,0.8369200546548142,0.3652649287835985,0.32170432849550945,0
1.2310081869544227,3.375540045521349,0.3494515251991517,32.64288610337947,0.11580533989948098,14.57357193356842,4.327226448708499,10.774638260475085,0.7833920650681537,3
1.4065779139262948,2.780064240898764,0.06721002230470954,43.52240557805184,0.006728985808399786,13.32393620847254,0.47513199603383405,0.13178719271576372,0.2565365295628817,0
7.528491579229285,9.291779276267206,2.2700430263918507,57.50973708174303,0.11577064020854984,13.730771597623995,1.9219198818063135,0.42319614157198926,4.746672809307788,1
5.13868209079269,3.530913840968253,0.20083515597649199,83.26991619803474,1.2111676230893222,29.91804483786444,6.906862435645832,0.442020765728073,0.9763756201851171,2
3.3517442272491027,3.6200609951270377,-0.3321983823932593,37.018491240731684,0.16102090065797606,12.080135830710775,2.5987654453764306,8.773701899807495,0.6073415530872801,3
0.930830807011385,2.670612482724456,0.012621563739788889,27.2198519350606,-0.01762343271452221,10.654060156634534,0.7930960444770068,0.2751562617201492,0.8806256942711689,0
1.057293152089065,2.615750377695547,0.10052265948127992,34.892998932332695,-0.06472406824180825,11.862425505356153,0.723885960127269,0.4282484574046657,0.6200756532850531,0
2.8772776271454825,4.8483759380088145,0.05279720326984481,90.93562259974108,0.9556320443039791,29.065474484035697,4.934660973643151,0.5003632625820609,0.9163946079877372,2
1.34892088218755,2.5215382941886895,-0.09444347462068296,32.61894782230422,-0.07916342459815387,9.739107574502249,0.13940677618124214,0.2887226759012938,0.6781371607557203,0
1.0394914147998118,2.921653870052646,-0.042737589097333786,39.81423038007726,0.06744742760986441,13.53419357257984,0.660290588460734,0.40206487402264196,0.8110327188000912,0
3.6166558055830933,3.4567493956049398,0.08983946237630068,52.56527083987177,0.15241691497256796,19.02540826436911,2.730074146256815,8.78809568630069,0.8125710645714697,3
1.9433489873628114,2.542512760235298,-0.07841075410314571,39.60857962685796,0.03162160199011323,12.912805094282428,0.37710547942526734,0.3444004796096044,0.6066800859420154,0
2.763801591262742,4.724923222878401,0.25953348643913715,103.34547476119191,1.4350167100742548,36.85845805135552,2.879079901217592,0.5202626983784883,0.8930705442578963,2
1.3215648286765629,2.846175118991884,-0.2876851452529309,37.506918395220886,-0.05977526946657033,15.292089944063193,0.4028741464738056,0.40170029926666034,0.8976330994701307,0
3.0074823592450532,4.967057078375951,0.4786479071793952,83.78957767250718,0.9839629460883038,32.71613105438088,5.070301553725803,0.3314116116872599,1.594861493289506,2
0.8162853325234317,3.2249070487450493,0.2788447429046738,41.254140301335454,-0.01586698772030355,13.552860885601723,0.6945502187380348,0.2837710964121083,0.8379944151616634,0
0.7809455481573274,3.502285768229915,-0.16243468430967747,39.39313547574246,-0.0024419640167832684,11.177636428556353,0.2895522413111294,0.4506882498678546,0.7367001895124701,0
3.3287326886194077,3.6126694532821393,0.42155261688836376,50.85634918775122,0.1513128821550522,13.204314240789115,2.5214732182601876,9.504925020847793,1.3348411365536428,3
1.1082202191192518,2.9178153057335643,0.21456375357479665,53.52056182020267,-0.003311706166288388,13.744673121669658,0.8843493535753014,0.23152871399852232,0.19097594241381913,0
0.6755806080158971,3.371189382153503,-0.04012137410438754,41.063717142818085,-0.06377035323058236,13.129465228652851,0.8753434870147193,0.47635665034094943,0.35871241194275755,0
1.3665817104314515,3.2312974547259223,0.18011273057053714,29.583989000428517,0.04180346103100707,9.739827783726154,0.1606759094464495,0.40527974121905397,0.6243840138678091,0
8.128662189145262,7.746108441626667,1.957459324974217,51.016900002815504,0.2629715403438922,14.277510266240185,3.547097949641174,0.38525698831427413,8.02241149502169,1
2.2918299704284855,3.990766849038064,0.411495483810448,91.78392300847102,1.9583333361235014,30.5880417604105,4.082843935879021,0.1823111342192046,1.0876344314650814,2
1.3679350226891716,2.545247005439758,-0.0018936324767035528,36.283639898074966,-0.09335720944570486,13.312931982510184,0.3488206366164886,0.3663594083604194,0.29735846678975336,0
1.1327884383692108,3.0997891540717077,0.2512261456702392,34.58723627336002,0.08818721402452298,10.932552202576325,0.7969714895192626,0.1236985698149828,0.777325621901204,0
1.3135395436500534,3.232288147511505,-0.22831209671651911,37.406595661579225,0.05243364123632991,10.814806519444565,0.7566558216344174,0.39498166006603447,0.9076693596838508,0
2.7034432973684073,3.46982960868057,0.10815125333815252,49.47612201291943,0.1974312585741123,12.30148065562128,2.7334605327278934,7.052079512950349,0.8013870391750197,3
2.2738838128314462,3.808385072115867,-0.08597126134832274,53.97301501615446,0.13994707066933676,15.33808126416991,4.074608952531337,6.038910669828762,0.9853876479842564,3
0.7277593823596528,3.169937214729745,0.027862337467367892,39.179370283191375,-0.07597237259937893,12.854208976987866,0.8153564837510968,0.24629690894673686,0.4268240164253197,0
11.16050344279343,12.524517678556023,2.061271804025267,51.96704001605409,0.19219229352899347,14.650910846164201,1.801196735561509,0.4061483552071904,4.949972186702442,1
2.4219144839102005,2.623959489084086,0.31514305071635457,54.07552284878702,0.1748042387391313,13.7150969396871,2.413427526800537,4.954067400537619,0.5720214351854978,3
6.605058654834563,7.766343405175822,3.3913608111717948,46.66821753945208,0.2472438314430385,14.591940270301064,2.077522622352631,0.4711280557132919,7.754553340950322,1
2.514675824368266,3.7483719882864435,-0.12835930763699616,34.34918291787289,-0.03753161233111748,19.090036992925278,3.232551174774371,3.4018044145802278,0.4168582092965499,3
7.388394199620306,6.077947196969626,2.694287408525637,50.8322263952473,0.28305420870429154,19.305355033713,2.7589068786703272,0.5321616668628188,5.616080045503757,1
0.877753475751667,2.484329893130941,-0.14522010515600411,31.423932562457534,0.08880744029646996,13.249597008011834,0.7627531886852366,0.4500941572867626,0.9386438428347821,0
1.3313225318871424,2.786315118634925,-0.23673039442556698,43.73780765135262,0.015059024572697576,14.859785587088579,0.10596907254518367,0.11121537228720552,0.2686214538580757,0
0.6861578766716441,2.9665896409950645,-0.1370864819499213,33.9013131704008,-0.09614743240869483,11.258836049294873,0.35752975994026936,0.12422975052049155,0.28646044258897535,0
8.81546548203933,9.64997596751047,1.9951619322339684,60.516135374146444,0.1845912966717552,15.71771380971953,4.448437464050128,0.25713443980942274,5.939257277025119,1
1.5015635324238723,2.5798065940558907,0.0648097256137988,46.90717718403737,-0.0976818500429807,10.117829648778942,0.511175073850357,0.19172518089328563,0.7982041780944168,0
2.8915349456451582,4.8682936413225635,0.292614654773826,82.27464403323589,1.9476202104149,32.43505009346006,4.75657243248435,0.4495426639984363,1.0729196386916091,2
1.4673261034574605,3.352824791769303,-0.27503267951315596,40.72255362128047,0.03343737812504469,10.185334980950568,0.7949224501823249,0.23445536319481727,0.5275111252918997,0
1.28645201566286,2.608866879644634,0.26720995680479775,44.24217552441678,0.007455823740136499,14.084490418627963,0.5753562154820331,0.5145277191457629,0.8774655743080771,0
1.755722875436395,2.6795636774358282,-0.010087221678625236,31.195888371895766,-0.033392266238145,11.542351384464409,0.2508922999034875,0.2788812663972734,0.34641098484588284,0
0.8311323689047406,2.4820129736056957,-0.22347699805133292,37.04753215206699,-0.07125239025865313,12.686183962705963,0.8113700021391751,0.1655142824114287,0.3863706270209167,0
6.911820824036367,8.69161695149536,2.7184658272647337,56.53195933763737,0.06807196337018705,17.01857780389635,2.298440931412408,0.41685054467836163,6.660310492078799,1
0.7540062838129562,3.1022832821049513,0.1276508869099654,33.64588073334921,0.050822327925091636,10.8211954634153,0.3230332640094938,0.3044535779804789,0.9125625304596545,0
1.8563669084446919,2.875067593440671,-0.21211286988991643,39.97015758255263,-0.05058901200683341,12.17105997998917,0.17494862054926844,0.4212922271678138,0.2809979146357904,0
4.540657644552978,3.1263589409623203,0.31915532298711713,92.39202371260134,0.6354557684728968,29.117134740647714,4.577116415685071,0.2286959373927454,0.6793950540261893,2
2.3870285943563205,2.848407917665688,0.26188992016129137,110.03776050048386,0.9811353906096241,22.366057325406157,6.5236356377314735,0.48464541706752534,1.3176336705154705,2
8.80103769849753,7.671472069080666,2.9905715576188783,44.04937502284494,0.18655968712138166,18.515567983280782,2.0293756527120714,0.36316942994918167,4.4303302167368175,1
2.0509476479803626,4.024233803553727,0.08566389589525325,95.22333998440646,0.7484454277682676,23.02567955871803,7.456940725499019,0.5001675199791548,0.5361657043409886,2
0.5852443937490177,2.805192844374329,-0.013916289145183197,45.01778802564023,-0.0896960708636339,15.714096595702866,0.7253629661303926,0.21339450017063058,0.5842568743848229,0
0.8391813108842371,2.66081549257415,0.17620322141704176,50.756721648777955,0.07603280145743767,10.781599504647287,0.5360554929731537,0.22864017804723324,0.6846330952574694,0
0.7179163337578339,2.6294173324279337,-0.15683461714071928,39.45787078214499,-0.07204741332999312,14.500372541548908,0.8790645816104289,0.2016563397644809,0.9619447942127217,0
1.6297660394742202,2.747726778542244,-0.15498653891332323,45.413373990003166,0.0579911857751487,14.160602760386187,0.4749446533191003,0.34854837418428813,0.5244306219282271,0
1.3972543980920025,2.981795390809518,0.05010223440025646,37.23201234582416,-0.060749714295125816,13.493411006402352,0.326101310668177,0.36350423718715497,0.6526642944109569,0
2.6873453655296657,3.061728313563125,0.39984831199479426,43.39073909566375,-0.1044218619221677,17.867816327100233,4.529783568018255,5.3472663408489804,1.321329994912105,3
10.703698169873563,8.10882460467734,3.9334103356796226,61.54459456881401,0.05200326760970575,16.019833263653886,3.2471847563479326,0.3002856619808635,7.3122774326811975,1
1.3061547570480552,2.9989945136646665,-0.025603406557607376,30.549007514083804,0.024134230921715214,12.506744958223871,0.7908286774580056,0.10729291167120833,0.5956256590796651,0
1.9524220607610807,2.8259889099405346,0.02427520695949454,43.553127106545226,-0.04468272619900145,15.273206480070662,0.2906973015687452,0.308726698225394,0.5331283039512883,0
2.8744584941202724,4.814504039443893,0.2937952416091545,72.81858006231383,0.5942735063988622,30.040201300850104,6.573601168723497,0.20017756841543258,1.5434256189465443,2
10.249144639760791,7.923977787687385,2.84694802038072,50.42588028936176,0.16425097346220766,18.948297213577835,2.861706446436106,0.477457097906308,4.906949646714748,1
4.549452271265932,3.0749252914509526,0.36095588057661787,95.21352735937818,0.7763027417496685,22.792743938514352,3.0744065539588687,0.18427958783049744,1.5302262618587246,2
1.9603390659401783,3.048527009745746,0.28785438997510876,43.36564664031369,-0.037254870007692543,12.779843566109033,0.5245952775776614,0.41634499280085885,0.20091349408544368,0
1.3872211791747302,3.3061875109856578,0.17608491084689268,45.97344892065716,0.08847451082878494,12.867741784043913,0.7394478996472453,0.47400125152974387,0.36110226028533726,0
3.7158502195727383,4.97224898109687,0.4399218618259283,91.73357905787648,0.709573000287933,24.33948958105669,3.3890044664754377,0.47412526284510964,1.7897041155768725,2
1.1975401236822407,2.928837679896075,0.23576710845672574,30.77385039685761,-0.09041442819803884,15.127466757158977,0.5176799406846416,0.4362321604929865,0.9395146736529228,0
1.984150167633288,3.233194499169342,-0.24896579115652126,39.74174414641789,0.11089037081532646,16.870680137982593,2.676674942363602,5.786715741604423,0.5711330087552454,3
0.7595510688416527,2.956953294388664,0.13607535127099118,34.774766949781636,0.007014268180191858,13.908920161619978,0.9059846293022134,0.17090797554951467,1.0163504052654848,0
6.526227869638789,5.926712109140086,2.976657920478079,57.49682710069076,0.14469191566409825,18.147341661321637,1.6646356798657334,0.4060594334306006,3.5108256611974737,1
0.8007917153790143,2.8457420086075444,0.11176940631638177,37.91302606021007,-0.08771403834638294,12.776480953687294,0.8954523888666452,0.5214992465673493,0.934562991176172,0
1.7820184145475222,2.431316300676617,-0.10781599983257552,37.31128081092267,0.027696882797607056,11.401219505660684,0.3112018553029566,0.25298450539260364,0.6885471733533104,0
5.243108336709517,12.351472945074672,3.1955196729747044,47.419574809389175,0.1455441694737219,17.591014565624626,1.6499300146434872,0.10821231588010449,6.603980604366271,1
0.5366890000888782,2.729517945951306,0.18518921662588067,40.06597900161547,-0.07478861804944799,10.86232757433064,0.49856998890146254,0.17860762421194362,0.2586548945434113,0
2.473118692463192,3.07831235769906,-0.32801952687529995,52.40488351694196,0.12268883692374344,13.516097941671969,3.791338462345285,5.910613097081504,0.5590850302361494,3
1.400944751155373,2.8254257320734197,0.2739166163188124,33.107022581982505,0.012911262918660084,13.12907698296397,0.8625827957935716,0.45579011470235153,0.8269678851230479,0
1.8937759978224886,2.8792774770517258,-0.1066960946218785,39.691854150100696,0.025346829456823348,13.685644113071232,0.5291436133156304,0.38848802793173426,0.9034424010317379,0
3.1123763102086093,4.118636200273293,0.24832465725879782,83.66647837250115,1.1318053760987705,21.971686127637287,4.405994151875089,0.29637246634215,0.8201424031492575,2
2.7372409366923627,4.1361026673798635,0.4442475396156715,80.77400258221766,1.1272954356514011,26.254765387258434,7.503829988220055,0.16993628714114437,0.4990817855993539,2
4.8131137960453705,3.7607807791884316,0.21176226140064927,88.21315850209854,2.0474882259412106,29.220218870948145,4.534053099272023,0.3710333919817963,1.333474341525162,2
4.195801645924219,3.598350309459788,0.42508704462479285,87.14408684832136,1.0592239672369461,30.92608155039804,4.517361923678491,0.4854524968666331,1.2251473237211832,2
1.9728567350196016,3.0862483936725704,0.11154791061799997,34.877286393331694,0.1315842769580968,17.10752747782777,1.9902137492981382,8.442771940807722,1.1156500716706832,3
1.0344373152964141,2.965083718935306,-0.14418592164196464,41.12258740447397,-0.08082967928488824,16.554884348101748,0.6041390320606981,0.31372009102389126,0.27698650860308677,0
3.848314662577774,4.096373012464354,0.042854940817014374,101.18734960285968,1.4289470151320036,26.532506859752136,5.260605358309714,0.30155778329620786,0.6821220332597302,2
9.408665583240824,9.26823182694129,2.2066291663075828,52.5426860113884,0.19765818769256793,16.29969122599496,3.136291654293413,0.11117510899388887,3.6365168375351624,1
2.7886110762500333,3.1430922101383056,0.08861261414625814,114.88858050570072,0.8118302910833126,31.90859380713525,4.874802439219766,0.4240099112753132,1.0710045325973943,2
8.86943679193162,6.6467779538531016,3.7549294899538723,59.97435692779921,0.05009066923486269,16.184312525350197,3.4598086307539186,0.35296486465661664,6.448221156952148,1
6.800874556763889,11.0178060985535,1.9956636263668426,57.553537903139784,0.303724806818124,17.013106913419783,1.8449515202325046,0.34999057052263793,6.759524132149091,1
1.066117473676248,3.3543652252721237,-0.09155625235827873,41.601237757900535,0.0811473648143642,9.707036387954236,0.1352569449272432,0.11563135185265781,0.421948455623297,0
1.372650085089217,2.8390066308501045,0.055299359238669944,43.323493336054305,0.06414408908615714,11.471860282107865,0.17181653836363606,0.32759501645169053,0.8175557465582154,0
0.7775113809949363,2.847815031203578,-0.2824663725204009,32.037653074514836,0.01093862123466014,10.414097863380922,0.790045862836384,0.22828221991306968,0.2490061293574663,0
11.556912377940277,8.793657692839174,2.22490323825727,52.12472563182149,0.24565136105730812,17.773105260348636,1.6609752362604109,0.4812049088220849,7.648571880322784,1
2.754236179721645,2.6077949811336776,0.3202800870651418,34.03373353103431,-0.07295580425964698,16.799024080737045,3.4838022235280617,7.149688168353849,0.7280955567893589,3
1.320506224605467,3.758930793770994,0.018248228533978478,42.84473163121521,-0.09737637986780748,15.192667696464042,4.786626205643271,10.25440224337011,0.7590003662148973,3
2.4106777233644996,3.5793164037438565,0.06217009563153277,49.44454847555704,0.07784847279631173,13.779489586022919,2.159869564081828,9.253411981812567,0.780057703001014,3
1.2438942687977035,2.661762410685916,-0.24899228299991197,39.1178029958501,0.04184243356896043,14.063934214026974,0.18263083645247077,0.14645945062977914,0.5764962929543427,0
0.7806518849101687,3.6965559837945507,0.038020264162710815,31.899793968038157,-0.0284639591456867,13.576048787260982,0.8760982677311614,0.32930585722055855,0.29127682200558547,0
1.1625057619804213,3.0654788972448044,-0.02887107312693601,38.09346242104051,0.026366513007659877,11.84037703281872,0.8984414875940128,0.11514067954875354,0.8756317426613437,0
1.9243448551717452,2.4819123375456806,0.17849874137723365,45.611414131444235,-0.0687189107513794,13.033426131407072,0.7455900825600142,0.4041546746673237,0.982485416492674,0
0.706710757067281,2.4913765963052152,-0.2202441440479395,37.578735039910015,-0.020987517342853437,12.340043697874163,0.7591877048309535,0.10992700909023505,0.3938145510957298,0
1.7156367861223667,2.6469371478698585,-0.13021239756277372,47.13256697836841,-0.016047209450769293,10.371935532215911,0.28478084966491013,0.38109104964197155,0.900105942763015,0
1.0217428841738556,2.6379431927818,-0.06581305670292122,41.05424876140263,0.06710174544293193,13.960433370171,0.25072634559824747,0.461557823569473,0.512958493173202,0
4.028952725026813,4.191719341453923,0.1439510190413784,100.44686809001948,1.6446041376419138,33.85492918568961,3.195124369960059,0.4318858826948188,0.9852259327346665,2
1.2873160922302878,2.883432648053779,0.000504706651231216,39.201246232111394,-0.009396319386678679,14.479597742998564,0.6719066853466731,0.16694355294682703,0.4388891480349943,0
5.3395091070632885,8.74201456793992,2.968324103964463,50.06811751645145,0.20809729504142124,14.22534669642258,1.8255608044316738,0.31535914600049336,3.288067544952939,1
6.679383674011991,15.326908785440494,3.7430531351644585,70.5366177615524,0.12176411804108192,13.316629419583613,2.4563913854790727,0.3764538072737578,3.2025380759401294,1
6.564119511560329,6.017467341055591,1.6720360756095196,52.61391437846793,0.10837568101750072,17.079678311750023,2.466609142916255,0.4576716404015615,5.275398079895764,1
1.528337506430596,2.9568747545435925,0.013119450910864321,34.03530287311959,0.022612997102432995,12.709999702774736,0.8007653690732369,0.22248970825699602,0.9045581538322323,0
4.9808366483216995,6.190600366580931,3.7705051274959023,67.27172025200176,0.25399320297329214,17.170593729959975,3.218746114892773,0.1423513166816138,5.338067154341086,1
0.7929698341875919,3.2884292975807035,0.16672792692004604,44.46697430736349,0.01815804343225654,10.163816638612758,0.5083941372260142,0.30600285344824874,0.5094372573401422,0
1.9087213914772287,3.300238187223691,-0.13225994840519598,39.291889609439366,-0.07562211381061104,13.111480600433806,0.5281798845479609,0.43511869793915475,0.34572866994637824,0
1.2724326694813264,3.0853629881094617,0.24394144213699545,39.11331741002882,0.062310417604187505,14.686131897807382,0.17971777504856018,0.19303533743840606,0.5328060036995976,0
1.1559056638941987,2.9012244346068106,-0.012639169836209406,28.736725247854615,-0.03413528042287459,10.487768065361868,0.24740894480005982,0.19574431071296378,0.3823949353593749,0
2.151068538154556,3.0618777663856216,-0.2612406289366531,39.244994340585215,0.09552730580536592,18.18103489097489,2.4852824285468165,3.579548699529962,0.8872929148503723,3
3.835008694248364,3.7944929407435852,0.26483495237222543,87.01794692201332,1.163609294532638,20.727825430542374,4.361990577941788,0.1716075903179485,1.5390835508199354,2
1.1936706513857613,3.0171666553212244,0.2494550614150576,47.82004600120173,0.01514467834722632,12.107271239927831,0.15216052899909863,0.4225197342127508,0.29938145449442394,0
1.3654799688037138,3.5188529125594914,-0.20567316548754108,47.21987768146822,-0.07071200864375247,12.711193476843107,0.9650996205248128,0.39451030721076286,0.2596932476190901,0
0.6497997654396357,3.3604238486536926,-0.15636486696153698,38.99571513037184,-0.07636665216629746,11.722108307610998,0.2917841469328475,0.2609383071780849,0.2981410020857764,0
0.8841142055071004,2.9127864448058856,0.04528188865802872,38.859988749788485,-0.08309068416308037,11.962637117201911,0.9538110691899605,0.4948754700586312,0.799340312885659,0
1.163095669176112,2.4465317362890318,-0.1783432515969257,33.90525298586196,0.02233321711361412,13.146332555497626,0.15180283533472472,0.38395561498459796,0.40276186497407,0
6.73689255019728,6.9413708636877285,4.066356710669092,66.88961951903805,0.13838909939590732,16.30809899775185,3.1040670388327247,0.11078181382622651,4.6876666975376455,1
1.9792794750439455,3.045244078610659,-0.08929597288901481,39.36545472710744,-0.08027771696129808,13.562683217173833,1.031199369426324,0.36201995894285943,0.8429415327936552,0
1.0354578308771323,3.0106870447086185,-0.0794399386198176,45.91049270599384,0.02676392134533682,11.563487884101553,0.2948109668290362,0.39495215134693634,0.7977383635426101,0
1.047635245347506,3.3217945644108124,0.04974123369662545,48.73687068266192,0.09602309295526458,11.081383571989614,0.16204244947884539,0.33251672345025896,0.8040595787498431,0
3.5802673333821313,3.6769841011607514,-0.4391907661363849,40.53601714244847,0.19336311703126072,13.328118934863229,4.347958298624231,5.786381108760758,1.5082778416666398,3
1.8613296814361855,3.2867114208999406,-0.21828569611727033,46.10771751937411,-0.040393143027169294,14.872766510639801,0.8566372496100991,0.24334701516872886,0.3380333238993979,0
2.4856425582966906,3.3279619191288967,0.08100610260110375,92.76065331992623,1.8986642750555722,35.340896006037234,6.454962243206283,0.46258545779259286,0.7635969210622835,2
1.0618675636343544,3.050140714724325,-0.31062870414936383,34.03771027272943,0.09313704414606375,10.393577616721224,0.7119919337156431,0.22849234618872366,0.6556717822878511,0
1.8223566319450948,3.265832810611465,0.11408500418434053,39.70625321908082,0.1509509115984515,18.11133764857399,2.2409109535671576,8.653030813757384,1.1706198125460059,3
0.9990259097474915,2.8254610955690755,-0.10565391428000988,33.87789430432571,0.09018115394286118,10.877830377336098,0.7290236619361111,0.3339536044361093,0.6228524879035804,0
1.5122366362645292,2.9229569980366876,-0.20928766260650766,40.66364432944464,0.03744246486072354,12.997717886134687,0.7726607096414305,0.42278693504465553,0.6045071566402719,0
7.459192810215243,7.587955356393048,4.163808065129838,67.23273519711319,0.18074243343231133,13.858406439125382,3.5651468622138,0.1436602463636812,6.823991605727758,1
1.7158196976066213,3.1583311887974665,-0.15083780278211076,33.04030312785318,-0.05638742802379839,10.56273927895331,0.5416222834928119,0.5228450061210976,0.671708534626686,0
1.0436181885528455,3.6540264785354846,0.005296943425457989,28.371281085826094,-0.03141503688188164,12.997646075832943,0.5096051913488641,0.37749313033633636,0.26414346436630276,0
0.6403878573090682,3.0919852307949993,0.1889366602387195,30.2480985176205,-0.03742393740385949,11.862968372132347,0.49704821551287875,0.17729545981107822,0.2862931552756153,0
3.0891730725713815,3.2661559210679543,-0.35643761275853814,45.23122937275396,-0.03394618305190891,14.404440582807107,4.081132948246938,5.7749910754065645,0.3248570952074898,3
1.152893437936306,2.418704074639828,0.19438031083072677,39.407901463970475,0.029175113253640857,13.014281375973178,0.6192389789041732,0.1976862518173904,0.2752749729820332,0
2.0046585008220603,3.317518166056841,0.20857286596368424,33.07445739266487,0.07100301152551962,10.328945298340178,0.5977427496701515,0.48086593937487815,0.29569873478762626,0
2.0562723942645404,3.3284399692755895,0.3925980435476772,46.53190359938347,0.11512751655621377,14.082678655214128,2.3328039778354497,3.9477573517286646,1.3922798717957516,3
3.309500999457679,3.630777642951239,0.13715374780254777,101.84689017925656,0.5622250829870448,25.742689058613642,7.194202078935444,0.23916846524994217,1.6012284332141122,2
2.6536939859235225,4.081663276683756,0.45498279076571396,108.58377433874398,1.035763369325803,31.96137698523929,4.533996270264505,0.11810780423215722,1.0053115269348738,2
0.8497110491829319,2.638149915561655,0.11097407563948901,36.158314997834715,-0.03600698198040069,12.390728776884352,0.376545215749818,0.42844431022234997,1.0237836130098448,0
0.9033446070860126,3.3965514328646687,-0.20480755055278074,34.11699952253246,-0.07050245940098186,10.440673245217702,0.8192989148462223,0.23812229176447006,0.2652002361750328,0
9.040987885597453,10.45467823853861,3.20469116960152,66.60964023362138,0.07414358707901826,15.012238389188473,2.833802048436416,0.5524010966586567,5.1425209917446555,1
1.5995013608843502,3.526024218789593,0.1370605203169571,43.315956153203665,-0.07418500823832602,12.207480490596192,0.8414458031026765,0.2688461275832561,0.303480808410639,0
1.6322199149856969,3.368828358643553,-0.25785939515511574,54.083125034336106,-0.0902051510677682,13.022248661834352,2.2770851636718246,5.785360018309435,0.4598264757326775,3
1.4290181950415182,3.1753613970655903,-0.27056165662386233,36.66912446502927,-0.07049280122867989,10.340224564651143,0.9165192117163883,0.11882495531866312,0.8608569861826001,0
9.20199128801889,13.008112844291583,3.868100388038455,60.77301347489091,0.0625947327153623,16.70008800978529,3.6196668172601365,0.5304019983100495,6.214882019789243,1
1.5314070337377352,3.543439296955325,-0.13522171514993528,29.567919900016264,-0.02836139165551496,14.050694404572873,0.18642073279268961,0.16651464691388534,0.21614424680911923,0
0.506137591128378,2.5241501584523878,0.048224428213984954,43.891972350493184,0.03806579519453041,11.322625534442786,0.33893196072103643,0.13100595167539822,0.42844651797412037,0
1.0054118498458071,3.049261290256332,0.24257226842442137,41.1052185186635,0.022185580544562246,12.43521776285229,0.5913646631888996,0.45145891594405313,0.5273472389854815,0
1.7843313832707488,2.7085164248391727,-0.015662189748453847,31.428355617455104,-0.09596611023768593,14.004335357813032,0.5012727913585246,0.3830287766072099,0.17890230896261028,0
1.0652624375768345,2.7570381146896086,-0.4814558020343027,41.66290328041908,0.05214382389056297,12.059631681544735,2.2986762984669618,4.098309138151139,0.904627870458857,3
0.9747978446091397,3.5034593146354283,-0.014047873527275285,50.00741314654597,-0.009358163692898717,14.542968060418675,0.1907406096837156,0.4265777529092141,0.7339738579527126,0
5.472135486092818,10.17343588708057,3.098994039700899,53.76924104584278,0.18436856524689374,13.362021065043958,1.9158278233294415,0.3627823431804135,6.360280425996006,1
1.7320663480916787,2.5227275249568284,-0.05389572830643692,51.35869553881606,-0.0859272499341908,13.528391556951679,0.9206063281013741,0.48062281326129097,0.5318937010248934,0
2.9804452424347296,3.1852311665624007,-0.10195170029369478,48.368158012633955,0.1005472785316841,12.589206323797715,3.082655535586568,7.3921163100361245,1.005143092009263,3
1.7249955418981593,3.1105948043369436,-0.18382917518283307,48.63230735750775,-0.055105503995662504,13.187648606240883,0.3568878076403976,0.14223069540116712,0.8643202049159961,0
4.179510575847963,4.145911938552199,0.12019401422517946,91.14566526071343,1.2574237964396406,26.80428690480207,7.814284623572983,0.2676296006073602,1.0467305077886742,2
2.8425328445424034,5.424045624238518,0.24981630924207188,98.79673774333544,1.2608548596667144,19.403920801480595,5.285920906637582,0.49019491890799033,1.9628576861215343,2
10.588910322957213,6.353995597493247,3.809547237733237,56.66942554305343,0.12727325597895717,12.074975714471718,2.457147501220218,0.15120032211213022,7.475121171104853,1
1.6511430528227455,3.147100601220327,0.128825507983146,34.73859513839317,-0.0723180090601286,10.303301955502269,0.7858571707062182,0.5222530099748159,0.8697621833964109,0
1.085843384192266,2.7174180884670505,0.05553579533402253,43.86401499605115,-0.028502544472479345,10.330144361123951,0.6846104155712887,0.17117329524299826,0.9476283075164829,0
3.5428053199266776,3.6328800347521524,0.24858149538642815,56.27701952047748,0.022679527540993706,15.42567324143992,3.5532794426462,8.373460215916138,0.5907154304316717,3
2.5722752487784564,2.6378551651941478,0.1844855064210104,34.8252009216065,0.03830353253763655,14.648943775312572,2.207948165444197,5.7183740340193,0.2929996449002457,3
1.3076758570280707,2.815884640741691,-0.24255470619684993,42.26391359842176,0.0924464639785557,11.16982254028571,0.3852810462477707,0.4196626512272883,0.8858766617853274,0
0.7714392609022522,3.0659941602471203,-0.2560371784462622,46.230818639930675,-0.08734726227437539,14.01690027019008,0.2082056126364852,0.5023130953800148,0.6257998639705652,0
8.145851970828787,8.67493540218088,3.784030615361631,59.28531668896306,0.29126488411651885,13.696825050399514,3.918030754423546,0.5781469576943075,4.493664222821688,1
1.758781217730115,3.0218170729408413,0.2865792654912712,29.406394281699374,0.027585316032785467,9.763556775751923,0.8759478020285041,0.12185253038507311,0.2173624097981361,0
9.763831412700613,9.453477122121994,2.581598543484327,46.202855090483645,0.27820412062372574,17.370823728592416,2.8798934045745757,0.2539694530591922,6.157956523855872,1
5.930029133630152,7.7338068476270365,4.086333116729449,47.13580126767521,0.1522748607963908,19.464581832431573,3.296255776898193,0.5129324136630612,6.721017157432902,1
0.8781432911695376,3.3979983343920104,0.10209915666517183,32.637916822705094,-0.0676860723763254,15.26122990793976,0.8491311864630221,0.128969118830822,0.8487168584142468,0
0.5126086522975242,2.6082497756097203,0.09518828255566736,40.99041799427552,-0.056302482036621075,11.82520653293623,0.9323020612088345,0.49470557460943493,0.7681332289821031,0
1.0310753080561736,2.676941262561902,0.30486452686504373,53.73462976466918,-0.01724436732190916,10.740005285737572,0.5089813243490647,0.12094626839733115,0.43653101794843396,0
11.057578053313637,12.952308852576447,2.063473037770431,54.271979782148506,0.26007629445902763,17.478843054721473,2.561628231072397,0.38539203709117575,7.77383885154814,1
4.788195266570186,4.523226119017327,0.3643702058067563,96.86616252585408,1.9159100922869543,24.269477407500858,2.9876739094086946,0.1822099662728247,1.3674864725503488,2
1.8610192435786599,3.1547072239428045,0.09776756850442116,35.24023565978393,0.0642132708016515,15.018614067958621,0.5588610792922349,0.43167179365456665,0.7580832993706463,0
4.279742543005098,3.3563395410403083,0.04532704911562209,86.33742883865877,1.0530574515172615,23.676499862551015,6.762461691689374,0.3245836454339489,1.6586156079130574,2
3.4497940799820714,3.2158133262459443,0.4840179630729421,35.667438957351045,0.05995652891807204,17.316619348759122,4.11531391751116,8.13834511561718,1.1821593472591299,3
8.037643803820545,8.278959995572501,2.9804089025969596,61.092210386977904,0.04729496180885124,13.769676035896824,1.7027445876878617,0.2256391120857823,7.4770170628483035,1
1.3273917059607272,2.578121301928554,-0.22546942554493302,45.698041416195146,-0.03650817239157307,11.74896318402244,0.6990633671532278,0.4178286271496974,0.3136802363294369,0
3.5597549368621384,2.770084064630635,0.15109743219912564,95.48338802953941,1.4696394107568171,34.67822454344304,4.1981573642388215,0.33748576239645167,1.1208701827194512,2
1.7190466984191868,3.3095633472311294,-0.12213082131958339,37.93834491843801,0.04862512200599254,14.059063839077755,0.32835820338398763,0.09712362329749231,0.4164529493455022,0
3.2693468407906883,2.887654229310852,0.005816396935294254,46.61249102466736,-0.025418836068477235,13.465763028076092,4.6584565521122805,4.350786151594953,1.373116931027265,3
0.909081020362102,2.8434092654489955,0.3496101291286154,45.838456105459755,0.1333931047695108,12.679386069201659,4.639714452864159,7.24548741917946,1.0318085326206912,3
8.624312729984855,6.352178691576873,2.419477182274887,54.30108403445865,0.1491523455222462,16.97120885044393,1.639539283862898,0.48186199818685904,4.179412676564653,1
7.861105088992197,9.25586527542802,2.194558430608506,60.07905668041884,0.1603145376850928,15.728820286678074,2.3021946427045172,0.3293913063750315,7.464770019385678,1
3.535409016069757,3.096758264643042,0.02422357342696612,103.5552583801635,1.0702545045741585,27.392296398480767,5.171182213415403,0.14766120339570518,1.9367177898429673,2
1.8678468999281175,2.5829231922082134,0.06474172548304535,34.60692723733183,0.07871786975517994,12.372406587566426,0.22844340224177656,0.11846994548407311,0.9720550098485041,0
3.0605336885494,3.202221446842452,0.03720849610408634,35.010375711846756,-0.04625763538338383,14.731846979784136,2.9164042431943376,6.365360459190524,1.4252205342635456,3
1.4962102244847753,3.4282081816164465,0.15905402754628153,32.30477774150314,-0.04962611847079059,11.441212256488134,0.16607785291560956,0.5178540876799838,0.2560513241638045,0
0.611695723822742,2.5031456998517654,0.2726196377159279,40.600913433149806,0.03300123999274636,10.81800046809097,0.49783381933822296,0.3096496796245284,0.3312188927277295,0
0.6627469728358683,3.588078321586236,-0.09734950284353162,43.697674334397036,-0.07123852899577175,11.72674732546488,0.42647379064573904,0.31378955791132535,0.8930787475213073,0
1.7775791386261546,2.760791001341859,-0.09168047156742917,43.438292770302404,-0.08614624062144546,14.817824946023256,0.28206592536605934,0.0991714685601964,0.44885286479069453,0
2.692450908450502,3.5635987498737047,0.1395141761835576,51.6940759568892,0.17555696170200136,14.170979635532541,2.259263433381899,9.445438633127319,1.4711076580540938,3
0.6951816849303504,3.0406433746075114,-0.24390162834933782,42.51566677513214,0.05896430948830622,12.97348456975041,0.3678622384628381,0.1967383250731376,0.4366599777679344,0
0.7415646873842292,3.3501417880600637,-0.1544768686808996,45.37450066056134,-0.05739406468985779,11.773220464069583,0.9904247745238507,0.09763805073735439,0.7576260452102493,0
1.871726850248988,2.9996740879323522,-0.012789746266225222,32.16034664215616,0.010306720021042364,10.336429568892614,0.5527449897455742,0.34330982562466966,0.259269233947909,0
1.0130702715958628,2.8718105923222446,-0.16269760862279717,47.90038921327513,-0.08730623560388413,16.082365425283964,2.624411528673844,6.327869816531027,1.5581656519421647,3
0.8263436528516894,2.9257942025491834,0.14722279944084493,32.90306258504518,-0.04973579182743319,14.735627243801543,0.30699775261711554,0.1251455159773575,0.8800773755655502,0
11.163779229745893,6.769675479411959,2.55317919336007,49.16590380907678,0.08066581339429708,16.12716468621373,3.2404106874651353,0.29309592522560995,8.130890423873963,1
0.6356791425342376,2.970119856767911,0.1815948992360967,38.59891605150132,-0.025392601816632006,13.281413708636011,0.3433150150549221,0.405051579399029,0.2375528503256604,0
1.3318557223334193,2.6435238103327414,-0.15427801605538327,48.12054452371318,0.02085105530582616,11.226546691829645,0.10638538207607,0.3279643642736626,0.2272306963526883,0
1.6034883260928845,2.687692816896204,0.06198649232087612,41.40288935151648,-0.029930007955507702,13.908161899719852,0.771380843647396,0.2974708546992128,0.7375932795493387,0
1.8616887553773158,3.3299074308835994,-0.0030357100744558088,50.85864901005475,-0.0720821167904645,10.84327922530417,0.42692075289965287,0.21958645587017211,0.4706861663267417,0
2.516403152575032,3.6147047761838316,0.032299428187449124,40.10406558347036,0.13333474090138533,17.551356076296663,3.3297482034618135,6.146495410257839,0.4416655434644822,3
3.408348308378135,4.016616123956389,0.3386052228108746,87.71947880751448,0.9084776882240926,33.26995438900825,5.977665559461254,0.19289186445369633,1.369454727803717,2
1.741649715460479,3.653838821182792,-0.22761862836851082,41.7254213147686,0.06688990317284649,14.162293418149703,2.2889587287473523,5.949236272992552,0.5025089000953233,3
1.2713346248656299,2.5584147631882974,-0.04487516513945278,41.851210003637235,0.1596538369775772,18.215455525543934,1.9607778979077883,9.730402141829313,0.5740019935055813,3
3.0582193463343175,3.2327763774120566,0.12132775632934809,100.86705722257125,1.481117183364472,26.803743478977978,5.488860649521637,0.3034318382831063,1.8490435145994581,2
3.012111200420774,2.984562191950932,0.006495770182379685,97.7418589819003,0.928434693111691,25.31211068096672,5.182713006034479,0.1417551602785174,1.6980608433370907,2
5.0110548847458505,4.3833485547631845,0.16933743409061466,92.69285575421333,1.2920339047448757,22.000416585762373,6.696034660323268,0.24472633025973767,0.9617329515950069,2
1.3745201955007045,2.4844292575607723,0.03202301286427297,42.9043279945003,0.06587903121885898,10.260432659224533,0.1361949884105957,0.1697789976581482,0.9620980579856365,0
2.599519736926863,4.318460631924525,0.35582730160421866,100.88797321765529,1.7082439126343905,23.97487166112535,5.083705077901765,0.13655727109109173,2.1118625914400275,2
1.1878756030369348,3.2830867546089757,-0.12094458468152629,47.795602389189824,0.10098856893549144,10.117232755927532,0.9018771831287762,0.2621528773763175,0.9823431930442277,0
7.755604344498599,14.409686333947535,2.7729620974107667,60.2781498568426,0.2720946082940905,15.11067420448995,2.2116573264908763,0.3114003752518507,5.306900899362033,1
1.1079813471073436,2.8470813402172275,0.17009258486990134,50.20095030769246,-0.09834203710261033,11.775074777487584,0.3897864950180136,0.15029595354625108,0.24492023296605522,0
4.635909985541428,13.251098918886619,3.9980248515521795,66.21158162456565,0.20981816746040802,16.25134101501856,3.6019798111524897,0.2128329971047092,5.293222612655551,1
9.24228296465128,8.538129715534238,2.0440869847043452,47.034421141012956,0.18603458569380943,19.3924025575918,3.788039410088371,0.5928924569638908,7.875504077365308,1
1.4693595467206382,2.774166434582874,-0.165111448075666,42.738040475404944,0.0013649122079239275,11.101209145416545,0.17311452088150328,0.18279837512849667,0.6764580973084598,0
1.158492535250848,2.9368978205887566,-0.2754542021461467,46.770663814725296,-0.04623187694987853,9.89571342845191,0.7451737083521195,0.2513617682157217,0.9106950868459996,0
1.3915861429761607,3.1858012902141826,0.18200297193515524,35.78850165275537,-0.05740925064399378,13.669584225009917,0.5450650493693417,0.13277994316083996,0.617507207331469,0
2.200260408680104,3.6629799172982556,0.0735511199053193,42.855252282225614,0.08310879766439838,15.777061198125155,3.8906780131671552,3.3575563810274285,0.8285634116302116,3
1.528125310354441,2.854373061850833,-0.1476129337172455,36.984456538658534,0.039883274704004636,15.184287226989422,0.3272082575072481,0.39932418762679317,0.5332847972890692,0
1.3568140363842522,3.3923652667338757,-0.10826148195786996,33.06798233060096,0.010658879565029837,14.036434409666713,0.35837048937284666,0.2921477606975379,0.40489198591099557,0
0.9382148757510815,2.741210963026501,-0.20594108583362541,30.913139450251595,-0.033653941947653775,11.051358815667257,0.8116903661708824,0.3565965719327616,0.24677694565153216,0
2.1160972791344923,4.140481249001486,0.286335351618907,51.702835640675204,0.017795629098482642,12.84721592598399,3.7296835255255556,6.2895565283330015,0.7569663563383313,3
1.632627446887539,3.255759745480344,-0.027602855363281772,40.62069488268357,-0.018789579884474612,10.780201312702573,0.4798602402462163,0.14685993553793347,0.7902596147683143,0
1.0407947751654483,2.8279015984151723,-0.04396769511649883,51.64461659484418,-0.0886634605190002,12.249738326802419,0.8500423966878816,0.37321383086376053,1.0127561916805392,0
4.796532993743364,3.500832739300178,0.038991553966334455,103.21910573787781,1.015674149005408,28.742078038917565,5.148139801237616,0.11001414839167638,1.6985852827020673,2
1.2180097647940107,2.5686456306783683,-0.20643088859477338,32.346199499368964,-0.08955782440279664,12.387540074629733,0.42517851391918926,0.394483456333419,0.39408461110913806,0
6.931570576131712,12.306549041176392,1.9176220017649026,52.093849532615025,0.2032797906809131,19.1598076361433,2.684553431445261,0.162901013449673,8.49935042172779,1
1.8757665510930104,2.7401346911568574,-0.06047305424608473,33.7768819436641,0.06258461038755753,12.254346594353844,0.791871039806792,0.1480659863069292,0.6596624134592517,0
1.977862675894083,2.2874541018871177,0.0021837345581126886,41.873208936273784,0.047236839050290816,10.512479504792095,0.8079822830567442,0.3878660814985042,0.26045193709336445,0
0.5815375421745065,2.4793471088672177,0.14177421749103594,40.52104265279617,-0.09664962214627129,10.888890463909235,0.8278909221351104,0.482133256504259,0.8247401174442266,0
11.408850583304261,7.5069113136390975,3.3798444258733658,58.046739545136305,0.2741468935796248,15.359818902488618,1.8751039811009764,0.3800586127591622,6.75558087648525,1
1.261164224591158,3.3044846681037927,0.03497498251353247,49.28762332110972,0.060687930355698534,13.984924963359394,0.34072481379969866,0.1793732786977032,0.38282563302644507,0
1.6914409573402587,3.269169109437633,0.09107818392858089,38.78863779010067,-0.047753589512032,12.839423363765922,0.9965370116873037,0.2957024961042429,0.9940311774373666,0
9.229168503151316,7.100254054200259,2.928642157416436,44.16736679166617,0.17702971752535523,14.9596057575424,3.1045555393547666,0.2858425619121972,6.23358894493054,1
5.61283805478158,6.099164585366609,1.6994007795086898,54.74978682562361,0.19817198451088788,20.959340016957402,1.875441390066604,0.19320610770217994,5.1735872588377125,1
0.5999285638601849,2.476846539521339,0.020756705988054146,46.26272189433198,-0.0070403163440395,10.392485937638993,0.6446920259391734,0.41409830032820455,0.9529750822940455,0
0.5536443864695142,3.5047846550341135,-0.0026893777738447467,44.088844492647716,-0.032666037083860275,11.431012282902062,0.8570133657317189,0.24224546939079122,0.6802796537012891,0
3.562806311357585,3.9169432555514514,-0.18087402733751948,47.69116938513444,0.1459401920833129,11.76826631463407,2.15184954634749,9.512464824167665,1.0239922857486374,3
1.7993364822728195,3.3979757815072213,-0.01746460350645637,44.3246736436123,-0.053582489831716304,10.736005845742097,0.17956052740699577,0.37232448897937903,0.21201656870877883,0
1.661188059531722,3.2300653380792905,0.2399472644127248,35.40185267478138,0.08979702585245818,14.681339299936003,0.22759278808266095,0.46107388125250504,0.6454726923518581,0
7.2922362809995915,11.141012894577297,3.6485807266814754,46.30890811243815,0.12002048573152016,14.270825114010925,1.7909315362992433,0.6063991066060064,7.024886444038474,1
7.646598749239884,11.3910167469929,3.688473423195382,52.36268564014105,0.07313458599801737,15.158887693668621,2.1644574528727674,0.41955071564094476,4.448191910339739,1
1.645308478546711,2.6984779398884395,-0.227931956003602,30.99069865656419,0.05772863418999846,12.512270412864089,0.7804835465810985,0.286419382921091,0.8641907405373431,0
1.1475732318729728,2.65957860379458,-0.3034981586731252,28.886972735773426,0.020625274745864956,13.073046830185453,0.9701628837481838,0.1327166370418998,0.44249874052523225,0
1.2018849226617463,3.4551404995169728,-0.10253967082482222,37.96058372388267,-0.08120794234763441,10.135328604778069,0.1648754820729389,0.45569728407562365,0.9373767710920462,0
0.7343411822555119,2.815711179604581,0.12900610340971475,44.52489704981948,0.07695688096785834,11.809727831179186,0.30661773792861347,0.1395261153578991,0.8240818590256878,0
7.85146230325498,11.134017913211562,3.9571281461462333,47.745144937383834,0.15693325324423804,18.542524995486975,3.7052864060454165,0.5813660615187153,6.127472089792633,1
3.9831463995323917,3.4670634136017022,0.08687771544123105,99.34823089048473,0.530456756506415,25.548977643785598,4.935510540779409,0.2926908655975493,1.0575583261717245,2
7.060608280322018,13.094857884059412,2.875813639654678,46.39309217705323,0.06275696005644497,17.170536405163286,2.723933866653557,0.33717388614023885,5.48660913957699,1
2.183483557918507,2.985025563011205,0.05197298934063665,36.8667446757192,0.02928065152246093,12.809684149544072,2.846547539662254,3.8586017416326617,0.5625262812006795,3
6.180897205491219,5.588425590609738,3.9502990269852836,48.30417018636333,0.24830078178094167,18.134744451153352,2.095082149171093,0.28583961161063715,6.446838598209256,1
1.4060724100547017,3.034941287150159,-0.20293578907567403,44.095204081925594,-0.0881016696546966,14.152196506938163,0.3185594097711352,0.3856383605622751,1.037871695872469,0
5.133655507339223,3.756521350727244,0.12198768475206591,102.09137230958967,1.4348951240513461,35.06602621484338,6.690811783833463,0.38504904176370347,1.3532379393825105,2
5.128402586221853,13.581138167704188,4.1681977034275635,55.52200065935017,0.16727994827091885,13.403666864840792,3.1640140177991847,0.4259284029702652,5.161948470302031,1
1.1401935448865494,2.816969015881471,0.2966483373765614,35.10164119096942,0.006915002690076639,12.257228316534329,0.6991889987423017,0.39065043028454505,0.8893146451342843,0
1.192054371601847,3.129582893035161,0.2152178938911977,41.04304967124978,0.0018204157045869603,10.922217865475165,0.7857526364000028,0.5066930875823372,0.2968483202661914,0
1.2949881639668999,2.5640871676153134,-0.16277044869236237,38.2984990924699,-0.07574543716276344,11.067064550280262,0.4049650810447461,0.3343895959324817,0.8900478524110197,0
1.4783916365162504,2.4122156409039817,-0.33410188876245805,41.855472059920146,-0.026357889811348935,18.262822136383964,2.5787844311189745,3.2835296469059867,1.3371900625184616,3
2.857982394875518,4.811718626382583,0.3417482378343612,88.78529479020699,1.7219407297994167,32.3601525827628,6.085080280661771,0.2232252712931781,1.419844640965029,2
0.8970933292297022,2.8283976615353708,-0.007869644095108647,35.60871058506645,-0.08071296362048853,13.680794716477024,0.7620514031695194,0.13349870171888245,0.9129164630921377,0
1.6730207074107557,4.012048002561427,-0.4146075591161061,47.34341100157196,0.15203825814605068,15.28522314030862,4.457846204753468,8.408461178087478,0.6093045591969378,3
2.2424952086141148,2.8504681340932323,0.33674819469911244,57.457634547650116,-0.01968352984334809,16.647775194675674,2.7031410071113995,9.817037793260393,0.4169210026986669,3
1.839613889002237,3.3242258671950227,-0.12033129643311063,37.315883152318726,0.07003838840731108,11.933483495113583,0.6473189141342784,0.19273811522089085,0.36670193575981525,0
2.0813948892827323,2.702902116040184,0.06537484729643847,47.08592138969403,0.10840402567376778,13.979291400196265,3.9830585602904565,6.036076848506223,0.516381652813241,3
1.2212496898085623,3.2226792371941277,0.10328653107389717,35.617546862522744,0.05333032474267387,9.397654639139995,0.3248380597625849,0.3512455403891287,0.986806777538351,0
3.059960186648866,3.0285603524708824,0.3196455953192113,84.97110618579681,0.8213043906736089,33.8544189430697,8.17571705895015,0.3624399780215364,1.8457792072861314,2
7.113335777146072,7.010436124447186,3.7920491191653394,47.19921614784923,0.295377666338275,19.42220885231238,2.624709699390694,0.5180552164957413,4.4591237199689155,1
1.0728373491140473,2.396516589972315,0.08241221149073034,32.68795934404382,-0.056366039353023534,10.450942475546707,0.6309237072389066,0.4601903802709441,0.7220097285257597,0
2.9296986334197848,3.003393884239151,0.02551322337459285,109.87531015673545,0.75170213919276,29.644314523791326,6.352859716492908,0.240208232720628,0.7309783412968486,2
5.219718259064264,15.770498897108766,3.5630596921607838,51.02607158531696,0.06425228195240879,16.949001886031855,1.9115329757061208,0.4256530266103095,4.603985048947695,1
4.424911981125393,4.909976028823688,0.4481581553122606,100.39547166125284,1.1195116941573038,28.685182188538633,5.611590930482902,0.23805358996379625,0.9490325005876066,2
1.9672313813834252,3.970778180757056,0.004037733027580844,96.10397839256962,0.8603405696922115,29.958993095726672,5.41888021392879,0.23276214492287564,1.2829871720741428,2
3.1697935483411808,2.7592592377863476,-0.2595598053096078,37.103453190994955,0.08038015384723807,16.822936579010673,2.1575866827952996,8.141229539133949,0.4572042230345041,3
1.5002211921752007,2.7061842820587305,0.055337173614703944,43.84462227630954,0.067400225731221,9.47730227819284,0.9332113813966826,0.43210061699535396,0.649452286403553,0
1.6380257757254326,2.7429930568857093,-0.25224100617720097,45.23680347743246,0.003232190502182589,11.940017105225193,0.8785696304913255,0.36620557273911364,0.4886178760889002,0
2.325351079327425,3.170899677035738,0.27985714792498007,81.61093022386353,1.4031487722579254,19.760227898942084,3.9396468624868786,0.13549127194335378,1.694218602890918,2
0.8898664362928352,3.051707126166432,0.1257424411222656,34.551931086701344,-0.07331480543138054,13.643407245630343,0.7750249801414926,0.4594949336223126,1.0039286857167844,0
6.041628903841585,10.33520320487083,1.5830063927580202,59.228926221249864,0.08237769940898407,18.740340016624376,1.8535135100429432,0.4774347329457994,4.41317142365201,1
9.384909954030437,10.11003945255974,1.7696204139922123,49.85255911339006,0.13294487722553058,16.678459811664887,2.319471104084717,0.3518550464308414,4.131285053398566,1
1.2502338699433067,2.4399229920396985,-0.25921529680150657,30.90390880033907,0.0282592118830399,11.49362256098416,0.19561412085668617,0.1599431788905944,0.5783546671965479,0
7.650387704010906,7.2767986930321,1.505931341026082,65.8507288523676,0.19436055495874754,18.518959962064674,2.1209198433838257,0.4675354313024824,6.396567456210594,1
0.6457515722330205,2.79529048386591,-0.052115726392158356,34.29287173232389,0.07273710443873846,14.344257744351246,0.34143036960416034,0.3729745365591864,0.44271235138940773,0
9.553423809272532,13.725670908163785,3.27301103408945,67.22834086055741,0.24650644647454695,16.94572782701785,3.20336713982927,0.29150638085935476,5.698549361680251,1
4.742323350231807,11.51447353700345,3.6291699984653025,65.18435724283721,0.2508830637105069,15.862957671291952,1.7793015428195573,0.23640997626102847,7.250872198839126,1
1.0946980396786743,2.832831676398801,0.27786626090109345,33.198239775267446,-0.08388172798689712,12.241724742705468,0.6940386655501396,0.2480474764561862,1.058452910663998,0
0.9496594683569923,3.035354219817683,-0.2656863349259521,28.01401955061358,0.02591776797964848,10.707958467748792,0.6458500123467515,0.36954128451433216,0.6735416831268772,0
11.577591999483385,6.821935729035765,2.4427872210523316,45.89174502556493,0.23246029552583777,16.55945959863261,2.2708777489264165,0.5035492107120898,6.801292448544151,1
0.6491772515930345,3.305961988405596,-0.25516587603773794,44.80110797585874,0.07525237278984756,14.909196554396084,0.3768418037064696,0.367702749040359,0.5781031962360756,0
0.8753070445541862,3.6725972721417124,-0.27695477880498626,34.76691212786155,-0.07630487178033263,14.608688863342216,0.17381324312086618,0.3352085886468549,0.35974673442764205,0
6.990446340577429,12.950909967850952,3.261703359313348,52.82944561813903,0.25532683822277513,14.070230487879355,1.6007873648204538,0.1555366946070079,4.938799697554379,1
5.013974044244509,4.521132859749451,0.05715695251808904,111.62191872048547,1.7681614303774473,26.932838831384196,5.47735040884027,0.42272797736280715,0.5256655908536847,2
1.3448283566373531,2.757110983756354,0.1307433911286433,47.78643857514509,-0.018125169048817003,15.521834777167708,0.3867653281912121,0.17879561823420195,0.7475430949961832,0
1.43821422050983,3.108980121092322,-0.03129893733517683,48.30336898434303,0.07574534998104274,12.463506500672384,0.46846967052137617,0.3899937735454193,0.49331521295285646,0
1.0577943373354275,2.6262973291895393,0.2382241548390049,43.874044001294635,0.032773960391219846,12.837017192074164,0.4376714096698268,0.2584945221849343,0.5119390005430536,0
6.024457702820164,13.558714628860868,3.7167976995680063,55.52789844060166,0.14054031632281055,20.414555897465593,1.7140307988169265,0.15037648169570758,4.474815846692704,1
1.6499474180169273,3.4162449435059825,0.2756516886639619,44.48080602774877,-0.06343825497695858,10.305138215108146,0.6942533359047303,0.48439733321535366,0.5678701928298928,0
1.8905919192844822,3.0908939670235642,0.3068634502591032,40.425955904467926,0.18790488186361082,14.110698063914572,4.856614339730232,6.4176808854521035,0.49382388670039595,3
4.2644866997771524,5.024686428491728,0.06060395066575711,96.01918336127554,0.7502326056563287,29.211611818049526,3.4981659609110376,0.4005038415649742,1.4775566283668178,2
8.852566694668191,11.165765526411898,2.672752137468238,50.39085129337825,0.2144483985475807,17.74870892210228,1.6282053415132278,0.35387571996611544,3.9321525728317934,1
2.8995955779728066,3.570041053526871,-0.4622382384142546,49.6676040894385,-0.017339492446939886,14.671384087123114,2.692121713151761,3.938305249879774,1.0970095788291392,3
0.7479436501811453,2.9185555375154446,-0.28141151821746585,46.04571943716926,0.07059541031369956,14.214889818265801,0.3045289034863814,0.16654369639115452,0.3804844017105987,0
1.4845155601299804,3.0329681446761274,-0.05927700571012462,37.08709318527077,-0.08871369857114393,9.763717056302957,1.0119007648586784,0.37344717746560585,0.518176473708139,0
1.2485457947504865,2.472765127009133,0.22089438683923568,47.11125660439643,0.07113720523452359,14.695289962941837,0.218033749188962,0.28976727177809214,0.31893995115290286,0
4.220601493108543,3.6383671896975267,0.3675989723643169,102.55733512902317,0.677661524879874,26.504683447835056,4.001999709255482,0.19193390664089566,0.8913575473880616,2
7.338271740823332,14.893116563604398,2.5369984471240596,61.237491336252205,0.10380773323178842,19.20100952669237,3.1017863684724865,0.18293884344857003,6.417579790776909,1
3.2473774774677326,3.910923608266143,0.2273927787769772,85.57876255180024,1.4711792900215366,29.731556362718283,7.432663209227621,0.24296750938553338,0.5979794672277017,2
0.5403103228449159,3.2970207678202623,-0.11105885554562775,44.100327165621145,-0.023811782037370312,14.770374038205263,0.6446964939662312,0.20636145399704664,0.5015179499751827,0
1.5973423142610241,3.3105246981144205,0.03256387484545629,48.87410311841176,0.07965938370349167,14.587154675329822,3.610876475246896,9.001701096660746,0.9014845975462266,3
1.5382902746925782,2.736521379450611,0.276388882758684,46.71198577151786,-0.0850416319309338,10.603262729167238,0.9541843844639337,0.3519780742989197,0.4389172517116283,0
3.86011885348265,4.1486668786153835,0.35181790437579713,85.21132135073245,0.868080383503202,26.032121143885124,6.303943300574288,0.4682088832287091,1.013888677501831,2
6.160523032711095,13.28831855540295,3.850976675564313,50.53033541611682,0.1026646606711758,15.27106332060606,3.319153859416849,0.19284465738053502,6.079828297892351,1
2.020972001102279,3.070384680573194,-0.0029527940213702115,46.31513750239537,0.015837877765995576,12.688144088609267,0.8579601914261006,0.4439521578619909,0.5300319106023276,0
3.3922591690882538,4.711094448432901,0.13228797162447242,108.22821232241627,1.6900967629699097,23.568064842368507,3.0537689449609986,0.2774286884121659,1.7692460335296945,2
0.5806016481481701,3.120444563669455,0.08849385547040015,41.083688006079655,-0.007875590428362663,10.277272094184383,0.44808549856252833,0.38905490735534937,0.37915642835559754,0
0.8727588513402821,3.0157204658091814,-0.16357839114002937,44.32368212734894,-0.08086583467208909,9.829818499191523,0.4425947637381317,0.13660804883277253,0.5014865251921745,0
4.034358045218585,4.646803606164013,0.30666231828853885,101.27236090941595,1.2878676830367255,32.12560316354803,3.060599760843467,0.2969451746417614,1.9325833138423874,2
2.2864250454263946,3.2941494587815305,-0.20419386727875838,50.47017399536013,0.13086350313645034,12.770463549056217,3.174077481189519,5.908783593026371,1.3889166010678309,3
0.6835471285110046,3.019927298943052,0.21202425622072765,47.71490028683533,0.04932592380232764,11.608781900011746,0.6779795141632573,0.503485547119502,0.21308055883704596,0
0.6091993290822864,2.9122128143455916,-0.06512928809713249,29.67137375885258,-0.05488851244590288,13.050424672554703,0.6241974594178566,0.28559178264350354,0.44674567351206224,0
3.2088269339103395,4.872412754404521,0.22858912143413262,103.51476265561699,1.6096908963926808,21.310301533592778,6.70567333179356,0.42633195204109126,1.773538772772354,2
1.6398253685728714,3.0703300692845037,0.17226650506152877,46.8897924343382,0.074227464656102,13.170090291997981,0.5634282674960103,0.1506322140594754,0.3030194238678645,0
1.8943389316306865,3.3681233981356073,0.5293391171696507,37.221180077668855,-0.05192039951338822,15.826371371878178,3.1132779660256804,3.6734345207220915,0.5887507652130013,3
1.0970339963709843,3.268234093197391,-0.144845053757471,46.67596654170359,0.08260600160927134,14.834870884939402,0.35787343433193264,0.2610645106898592,0.9057994150286611,0
10.568026643123815,14.40707542761186,2.8050958153758243,56.90775736590248,0.15170977028562427,16.306929641380677,2.8360949181643496,0.2813641681514826,6.261454348554078,1
9.11923421206037,13.320154540951384,1.4615585715096757,58.28676527338214,0.09294794103227176,19.278231249975423,3.5288265629673026,0.14591795933030954,6.718238624298021,1
0.6273541618208281,2.5782909067863122,-0.05092880716177035,31.840370139813988,0.09411637637811368,12.103323344592157,0.14736454121550158,0.4334677332796914,0.5318740526537042,0
1.5072427336075156,2.933456499422776,-0.19064823432089043,54.2782486345756,-0.03902964074992232,15.319036243144744,0.9142065593073612,0.4582691371568656,0.7618226299448801,0
5.610563871707404,11.45144552288176,3.2385729925790403,49.573695886165574,0.26697685169842594,18.932292772263832,2.7014755456751622,0.39866586363765955,3.070184799348486,1
1.264881156193334,2.430459905620587,-0.2613626882908639,32.05850148539243,0.08857204788225725,13.344103190927612,0.26583942947865025,0.43127422282683464,0.9589711452700657,0
0.692591953495444,3.1383892154983966,-0.1493885644856447,37.186749547946256,-0.01933922661455341,13.724297421590878,0.1019606369788859,0.3394290225607114,0.5653080802324895,0
3.738598472877339,2.9930781549306507,0.1366145388975795,99.64570529559775,0.8333798240475834,21.086402188545243,7.6045945165835445,0.31934755133398834,1.3283800539439228,2
5.46899287938174,7.482441278086355,3.4439929379208722,61.98529438646144,0.11332536826731839,18.46280605827667,3.800059978136305,0.13202672921216824,7.906526032486416,1
1.6140049289719416,2.755249207773021,-0.4100255612885561,39.3982681142499,-0.0012942429245545682,15.975307971226096,3.5298053406002903,3.1406665188982203,0.6310077239312568,3
0.8927324872125307,2.6078204665518783,0.08010466608283376,36.34720629374747,0.05525493603220988,13.057185972194628,0.3826525256576831,0.4302469518444414,0.3067618885201627,0
2.081303761211372,3.212650457169957,0.049884898813624935,38.604004718179866,0.02735922453019022,14.367373107052916,4.6422235418310684,8.435405304787771,1.3102272797111862,3
3.024319451273686,3.347404664774672,-0.2751764216037457,54.100241482669574,0.15475929731875498,12.415009816757635,3.9450095141210384,4.23491444625485,1.076460995922044,3
0.919599379646133,2.422603768019539,-0.005786371664362699,48.3137905512565,-0.09989793945694811,14.810996707835038,0.5507414877225031,0.4723383807689948,0.6588625441172908,0
1.3335488637495196,2.4771573724436964,0.1560902521055905,37.641808813009774,0.055139299775394,12.508463435075964,0.4364913286229031,0.5089444457823745,0.4531219836851206,0
1.0756010403550176,2.8932640076448886,-0.23029526971602754,50.715441640997994,-0.004142668747266455,10.93071464593787,1.0013619937919829,0.2736436358978745,0.23960425439799624,0
11.119178236173179,10.360286522967845,3.259533389737713,49.73172358462846,0.24030154154644698,15.843131359018031,2.0932031175337844,0.33546634459639557,3.663174566514589,1
3.4238693786373595,3.022169925289103,0.4356194317339581,45.61918220041728,0.08151390580462237,16.703914958586196,2.20525295310676,8.104732720650418,1.5115964738221983,3
6.1228115940723615,6.028380569858841,2.918476169288674,57.86546333053694,0.27033207755242056,14.472838114215154,3.798654413834122,0.5474583857035351,6.086884973393904,1
0.9802267513057001,2.9847009628600296,-0.11826965715296131,46.5538542043193,-0.07676998423168664,10.341034368673329,0.8428754660535963,0.14887327254504532,0.674805737220899,0
6.136773031326934,10.491611620464218,2.749590264612654,54.92131224217933,0.059972924680107904,18.19435187686684,3.1766538485363642,0.17825841499758366,3.8034042432058075,1
3.6052409330483557,3.0508496442093636,-0.37158456964607345,48.85882799343144,0.16608653626635703,13.651476518986655,4.170363549417946,5.131257570537878,0.3809596180122089,3
2.2854554325317604,4.821502243016871,0.2947831369871971,93.86332431776643,0.7733850876520837,25.094577171617757,3.4455925647286367,0.38636446062169766,1.8132172252587555,2
12.752341821868292,11.351900684246045,2.1113325001532512,62.73168672949656,0.11550056457569903,16.152234084995996,3.0044946083608357,0.5780099389116926,2.9608747152450756,1
1.8786931507068847,3.2067499795950516,-0.24477610632248006,52.33116289364854,-0.03004728886670485,10.143039984143185,0.8710699560414413,0.37109134857765597,0.8817695183682813,0
2.4062863457919708,4.384331559000531,0.4631541980982754,89.4002715530212,1.6988873321016968,25.44935872328198,3.3477412439696423,0.16850136703107765,1.5942361772877123,2
0.7763144315108522,2.7254966417118953,0.21116740185973767,40.42237583984522,0.04368838931218233,14.145812646794084,0.4354261051816984,0.25517208347726167,0.33260106482796675,0
3.6818977156143826,3.2558131606591085,0.44453087730888213,104.57695540091142,1.6645379818558512,25.514413831567616,5.352930574166904,0.19543113289705846,0.5285646932557994,2
11.178994529937217,12.32898593575198,2.4351841008087947,51.23392739444991,0.07374208909823605,16.49996104501815,3.441073537580872,0.28178387984305425,3.656401329568908,1
0.8034552452970203,2.608519728339731,0.20584886475425002,36.4908033319955,0.04731737007478487,11.030430834495375,0.8544875587569554,0.42876114333918297,0.6951891067230518,0
1.5542216147991277,2.7355744834291627,0.03920518562392045,29.619882856181093,-0.08317613122747972,11.473189866933573,0.16283127991988278,0.15344060219845626,0.27329336048446407,0
1.6034265233458183,3.2355983993419852,-0.23343362847513177,44.433076636042756,-0.006343158419056919,10.246974022080693,0.48544086418616506,0.45602240003254085,0.8159709857843015,0
2.583116759632977,4.151478908841007,0.34498495127903006,100.07982301469758,1.450082698232042,19.83824824146194,5.7952933153195705,0.3624816867814124,1.8287465149725728,2
8.084622878179161,9.752686557308927,1.6810349347220361,58.300685936592025,0.08640250669316946,14.645271625216463,3.6103397294799446,0.31040289947900956,7.109716730260266,1
1.0897303676841001,3.3508502060787464,0.07078023897106334,51.38228306368388,-0.0524465359778765,13.595432858781383,2.0326685992946567,7.927347938102011,0.6906017058158863,3
2.0641108496803287,3.551251995846882,0.12598510849225675,83.39432961293389,1.5299020484983927,20.97302848644253,4.433115651187502,0.27910310331699445,2.0740720998672155,2
1.1030604623922982,3.45619424275866,-0.12088115725874193,47.22672917244119,-0.08161637915696565,13.957106555646106,0.12124158001874413,0.1454493315716433,0.9156812336771019,0
6.320849700904487,13.034639621741213,3.750039631162258,60.28488272462931,0.28981985090439205,17.888916373466717,1.516435857866168,0.18166157618494946,5.018237068199416,1
0.9411087825334541,2.7629459686904974,-0.14137016008889547,36.201235291577184,-0.08933805002510871,11.950021599283032,0.32683513054810953,0.1582487564841179,0.571524706526638,0
0.8092922135333902,2.6120492326299645,0.09149174241057165,34.82439682402325,-0.044750522269767896,10.566234763454482,0.16588237845533838,0.2638397911353092,0.5675440316300628,0
1.557792314928357,2.930658719961601,-0.08092040251387561,33.91825929990503,0.09042334345560689,12.277445457628945,0.5730827029617298,0.4491189882294716,0.24602312233066032,0
1.6809337230775685,3.32489667396356,0.003546412723875513,45.37989690437383,0.06238926644892942,11.094534004214449,0.5038754367535984,0.20678556896332367,0.9673996752748963,0
0.8281272949874757,3.414767953560571,-0.22942702870865572,38.63075443836651,0.02391793987656482,12.626430595318233,0.468976170164507,0.4410374252865786,0.7150821093155414,0
0.9553443957095756,2.8426522458528343,-0.21778674022662517,30.050134207665145,-0.000920563264894514,12.09488879540346,0.40619757658281186,0.3279583122419105,0.20420441945090087,0
5.511659555679096,12.875040394344396,3.66463722136494,62.80972435029521,0.10253146892791444,18.40089644284713,3.9721139104114305,0.2411020066302158,7.39334809333115,1
1.2287219031744607,3.3816243657013194,-0.07329180658962704,29.915875502657137,0.046619385440113834,14.243042396884709,0.20356949027885504,0.4605751865775711,0.6298228579263259,0
1.9686427571086016,2.572657894799593,0.016805999776993194,32.148787254541276,-0.049244689052565085,14.501681702951036,1.0445860512718887,0.4462850514324121,0.36208936282801246,0
1.4026130063381048,2.9485413645721756,-0.2602195771183061,54.020749914483986,-0.06371597537515818,15.910450258606659,2.803485563556426,7.171840933771692,0.7647193463149932,3
2.1254914789105546,3.342261746849859,0.4760879607406298,97.94258914587073,1.4335970621647893,29.071055229594577,4.8511215430711125,0.3241159611155244,2.013191210774434,2
1.0054562821342028,3.5327112774075453,-0.23341822997396558,45.75827630480212,-0.05821508538153281,13.017568679890815,0.6153630658091858,0.1614951376670362,0.658673908022444,0
1.964614198773315,2.5830683388131774,0.17899911863432102,35.29405899950795,0.09055628540495173,12.575524392266345,0.4606924809082581,0.22116981262587634,0.49076515687686995,0
1.615503922910856,3.757832525174456,0.44731710160211463,53.12310956204788,0.1130473147678683,17.33828344481672,4.74725665785528,6.813473887152557,1.4486133768688283,3
2.8664566583080244,2.869767536406212,-0.379517664535564,50.13242644166321,0.09097043937950566,16.281083247692155,4.738277895219661,7.516051879392934,0.3872538969258171,3
1.8321059352887494,3.5465981429150593,-0.2690513358947545,29.959197066241806,-0.05032500392610044,10.918744446229493,0.1714805551077589,0.11943995777819734,0.6105103256652483,0
1.8713926111922783,3.281271559598862,-0.04371827618243205,42.92243452680112,-0.061463469699843905,15.23583412827124,4.668343682297608,3.3698480381455913,0.7683226057105512,3
1.152132520381487,2.58703814305935,-0.3247083794091022,41.45355051458187,-0.06211062859466627,13.481110924579331,2.160026067167952,6.405352983493865,1.047148138293653,3
4.243424070166214,4.365563394642272,0.4557032678750128,94.22847391106558,0.5289664024848383,21.201411422362323,7.417445198546159,0.41062106104915436,1.6763087236533818,2
1.608285248843603,2.890533894446398,0.0930286957094108,47.92019480329178,-0.03106428185917746,13.82870516855679,0.9481427956285051,0.4811158716006946,0.22883077449306394,0
0.6141099373038794,2.8315775967397805,0.024009880990242517,38.80584648366149,-0.014427339270991647,13.79420530094421,0.5905479942589517,0.16108391281873743,0.5460553756494102,0
1.7358141372914049,3.20106591199106,0.16817213143463905,40.55017655646635,0.004455545452955518,10.507383352052488,0.11918453835236582,0.3192453906914699,0.9013077419289436,0
9.218639741286289,8.75963515985856,3.8524763284782004,48.40165373770225,0.07141302112213856,19.110480579366527,3.635581991583525,0.1350985317336643,5.417064606546575,1
7.70323961292237,7.350474514295653,3.9955821224536723,54.80033788337731,0.16789920966988428,20.28456768435456,3.367158863339897,0.1299310517999409,5.930911608189368,1
1.3481822358100222,3.0426300576300376,0.04800549757526347,38.970293610110225,-0.08236896487063353,14.157406123913457,0.9679252699034098,0.339064984523323,0.7674286910571515,0
1.2489312442803397,3.3779917191096978,0.06991521979517414,42.40909002701164,0.0036798310025607617,12.389898164880336,0.6215074280965864,0.3655601258169383,1.063879958780169,0
3.0747098041919627,3.8208225356904424,0.2555983560410291,102.41501017208097,1.3301608106262364,27.510996957096996,8.429609848143297,0.4148417488270274,0.7398673665581023,2
0.6274198422473934,3.5394021141504117,0.1838753807900699,39.15699165519351,-0.06935881035174683,14.129397612835179,0.3821070427863918,0.4496705761413073,0.7893664110681275,0
0.5299025297506372,3.226644236370921,-0.07456232072398244,45.14324018898763,0.10219611240946769,11.41199885329417,0.4247914007785052,0.3532836634001804,0.5931680981419677,0
6.787742242295244,14.545163766346954,1.9829162505293623,62.65752429679572,0.0520315883119971,14.566637710813676,1.8066959324653453,0.4423877609621246,4.7836584600087475,1
1.5670440252614686,2.806361291289024,0.20419065467366285,32.38490426434231,0.012780841410137758,12.14375967594703,0.3266062465614854,0.18450487189036577,0.9528062816716907,0
3.8197688690430356,4.478750868223945,0.27616007860248726,90.32405220258151,1.017254224945856,30.097254196623275,4.798300773895616,0.21178809870465878,1.044738875353285,2
4.203073228923484,3.2945344855872576,0.020523244798525683,100.63657244431992,0.6429395471510725,30.052358271451425,3.4650611067315147,0.15839857782011565,1.23913579352099,2
3.171156894513314,3.8254392595503486,0.3653652954172246,104.90952304248869,1.1694172220731147,35.853052033376905,5.910212713336736,0.26624597845411374,1.9615306943727542,2
1.5527157619242111,3.0356634479784415,-0.2565300833672587,42.32055451206622,0.042753652617146566,10.472807666828853,0.5857256152650299,0.3816156705822419,0.5848138262681739,0
0.5312184052002863,2.454024342634735,0.09525723026466586,35.482128086195694,0.022767746268295017,10.290543351508141,0.7930026259228903,0.3882837222655689,0.2318521011118669,0
10.36460113446795,11.855733966218937,3.017628646033738,51.55701146639833,0.10623003315489031,19.69396806065003,4.393814349274502,0.4045139173780574,4.981044459385589,1
1.4273661259658308,2.7923282269890297,0.06701129340138617,54.32013124874913,0.03789419606606388,10.47297829393628,0.6491943914873995,0.4114241024324421,0.917436444379163,0
1.7432655992558426,2.8980248563869315,0.23742345989486094,38.6385108095717,0.04238319100756352,10.598469373281057,0.33778224086178366,0.4448530076633019,0.821068906929662,0
0.8174598044780319,2.6921204484298737,0.16753768844462424,35.91773363314987,-0.004961582075855731,15.154819178841992,0.66294187114094,0.24693517790985023,0.6578329915443265,0
1.3997524416251674,2.469915254304507,0.08973148105324247,43.54722915862198,0.1275652934355344,12.831161241196316,4.7252575903852225,9.089538678393804,0.6760452608860155,3
4.1491863716509965,3.916647895676989,0.4014816589101744,78.9876492394078,1.3536355478931503,22.430381567766375,7.280175769751107,0.4157249865880651,0.7491712906610839,2
1.7830299127916855,3.515500261248299,0.22502157704070544,41.6091323595942,-0.07205964667488968,14.257108691652062,0.2372812458039533,0.2571949332313645,0.3114283623207646,0
2.601532950186929,4.551393472581277,0.06035092994858697,99.80218329173152,1.5471427727920772,32.38566365172579,5.525994256868095,0.26257446346982083,1.8687245281444969,2
3.8369292924892715,2.96726130527438,0.2127186424565845,95.40113930499935,1.5240105647744948,22.7629111490918,8.019631922267468,0.2917365699313965,1.3078304181384102,2
7.8640200219680985,14.059416470631094,3.6155486464138376,62.15065735031666,0.11590589873236441,13.407480444473642,2.7098125138174285,0.44164836463374935,4.600328410101455,1
0.9900991891363,3.1061667519560094,-0.07973036779494556,43.474544799724335,-0.026276750679543912,12.007897210696617,0.2952250393683139,0.4021346864211916,0.3333614633145635,0
0.9523635444967823,2.7413307038804424,0.2822436729245486,33.12141880750702,-0.050378061524228177,15.401432606810905,0.7705513770748171,0.2814113897958387,0.384967776601482,0
0.6034074085990997,3.361412458863246,-0.22556171534259897,53.86300707516344,-0.08979765998526797,16.188303254207913,1.0368192729689132,0.46014543273266767,0.6173016856841848,0
1.4043194474223646,3.0730712270349207,-0.11695175683886873,31.277495871682625,0.07715907900775806,13.512359005565752,0.6293752371324863,0.49742071537585064,0.9222855533701143,0
7.432154098234684,10.907295677383523,2.083706003220381,59.639173773883016,0.22770693947599588,19.56579255992242,1.6333734034121636,0.19416905809592028,5.582440224004589,1
2.110934345241417,3.8627420551856764,0.2682708937405233,35.540864346612054,-0.09009163465324382,17.25306858160669,3.490374610377944,2.8884770445345778,1.382084264537437,3
9.711254553231713,12.417809989444862,3.257214773677739,57.48208140209326,0.1997550488073427,16.150578603629203,2.4570158592327767,0.3606487200503921,6.435194357363939,1
0.9423631142130124,2.5967961825167665,0.18709669325069334,38.95515709736848,0.0014101723664115945,11.94572460591114,0.9913021852349626,0.4630868316814568,0.8040106013049212,0
1.9593746863319008,3.2038456749947777,0.010700255624889377,112.4505826900602,1.2830726753884751,21.457741544385826,6.071350586232618,0.4215967032693048,1.6221535051301275,2
1.7880064881771482,3.311945501376631,-0.06511010626137076,36.16256737642148,-0.029893442668195824,10.796145813156475,0.7108656716811639,0.32306898570801923,0.46239004556830415,0
0.6986450007825261,3.784354582248706,0.1315715891094606,37.96441203865811,0.022525705350341353,12.52739747595789,0.9247201882793663,0.09657470126500643,0.6258734301173169,0
1.0896314598578996,3.212519773522134,-0.1219289631438227,37.37825500508526,0.09292262030831318,11.176317967226018,0.28020926501562854,0.45359330144125815,0.8697408532286168,0
4.8046606739164845,14.013384746456875,1.8955688489874776,50.10240212339738,0.13539467418236809,15.71829256014644,3.0874426506514543,0.24063616347218864,6.375130461855623,1
0.7941360554433458,2.6518915609262077,-0.2046602950401796,47.784909051575916,-0.0861935995971912,14.814983916263621,0.6359093938904377,0.12625724531048318,0.6210553374307681,0
7.365718014230582,14.140921081409362,3.672573905933766,56.04892135409946,0.14670400618028057,14.969024299818424,3.736579960214731,0.237625521548299,3.782252253150139,1
1.7671752744629685,3.1290683583346026,-0.27814286833850055,42.52113530478369,-0.08192948119512765,17.202175100553934,3.811233382685673,8.53180565576893,0.8723423588717686,3
2.800945657158548,4.196346221837998,0.3639279815512783,85.87666117456708,1.3020320963911627,31.421731180358723,3.8435275547495813,0.11602800477427555,1.6512053070357964,2
1.0245855271506001,2.9003244344799386,0.07184280070521736,43.41101251164409,-0.0968534469426145,10.254459146799382,0.17711503778038043,0.45600037612970035,0.6659494884060603,0
0.9479254331272825,3.392443934062359,0.12064561323980595,35.916103498386995,0.02008747524828561,14.974120473556033,0.9778415419236278,0.3027323590164758,0.920985361093925,0
0.7678357034632715,3.4807808569008785,0.30119113160760425,38.88270949124552,0.0975600520325746,13.55752822814897,0.4334968466508671,0.33810049423483907,0.22670762238104178,0
1.5850408166593926,2.8860042158557553,0.18362440801819518,36.97066632876048,0.09229561671424873,15.064048273287394,0.9132465837146528,0.3238493622875144,0.8617919151508892,0
0.7026983103503982,3.5555014549345385,0.03691118178251923,42.92240589373256,-0.023286429661714153,12.942131926175087,0.9715027830603719,0.3020986751834875,0.7623471745462406,0
0.6928750910715469,3.209933461436687,-0.08338272902854652,42.17705991832753,-0.008452917237762966,10.26878278491249,0.1366983791930886,0.4321646861948072,0.8661895779476687,0
11.894559329128974,7.668971602640364,1.7872974309051597,58.853162882658864,0.23944470271799786,18.48510896436278,2.4203540811831403,0.2693512410555757,4.909099011907795,1
10.798325391846031,13.0284052437432,1.9181078411177908,56.29746436468413,0.13071405455682078,19.800966260373322,3.883610131488837,0.22787336751032936,6.301930625198821,1
3.290169967835527,3.224851248806456,-0.3474555637257315,42.5273494476015,0.19203612791932426,13.239590337517104,3.9476688442585304,2.923769643367726,0.5844242475284681,3
9.259080975688535,9.944749881618367,3.3270668723839787,48.63457600388016,0.2531534264539105,17.148392006837465,3.3458105494709263,0.39888797067177656,7.9739206759376255,1
1.731837948678654,2.8908782824257555,-0.04569490201623354,34.07170612496094,0.0806134015283159,11.263024635736476,0.6795700013202733,0.297978535297404,0.9462388609970988,0
0.5191572175509062,2.574871536082939,-0.31172219541779356,45.13630489885989,0.058935607731726396,12.823418150042011,0.7245823286101997,0.4177258118012044,0.5042399005374254,0
2.003082799406844,3.1107129171707117,0.1665077754354015,39.24593627528103,0.04560775332257576,14.358723909464716,0.5794621599309798,0.266269158343988,0.962558761471429,0
1.295107373855314,2.594629518261227,-0.11611260395460185,29.49120087832828,-0.09525800302692342,9.972500318316074,0.9973045573479787,0.16653021384052497,0.6472707928602144,0
1.6526798093666482,3.533803430860686,0.12583313624144635,47.03161491855116,0.06515092764348031,13.361011588571644,0.1391263015154285,0.4346763248872192,0.3306791464006697,0
2.1409820087822475,2.9468362299734774,-0.12217885325064816,46.898118199340935,0.1695559322240153,12.902693192369012,4.5618010171284205,5.866888297284351,0.8133326121413702,3
0.8294350830020893,3.5238477587132526,-0.010494030884817464,33.95570402294951,0.06908528913729525,11.276557574609017,0.20906134979113236,0.4938254547926005,0.7835753714983051,0
2.97822556902383,4.154031590080959,-0.20228124551678744,50.82847211270744,0.01830786788631371,12.896434415076627,3.743638318191677,9.166305745113007,1.4700573313077303,3
1.7905650258172516,2.5158683516890212,-0.07979197210756737,30.577603003218503,0.09581933514866209,10.005041553293793,0.8592307260727778,0.34431214957797524,0.35579978291165487,0
6.685113665549896,14.064752725027997,2.435582213420414,57.67842500428237,0.1271576314105437,16.10566767519028,1.8957416941193368,0.12373810690540112,4.35576792562336,1
2.105197744435939,2.727913613045367,0.12202984876980855,36.42616655604847,0.033408897783075694,15.39766307910746,2.8136343462548643,5.429898250865622,1.0344077153512752,3
1.0747434356950105,2.8733585006803146,0.01662067834115486,45.31852983689017,0.0970913059011557,13.338968256782325,0.41527336039567747,0.30775014914939836,0.9210024725631527,0
1.784434316044735,3.029704072462958,0.2570410073812117,27.76331099777095,-0.07758368877307684,12.439144751925808,0.1400775246985074,0.32002629005595273,0.4231215509513931,0
2.534729717489362,3.345391525089479,-0.34127129125105615,49.03134517547159,0.023697819551822884,13.764826269633339,3.541327247733907,4.011317860444341,0.511125507454061,3
1.5640017849919952,3.1100202490076683,0.2573014273149418,44.06548447102766,0.1022383115453556,9.59156459281191,0.653574644724363,0.4216798803260342,0.850016543640413,0
1.5867508074957446,3.521574171963369,-0.12899373890161356,31.15966124646005,0.03764799747379642,16.705453618016854,0.6556472414715766,0.43043330793702317,0.6796389034887614,0
1.622278432684221,2.948050111839762,-0.06593429208444883,32.27856108540811,0.04233425405527552,14.318694959929331,0.580450577962206,0.2672693238466487,0.9200165141293319,0
0.8462687513227826,3.173971647509044,0.0358953621025997,36.27570663666996,-0.061681378475029996,13.017037078950102,0.8348719732596173,0.14846168334764642,0.8442086337803691,0
0.5153989291354241,2.8409940479398657,-0.005357478655051808,38.473749285871676,-0.01873136944119086,10.903140564812192,0.4384302739635048,0.4945589794416907,0.7195958282617718,0
5.849864802039954,15.397130876570632,3.005424870354876,58.58418147778248,0.26937235958163314,15.635596583444844,2.2580306269044295,0.32947778931566407,7.0099793847003715,1
1.0884334690573911,2.913246874030007,-0.3861008038504358,57.665299068398554,0.02239935309378753,18.24579843340251,4.504893226293932,10.577562824397335,0.5913840227643993,3
1.8728339037112902,2.88448339603837,-0.23229567492554704,47.01546531270304,0.021836099642205453,12.05149625273183,0.6607474155790664,0.2715160411491621,0.6332532120728742,0
8.83646125545355,9.127178029088302,3.2994364864632932,66.54048073936237,0.13171727478832138,15.317747857212828,1.9778520328678926,0.1128481372365781,7.283193526489865,1
2.0617528081345036,3.8673156826479893,0.14555171078722137,39.33644888608083,-0.05757692449509843,14.096976178578632,2.765052011658861,9.674148146759535,0.8585486611957087,3
1.325039000874386,2.9690092166072493,0.21068776313894041,50.15033608134806,0.02075738777345645,11.98160029385538,0.5647635525503326,0.11116257564072049,0.8715903666354876,0
1.7815685315463485,3.093793507668311,-0.27773008668389265,39.143493110217655,-0.03744307164855296,13.779159150443336,0.9041322971688195,0.43038050094702496,0.7681769513246793,0
9.41908844339346,15.200974747691715,2.7047443991785385,47.680474591617696,0.24098343198334715,17.07239229463146,3.5858520964108207,0.3780060298110945,3.257812754532281,1
0.7986466350364447,2.9762731667457,-0.0642946532488722,46.185030934630355,-0.06720745742732215,14.837447134682932,0.8261960877234907,0.33734220378509655,0.7759274650738619,0
0.5930896488314767,2.924112057226233,0.1338156705930776,35.209337641446055,0.04278167609570436,10.510756332742648,0.2963654620594082,0.3879151646623319,0.291332142833279,0
7.120101791214507,9.426957869690883,2.7729068768302922,46.71802328706331,0.24342226369198552,16.87621611482471,4.0676432371199205,0.11398753521774359,6.359689242407384,1
2.0131264926767805,2.6527132618082137,-0.3099020951333915,37.96586723269954,-0.025156220777191617,11.69825916842567,0.1748204098056252,0.30829729415682705,0.40864127732160344,0
1.0359909479508436,3.412460289908876,-0.08003035953026255,37.104711246267776,0.05581313924910702,11.490971302925585,0.1509877160150682,0.36714940827781256,0.5186652966822559,0
6.001374938489278,8.924432727773928,3.6917618146847238,52.39374297450339,0.059170270218954844,16.045700076528245,1.5500132559992834,0.49509224152222864,6.9339282594844125,1
2.1886623266004674,3.8406099978402657,-0.13120925228735,40.01958548643758,0.08652565057070848,15.129712694097815,4.410322310285465,6.074778584512652,1.2862092170829156,3
1.315054617546976,2.6596977115884286,0.03700062226951758,33.481067495627045,0.047412577582227354,12.53533437588087,0.18438799421675106,0.47341900443358564,0.6844403121364343,0
2.2553452049395393,2.8778521875629495,-0.3919238827014173,39.56797573057642,0.06256245105531734,13.672402504847007,3.447025545389204,5.776845920168971,0.3258485147378086,3
1.6230108965880419,2.8374506205877905,-0.026310273081133,42.462573595338924,-0.0675480356012664,12.47267676017089,0.5826003467608851,0.35654737598946523,0.8945706738697405,0
2.2486038851102363,2.9391596301251086,-0.3670309889808858,42.15740030762993,0.12667060606789882,17.70620646653675,4.395430241768309,7.910822219086444,1.1725390323577245,3
3.591634959947851,3.78122815016951,-0.026173537276740343,37.722103594453216,-0.050243956061184494,12.517106405673204,2.133163239377521,7.651298023899091,1.4180592131621335,3
3.3312350555714834,3.278935933901347,-0.10481995675875413,44.26718836122076,0.04438259501745671,14.50770730033753,3.145374134874621,3.4654611603274055,0.8089727121585493,3
0.6831623826489549,3.2568649859290457,-0.08603747184278217,33.99297100421315,0.03362650098757782,13.826364557974333,0.1722573524582947,0.5030878215375022,0.48267468176877576,0
0.9963916414061186,2.394441686701387,0.08212177594324227,32.04788824989596,-0.0625987009995103,10.316853174413286,0.2435107263016877,0.39060633196417227,0.20954750583720017,0
2.482506196588928,5.218024782530745,0.389536580441186,89.29346125070042,0.5527730859255854,25.292697788289185,4.456094815765908,0.4341374735183526,1.5281044238691,2
0.6752213175516418,2.553984386283845,0.16554650106163224,34.83485880046401,0.0659977656487844,10.540586888711422,0.9044055631900543,0.3475121530168561,0.9600865343902919,0
3.2216738310848423,3.1403648395992394,0.04087818447964799,48.58348635387712,0.009402564189159702,16.066984823713955,3.2614202379578483,4.332884141576824,1.308920420587895,3
1.0489120195644166,2.8727008557881173,0.14225986151327127,31.62738041616571,-0.0570566747381765,11.084440318038205,0.8351096535589315,0.13616308220477363,0.8699999065598707,0
4.259736232197344,4.007084454021197,0.08200292416386974,83.34971261122057,1.4284330116855923,31.031725598682282,5.8643832471154225,0.46710448559946577,0.8993138554913626,2
1.4895646240728346,2.594846581981996,-0.2680192149078629,32.26159322356417,0.022141890882435032,13.535964875140296,0.7254270863019286,0.4282132285990439,0.33363244478917475,0
2.6997578311820902,3.1889591145237155,0.36202870762087064,87.89719312932124,1.0794882157033001,29.63735591801918,2.986454948988362,0.26718724236287705,1.053376798043346,2
6.847771107220064,6.9463664361722115,1.6150698262528442,60.840325770351214,0.27461196278442024,17.948079418156095,2.542397223043942,0.23501633466952962,4.746344008072421,1
10.97607299270756,11.023105372656444,3.146193382882926,58.47886193948067,0.16471602756077192,15.514599641313636,2.332572485683683,0.5238250366023401,6.5155659698708055,1
3.8488614014920435,4.763428549445124,0.06508882138129976,84.72470381247729,0.8330423473974718,27.324022750046353,6.274164354447857,0.2084035539293654,2.0598654253749022,2
1.1293480676896126,3.4662835126565463,-0.19377552735668996,44.468403591922524,-0.0355333948254892,14.629119156273608,5.189762402054522,7.450736862168351,1.0640421400794695,3
11.507894871019651,14.709995724379219,3.0954195579910495,54.602942565013684,0.2627362973795129,18.700458163139036,3.430924689265245,0.30372609015282853,4.940189134581887,1
0.7302087276040357,2.728209296030222,-0.22550611265092452,39.54515722352499,-0.09537964986776572,12.23030148700151,0.23007516127628105,0.41228093332669163,0.8743698299590295,0
1.7637552071038662,3.2322654020604658,0.026014897640966195,38.04857811117008,-0.06834414119651365,13.27074750348146,0.6615007405566102,0.30612613133151706,0.8177723524980071,0
1.83290486205405,3.326845214349884,0.034956577230585574,35.436397152665336,0.060524270378641304,16.456734072435854,0.7634348084650348,0.20178301157223918,0.456210191753257,0
11.252161443307012,7.435389412172459,3.330172399343124,49.960268695179295,0.2719500197797812,16.35570720622618,2.7373144280119606,0.4784486949222102,4.391010370801692,1
0.5530170568985325,2.9575359829287944,-0.2471657249268923,40.34710524587341,0.0684196877175776,10.757579969677616,0.43597666827506004,0.45361492869476305,0.7142949239399904,0
3.4296770390864806,4.552612051042245,0.06644737140874737,107.36720654404556,1.2497844767750197,28.37051993507175,5.8635138296491744,0.16808329438654357,0.7396036178373353,2
2.4161880233923845,3.272976459374907,0.4041648516658061,102.77253844959883,0.4860274106628394,19.849568635614453,6.054595582336757,0.16971719288337445,0.7272644311335974,2
1.9072347145923283,2.9853320038220827,0.1085509726009754,47.47264560229954,-0.001411948552598574,16.02517518636624,0.17929925509285746,0.15349587979009796,0.460221763640678,0
0.999624759993883,2.8653494063719602,-0.08242496763496542,36.267499736133246,-0.015424550368374243,11.892161757302546,0.42693216687681806,0.20270642567730202,0.6336573157614457,0
1.85005579060784,3.428180221943321,0.06821569743986274,57.110599893293724,-0.04753302242086248,16.261132591003204,3.6895982260205775,6.959892242675346,0.8838827866956765,3
1.8038254660420117,3.4565103547094376,0.00821986322924244,54.9084951631187,-0.09148506014670152,13.983667538067488,3.623328333352283,5.726659555907606,1.01356837262878,3
3.557818080195007,4.524515351901949,0.3307356381495767,82.40883216927313,1.758698751997029,26.886884932607185,4.386646066219245,0.33103397027824794,0.5988518346677046,2
0.7304875876184015,2.573389826757661,0.17564742391273588,45.07192304360744,0.01420423885071205,10.659870063248801,0.5500950315302796,0.4668626641179649,0.5218392665139963,0
10.320700160185767,13.231013470608293,3.847445730096837,54.03277456539726,0.051612255562337436,14.107451388160131,3.716186409434312,0.49752629012122945,6.026402497449038,1
3.7123605904957864,3.384853061107293,-0.16193252108408873,49.26667613373902,0.0064136881453319364,16.084678924395863,2.898991579823475,5.596900193837334,0.5959085746179708,3
1.212668578426537,3.7620764260718236,-0.15108970619206188,39.500792805316685,-0.019498811412347862,14.505041146030305,0.5624321226849075,0.4576527451553606,0.7559941854892882,0
1.2109690644110953,2.757500288989493,-0.2711995382804527,44.218640724111005,0.06502789750184257,12.348507419920544,0.8628393522065421,0.46528177899818224,0.8591494695677477,0
1.8201887683003912,2.5135800738619327,-0.267263059869899,44.431608223081945,0.0718808687365353,12.00406823783129,0.7764314770580077,0.4304866013395504,0.4412845095728146,0
10.712981115351266,10.089690790075176,3.1131740112577395,63.69061851839411,0.24907476791430558,17.420850354527275,2.29060065969996,0.24449057345121078,7.063885981497641,1
2.0146804807459606,2.9942695371660024,-0.24927541238347595,45.508795672228636,-0.08723482787969877,12.063914511213143,0.16764173473283683,0.14827555355574124,0.7404159660009585,0
5.362879282775553,4.055378060208652,0.40068484409922356,102.20411814583566,0.9528742000383512,30.117994672555838,8.321476972034294,0.4593183827194104,0.8237187510870817,2
10.425183347632032,14.248565198564016,3.6398867362993066,52.46098592181981,0.1345327572421428,17.86934818894421,3.6561086010040493,0.15271851283106197,6.717056810786705,1
2.8923578662718867,3.9908168028528666,-0.19842001006733267,53.40454781343337,0.10999384589396373,12.968277193611074,3.0784531292190462,4.210661511516208,1.1854487684917385,3
4.609903808450664,4.735280184322632,0.048551871423094126,108.33651200817856,0.9887211331064308,20.665732611174693,5.38099183759239,0.310243535648511,1.6948254204481614,2
1.8778931278407576,2.5542613982278497,0.29353988456609237,34.14107685042519,0.058312867996571253,11.35655375776939,0.31327779527599686,0.12174188230339006,0.9424954887147377,0
2.7181622911817707,3.825969687727805,0.3765138485001266,93.71788809305168,1.9353669737638493,22.872312092618575,5.7442420114578505,0.1455378866679718,1.803175297165499,2
2.0793129048192616,3.224654084396892,-0.07735998580769957,56.36892248213134,0.1666061252707954,15.439962534274459,2.6316310355341663,6.583908541065408,0.8395834389742537,3
1.9761641635418519,2.989512096426416,0.06384290850611256,32.58561091616264,-0.017946002461752444,10.9176161774269,0.5352990619951387,0.37719816302415005,0.7709835672132612,0
1.0309473643297749,2.968333167159806,-0.009327062981109522,39.35809714324338,0.0596406800228131,12.070961691235208,0.286145864268909,0.5011826783400052,0.6916812405463147,0
6.180418308826801,12.163087303304714,2.0303176450708595,46.17313295288874,0.1597640278282437,15.515174532321776,3.6970998534991453,0.4166800673724651,4.008455918547171,1
4.101039617529153,4.667757457424077,0.35117006169472637,75.51311166625955,1.9224441780756953,25.244218635119648,2.872107998276394,0.3374576797700002,1.2176082719724228,2
1.6042801669138755,2.980132808082045,0.24707871164563777,45.17283635032839,-0.09395061236412404,10.527215770792278,0.8044173781310916,0.3006169685810342,0.9460070252809537,0
1.4647944127399575,3.756008888239813,0.07117646063745815,34.96111762805042,-0.047460949123735593,18.043130418781992,3.5002492682359123,4.136348620341159,1.335123878941843,3
2.7779032567951965,3.10277690190413,-0.4758799792925734,41.26044903502604,0.13356121578365704,14.347896689890813,3.919599790790386,6.985843849112771,0.8895540410591154,3
0.7744491921668553,3.5210743565629743,0.07961055182312093,42.42233655167496,-0.029738347522175287,14.484295236016411,0.612472219600062,0.21818339961300917,0.21845861096284097,0
0.6040909538591857,3.7755929324715725,0.13705170014976858,45.03830935248677,0.018536326843075396,12.0406681002449,0.9617899133402192,0.2399778606038016,0.7234632628334245,0
6.038784801200897,11.499896958985005,2.2907262676419395,57.219674448057816,0.23542020347010925,15.43016934903883,2.6404082658459824,0.28406959029051543,6.78645975166074,1
1.1410863618519083,3.3052006250212815,-0.12348535207409,36.99697971792208,-0.09428515984358002,12.393724916309274,0.5190725871694155,0.44659953458760127,0.9119491156983114,0
0.9841535654233523,3.0099842960531458,-0.18607083547682418,26.40332357612842,-0.015416768224726412,11.214142512565772,0.2613536155013366,0.2871268359494125,0.5439446474518582,0
0.7383551689143611,2.9998138058347528,-0.13817240407429648,40.0761256800167,0.003771211477922823,12.666849670861849,0.18915754758731548,0.13479881120451606,0.9640628738337151,0
6.496950124066578,15.01775897784942,3.146229579991341,60.0640531519686,0.2588413685326467,17.851648721705242,1.8739690659860226,0.17710404175009956,4.719736374672972,1
11.186466083173679,14.120520579680615,1.9649449300266821,53.66548443257694,0.06447811646418466,16.261566412748074,3.336339362901075,0.11510559965444739,7.863549474322047,1
1.4178799848008996,2.994352337056259,0.14834830172532068,34.58841943201693,-0.014500545544978719,14.910920144307031,0.21725997571340114,0.3701114322588089,0.508359539993084,0
1.2926499903615163,2.715631922847118,-0.06986827360631717,41.902591255161305,-0.06617544794071578,13.201995062464526,0.9673001438309614,0.48660151620923064,0.6409903970573508,0
1.594471959745871,2.4652795787916353,-0.21300359695994764,42.19445400287548,-0.0938602714279657,11.82463096317282,0.7795688759420861,0.2201526678490827,0.6196941280940087,0
8.975791874997617,14.057826789714838,1.8064784634118798,47.598289447711515,0.16357986067567282,17.39118028574936,2.6502731495151823,0.42081254704348,3.570400837288119,1
1.8925016661872975,3.3951541829308107,-0.27201384840868487,44.28962058205917,-0.04240315324837366,11.878984233048994,0.763856016715946,0.42718240169595306,0.813645374903315,0
1.1664301267210015,2.785716559366147,0.1526152735727067,34.85731635143015,-0.041448074239324256,14.85310800851812,0.7188516558120546,0.2223682957953275,0.6718245556320094,0
1.5139206941042982,3.3254651270315643,0.253988270993676,38.51726493410076,0.09844204193167985,11.852475599843759,0.5274368417891413,0.4482711416667077,0.24129661131794677,0
7.228050172823451,13.85826692685825,1.9974915990048157,58.074944868331364,0.0776598531610738,19.25130256168401,3.159687186270964,0.17003496955551775,6.821077848911979,1
1.8114020615478013,2.9000464824561756,-0.35215228002530374,40.16208936248451,-0.029800090133800514,14.740604890793854,4.9923986787395185,5.5432042667545245,1.4743291249281438,3
0.7225790950719907,3.0257398954963213,-0.1540322824035986,41.6168519120592,0.07482449454944,16.478086639002775,0.46675854008475537,0.22168690586998163,0.9589399557742448,0
11.477978368408605,6.2328100254984555,3.5619898189868087,52.54098135340662,0.2170953020115557,17.111623228040013,2.42551024145723,0.4239737276550832,7.886138727351172,1
1.467244015160209,2.9737616745108055,0.10256271578961546,36.34260303547301,-0.04649551592698853,10.584101446802155,0.7464641680402766,0.11743529275060173,0.39228894576562146,0
4.316970643625367,3.944153061993549,0.049906409239738464,86.36373675141778,1.6165987230673178,32.474881262229616,6.374439326350643,0.2108616581818304,0.6931686070565806,2
1.2368048830629177,3.433395966101752,-0.22577484860817199,38.086742323143106,0.04918844223483729,13.605678718913683,0.968634499408947,0.3906073326213248,0.9161633607326791,0
1.8210083178026943,2.9667788252688516,-0.08662870504644582,42.607497474581336,0.09749988361872393,11.107254209069422,0.6546073621952028,0.4401841622697605,0.6320104541532655,0
8.058732974840595,14.052822497087103,2.007109816587186,48.22395263517715,0.07817420205959062,18.454470353369906,1.9371237582491911,0.37429210255922424,3.4951279397300707,1
1.5639837346048653,3.167478456323447,-0.1780915145684818,37.314472560386214,-0.04292790257268979,10.04329865015568,0.3448356374613121,0.1693086808992322,0.8223366280274526,0
1.2849384433218591,2.476074261805589,-0.1689043001198503,39.10503860336658,0.12505574352032695,12.774624437540679,4.9585398941001255,6.177967846705437,0.8508330352052745,3
0.6418608467533302,3.2354591638087964,-0.10781613553566781,46.227202589748586,0.032078303585482776,9.907217400883509,0.20069404301501073,0.11436545506244583,0.31617567350714826,0
3.139545682369148,3.655906587771703,-0.3972532384787493,57.6002644498377,0.212015123052032,12.765790334712882,2.4723047889313787,4.595478211648096,0.33062226619382734,3
4.41152134063517,4.025531238579004,0.2730105737132524,86.94963144765725,2.011638427350676,24.36382051226053,3.05950073141004,0.11958354674313228,0.5943793222061615,2
6.650190105298383,12.889089637634111,2.075193140027285,63.32010407190013,0.21798797032231645,20.52631134404117,1.5271016576726146,0.5618421190176233,6.991805497520339,1
1.4711741589976834,2.8662144088625086,-0.09794883366683675,38.586680079316494,0.0449230918560326,10.138517482396596,0.6928542848921584,0.10117346053172899,0.6514731052928185,0
5.221984470443073,3.6690729124031742,0.086535034254173,94.73611362838642,1.908587335143762,28.386287441202782,6.092372033732467,0.26071086447726577,1.6759289638375265,2
1.6445519676220197,3.912401108150256,-0.17098682717212255,47.8909888716285,-0.018648992937868283,10.774579638566472,0.3250706273937253,0.2078581795585926,0.29961184034875055,0
8.749100276061768,15.078502062592332,2.665437247884703,52.622040885274416,0.256692210471676,20.51245222582637,2.5694409624143364,0.3917871317916908,3.264617903896847,1
1.5668388767208004,3.3912116335612232,0.1129787840409646,42.176999062894694,-0.014131442735931752,13.160809717391082,0.3809292978142505,0.3021164317645422,0.618111269131593,0
5.1911268747558506,13.019875083548957,1.6917359059810333,49.99162924474306,0.15600466652741754,14.356841101904115,3.9456904881584083,0.26526478586603025,4.127511731796972,1
1.2358461693737874,3.6199205679432183,-0.17268219174477045,49.097749212666336,0.08535043184162774,12.052710135400773,0.5291949578230616,0.3656059539789342,0.6491083085502872,0
1.9561073484989597,2.8271565741614224,0.22712024194969088,38.50946827823367,-0.06112935297646639,14.574842507725732,3.836840997332475,9.606383075433833,1.0487025012369509,3
2.745925023377342,4.083567719360677,0.0881343065351741,96.65492198461723,1.3524716790821947,29.76657726995138,6.337102992598087,0.32975751225563127,0.7290528550218516,2
1.9488680587264764,2.5951911972033366,-0.2901412470221489,36.83084320537578,-0.06898352012453239,13.725363309011575,0.8387206493588141,0.40733288737414564,0.8201100390850665,0
0.6688201340561539,2.819014405075755,-0.2416783934183847,36.43149183541539,-0.07991689094367205,11.618120067908594,0.9162897850782972,0.4675327673156245,0.26408195396009154,0
1.2352086183885669,3.2571299746575004,0.16999712418257848,49.35195344842069,0.14757053079150967,14.144958809157167,3.7892464486519493,8.32572896120808,0.8535863216081337,3
6.486301090080839,15.038935274188603,2.074140497028965,62.05906620233147,0.09148928829412503,17.769056920155236,3.228821980505882,0.4517183571055314,5.946833777981368,1
3.172095639465736,3.9511091678587245,0.4771059708648027,84.51743401466163,0.553574579429394,33.415842361811826,3.6946733959556117,0.26572494086615145,1.625695890204517,2
1.2436731703936954,2.464544617051653,-0.042301045420991126,43.176365652345986,0.07406976053719445,13.981021982181451,0.7152332611738499,0.353124917248552,0.6965661506749694,0
11.38081259952172,12.337089908075702,2.3105774846817124,70.08509789484017,0.2507056162049215,18.43173696841158,2.948462615281778,0.23888228246192209,8.575896581339645,1
4.936825069821994,4.383343832375436,0.10538992046723628,106.91814673030774,1.5032292351959833,24.572829796095096,5.004540211976526,0.4075058739429076,1.2212103712798228,2
0.6350376146027814,2.9351922337462817,0.013200179099865593,43.15022509934821,-0.0805389395620416,11.517808146130147,0.9424442690778384,0.2776759474328281,0.6821119773214093,0
1.5994451288513107,3.618036339668091,0.01790251743527777,42.159673584107075,0.02764031367527541,14.330472170227027,2.86220707845533,4.756544912375391,0.3369946429353247,3
0.5296239437234972,3.4058077086403,0.025343800615818285,36.06532618789381,-0.012730228577310827,13.812776930405485,0.11030287040992152,0.445544018164862,0.5521409535702,0
4.337121546829827,4.423893375377209,0.2774352280879483,110.29683316268974,1.783923386014092,25.448766349429373,5.326599933532465,0.4412764842135757,0.8988650651689573,2
10.347756754488266,11.379260762358097,3.0412744281263064,61.854116305011914,0.2597823950880686,19.99543671825565,2.3894574234521966,0.3292111724957327,3.237989000854037,1
1.611826791539803,2.8079365064113113,-0.2299994605268177,50.46993197385271,0.06572630800176082,14.994837376700538,5.002810002678963,7.614321378463929,1.6510250772785686,3
1.9531072403101504,4.506268870411983,0.04512356538474792,88.74944656959231,0.9446489317814483,28.460166575033824,4.561996372090483,0.3903252838125297,1.1283898620204507,2
7.351493507929225,6.689143926047167,3.2661914086032144,52.67085109343368,0.1964880305937028,15.736194608590829,2.425319951033109,0.16941595613918825,6.338135886041111,1
1.8555411235562067,3.047916406504224,-0.29116794112193145,35.348745328150954,-0.025482883366907457,15.380350877108661,0.4855773664284091,0.3620404524375992,0.8811025838119824,0
1.447387208129802,2.9378001617767624,0.20913286019920604,36.46187324880577,0.04659550117888403,10.38726541075512,0.12989085830369848,0.30515230210405264,0.665447106594073,0
1.735890138753141,3.0460514230788442,-0.07142366990173024,39.652286475287724,-0.02073728633255474,17.653416060102312,2.2094375245067206,9.547298501270259,0.4162144419544422,3
3.6904408235751243,3.466837884285211,0.3094243093580871,102.2589094526841,1.7913328947437288,31.121068630280273,5.075509988239206,0.24911457478373486,1.5711933602328565,2
1.8078863939058518,2.7757081572618754,0.3718533719892782,49.88436168589264,-0.09911128307145087,15.318583037567334,2.5070817230487314,4.828901809185444,0.7674645136005167,3
2.471012054547874,3.6741002099692817,0.12732042266625965,48.14139228707582,0.07440553089459505,13.15869184213834,4.984770456477924,5.084546474556188,0.8064774932965069,3
0.832396147309288,2.974831078440561,-0.050052840311566045,46.38647759118948,-0.08711234554994676,13.138760563408043,0.9721865816221927,0.4660056526679906,0.41296732444041817,0
1.6828948512038289,3.1566586163587766,0.26478149007832913,38.33675956365293,0.09689696428753389,11.11772919140064,0.7766526904818024,0.3799099462546457,0.6083884189570641,0
0.9932502579854064,3.4010792196807693,-0.27995107201131886,44.15533833426996,-0.05586654808766371,11.478340106159319,0.3517620989498591,0.5003703577347522,0.2252941753363249,0
5.3541027214626835,4.337085029324172,0.27487055313169284,105.72428503317302,1.4037690370227998,19.606707425744098,6.029340010694167,0.23138659384719815,1.779460849756609,2
1.1676736417300693,2.9113317005976076,-0.0870655595897181,35.38280277482803,0.027205079100484388,12.326361009199644,0.6437082163864121,0.44823340881651186,0.49781020152744415,0
2.008793704674289,3.368955175079945,0.03650287047913005,35.789679916295974,-0.08976636341851774,12.136421096154136,0.9118311426914238,0.3892211675648847,0.7251831058561828,0
11.262920735532923,11.851827372717835,2.235442304856799,67.11368958343637,0.17173732922243612,15.223390488341863,3.289309552990971,0.544761778071958,3.6974440166718208,1
1.6970017011763656,2.448476851832341,0.13920630479586446,47.29316147392,0.09413732761397786,10.853373360897379,0.34579286902968387,0.30358537101609734,0.20314599482194595,0
1.9560924977357892,2.7112918814605833,0.07766141438851908,42.307759555489724,0.07207580829903665,12.238688702548702,0.8123581591635883,0.48094283281692446,0.45136695019230894,0
1.8023977116716365,2.6875428348060892,0.08796313866531966,47.459383847752406,-0.07287690743216721,12.903392407993884,0.47270696213951796,0.3212275150785775,0.766442182534631,0
3.147497369572018,3.2605416375098644,0.1505531221383152,34.9997855661517,-0.07773364799857552,18.500345431127663,4.898370181858389,8.484864194204961,1.011349010559323,3
1.4472028091725464,3.6323637756318696,0.25227382031624596,48.06549224492329,-0.08777853569591601,16.964157758213137,2.6609080413842707,5.980877873488804,0.8565326915457541,3
2.5787330877556616,3.5821318602199663,0.2551563873984196,92.3681841257387,1.1079435323260989,33.90633276438165,5.057776376946563,0.20046293887348024,1.609165544184012,2
0.9828287116810948,2.868734781459984,-0.12698282158250526,37.533929432474146,-0.05520004044370399,12.83702125818267,0.7475734915013932,0.22850913893916977,0.7017996217430846,0
9.651974212246621,12.19162406056431,3.7054206522914335,62.93772639278146,0.19947887941621537,19.044792528195842,1.9879969005649774,0.47976630514108703,4.111110954160417,1
1.6977028999391977,2.7983506509822447,-0.22774413564950857,35.918390767647125,-0.019286984667652773,9.989498603150126,0.653974245630978,0.29127699832993315,0.7109799700314763,0
1.0609612538036175,3.143933598698721,-0.27859470137716275,37.48962662496531,-0.0456743695093451,13.351385157036418,0.7006248112875901,0.21631038753289883,0.448714935739456,0
1.4785745398139487,2.538265665570754,0.042508107529686666,37.893596763369565,-0.043008647651203075,11.712347042613647,0.863086424493906,0.43372914382510824,0.4387809241836508,0
5.894937417667721,13.742626456394456,1.3840054480165547,63.79077773798662,0.29866733916910887,18.052307833675652,2.74421065762764,0.2736615686847634,4.385247676176974,1
7.364761309505865,14.186504973254207,3.6864683732891734,49.83015272897744,0.2729740660224635,16.728604781395973,2.7352479985254416,0.2929676186728889,6.750799112998528,1
1.138099293153964,3.1556188880476466,0.0741940619140635,35.75738787315268,-0.0367772919246997,12.211886116275844,0.7952125033440902,0.18002569499318122,0.7910185231811986,0
1.981941082489678,2.742329338223921,0.09226611151095258,33.23744810749135,0.009598828787223582,10.931396587211607,0.33225221384773596,0.1287789186146556,0.36325712420415684,0
1.6577147419907345,3.3226096488357206,-0.041140729957437616,34.9027529737084,0.14765937038668983,14.962251908397343,2.468723970967712,4.097328395754426,1.0226849682568315,3
10.74937626693806,8.088330003661103,2.7445282279368364,59.08466243544317,0.28520949893611075,16.60123707137381,2.1751430690173157,0.5302881436376923,2.826569645982679,1
0.6192347477977259,2.996044771299994,-0.14683234498813508,43.678884875281504,-0.05098966453033305,10.186798093336666,0.2051976240084319,0.16994170753770269,0.8655940629403667,0
0.6391203919327862,3.2590071221662416,-0.21133948714175044,45.594132507899005,-0.09695678088166437,10.793413817134619,0.6962949793418325,0.24803248899597377,0.4869561388865923,0
3.747546802489932,4.806046002307278,0.47646538703954805,89.6858533623307,0.7247437077263665,22.548154219706724,2.9559322789122406,0.26893563458459707,1.755330772237847,2
1.6279928725069608,3.423511811629313,0.20070117099001866,54.32613521064325,0.041992833944333646,14.295923618374273,0.5270772458914234,0.28486147177394766,0.8260653048326345,0
6.157226482977781,12.791000665935618,2.941019419412892,60.1108419714497,0.2969977273148598,16.679216972661706,2.140377169794908,0.5816378319480295,4.284709980089533,1
0.6812442126625301,2.819137026787882,0.30365785977973253,46.13245003075488,0.007418420335235865,10.684319930707602,0.369218526105799,0.20538041691807973,0.4507153765962761,0
1.1916605237531088,3.5878493793335244,0.0060446528173585265,37.70265438505355,0.0056808115783826925,13.77051179375929,0.7923883008817386,0.5469499176050965,0.5418628363700888,0
1.0018702357822695,3.349450020013504,0.0478768306968406,45.74420189331624,-0.006560599026965211,12.194182951680785,0.41484963768499095,0.4034480353639877,0.8082913364824693,0
2.4833558209005084,2.6631609534208533,0.27013706074525823,46.52075643059431,0.1855295306695669,17.224394154522095,4.539254335930589,4.066740255963198,1.0864380132864966,3
0.6211974343353088,3.159920523773365,0.21441074885495376,34.00305163002451,-0.028152068426546058,15.461629464216127,0.6235058085928173,0.4966606105638007,0.6167935341995439,0
1.392109948414367,2.829884004663678,0.2915342437969565,49.18221125149487,0.0900053304090754,15.076290656344481,4.400942114725466,5.559443829553294,1.423160853089663,3
0.8606326409753194,2.798817592619897,0.3209630407104721,45.73902892482018,-0.03059810963327876,10.993953983002536,0.9249294806175642,0.13292712025611322,0.6978033779481365,0
0.846211431125727,2.9629016045207126,0.23965191526614588,50.90177808669524,-0.03424097957397897,14.05516621380644,0.6846757763916572,0.2797419397776895,0.9276693254463821,0
3.9139109732007107,3.617092614490574,0.4305311230209143,97.44019948506423,1.141911618921952,21.93028944634642,3.221397444056743,0.3712309423317508,1.6147921133680325,2
0.7920373141909481,3.0864352763157217,0.26528224813710316,40.42360977983015,-0.014999956118004856,10.083977594204466,0.2551924037618013,0.2161647736683628,0.5589442469093349,0
1.925295717186631,3.2916701557116963,0.2129730285394654,50.84824505745759,-0.0176095239339713,12.248350169136273,0.4625513115202688,0.3339586125268051,0.88124057498085,0
8.819396603467196,12.861069166129473,1.8969663748395929,53.876988077363,0.15800436583734417,16.8278090651868,1.585057965769471,0.15813943731017524,3.862214066956314,1
0.7599103167868723,3.253807752190865,-0.09132313296868899,38.294047407341054,0.012249589747399162,13.455100736904749,0.8904085638120329,0.43863249585676606,0.7364723471990517,0
1.621748581389654,3.1147672248088107,0.03115029344626006,48.005206774220184,-0.08398816548830168,11.364793553483636,0.49624506475917796,0.271229900415216,0.7449674163290788,0
2.3110013905525895,3.5009032596102485,0.3128567746374292,77.9623183650306,1.3543641953219367,23.59014269382716,6.189943430521997,0.22355805275846702,1.5966892416853102,2
0.965504244494293,3.3459996221398898,0.21769654684794096,42.952090803162946,0.03591584420562781,13.407855264034913,0.4372549620089274,0.28146574694283333,0.4401986936971598,0
2.355583094207635,3.8050997123250476,0.3126821011248012,50.397421337062354,0.1413507330828504,15.802855413206695,2.545234464742295,3.7990451374900984,1.3265775956695285,3
10.955754684790511,8.30547988516412,3.2746720314330235,54.64618374893437,0.23745882901873877,15.133694065859354,2.9531275035201077,0.39591195208153984,5.107712559770154,1
2.142735579881139,3.4136688936432664,-0.2601423613429408,35.881106418587436,0.02397578193875419,12.234933515106345,3.238449706315885,8.766246547108913,0.8978919370936702,3
0.9821510385253762,2.5786843382354125,-0.1442954462423683,38.002648468370666,0.009365697683426776,12.73956904710788,1.0473508728313135,0.3293913651847352,0.258023403819864,0
8.769176686846794,6.390777442115384,3.0527320881180073,59.23434085695364,0.05225028772274293,15.54906654307188,3.38820049574918,0.3213788398654182,7.605501256426962,1
1.3061009841241085,2.507845150584579,-0.20093980229858666,50.315765558967904,-0.05626200102949225,13.067039894506538,0.8485043777168589,0.4382602432983202,0.34660427577040887,0
3.0063675015128832,4.147314372375818,0.012738530045430513,101.04095652315523,0.7781939936029318,33.677279698898,8.444189924880927,0.38993829777183486,0.6215460529164102,2
2.6939113359001796,3.561767148190157,0.22962085863043324,41.82477238797306,0.04245472980151523,14.021882681244728,4.721222227219455,6.774546830845165,1.1192094890027988,3
2.652321943901523,3.544874052606314,-0.17424870895210806,38.50124038600883,0.049870220647955564,17.933412865316555,2.698448594737252,9.339297492413728,1.4913293333318363,3
1.2191260802925856,3.3665065712609623,-0.15489620133366674,34.197828022250256,-0.04616076838758648,11.5341967527197,0.19309747087850782,0.3761457611062152,0.9514516077258656,0
1.580870875846811,3.4224492010115672,-0.25209043055548763,40.34241216442631,-0.09702082936458552,13.598536135614028,1.0234803062007414,0.4398808076617939,0.7309383772490639,0
1.1114205628865241,3.366318889211594,0.18149411197199522,27.777682762574074,-0.01410089587994064,13.69687219539589,0.728458505056815,0.5091271000770979,0.5416107895286637,0
1.6374235588738082,3.064511778405675,0.05327562640431024,46.30378371927963,-0.07232429064243584,14.042764450012093,0.15851794063194244,0.36913106620428693,0.7551220013930512,0
0.7215806885171508,2.530692352163552,-0.2768370353716655,45.588647383564094,-0.04867274101184488,9.682795460970963,0.7805741413510986,0.22534981999526363,0.7739502615901237,0
1.826738772365047,3.548065558355865,-0.00865333757253594,40.6485737977868,0.0846705208646861,12.33293187873567,0.7750599092961621,0.44771943041044476,0.3493120687156134,0
3.5011793742333386,4.758862367754047,0.16206121837285853,94.94130886142896,0.8324856074734949,32.87186478024015,5.591931678956253,0.32791319596034685,1.759246003214298,2
1.0086713862734347,3.0458184908327923,0.048042429370021664,42.005358569026875,0.0847036563473107,14.211187095893834,0.3593452185250308,0.46155751732215183,0.7727960824347643,0
1.5235997072305005,3.6748260793299585,0.2684694860744444,38.15572325441096,0.09243215780717123,11.811674888781182,0.15160938735637025,0.3280130719878269,0.7059846528748747,0
0.7186221873270437,3.18016902564301,0.05407252079178462,31.973387995823483,0.03420270535927513,10.380328677433571,0.4921268742696087,0.19046673557979363,0.9453575119908664,0
2.1982817180805716,3.934900072758459,0.473871517691634,41.77089355274648,0.148407939692772,14.963214911899207,3.83217528773564,4.43037282243684,1.3398615234467905,3
3.7508802273703097,4.394557157222762,0.34389758221945876,97.73220465219404,2.1266358134082077,30.306342132774187,7.687233546147736,0.16165146653152374,1.932794054243896,2
2.7749442612068704,3.5369342436237146,-0.4694004412083942,41.605766314801365,0.0482128476748162,16.630878362176585,2.6961372902557654,6.186145166538823,0.4149376842247459,3
1.1692834726663304,3.145440824465294,-0.0508678046892407,37.84376700081812,0.07812718810227243,14.14519388245977,0.736599577166399,0.3932388515263742,0.2579474620454054,0
1.4172427889814359,2.8264342495247097,0.2159016374791913,45.54609387603721,0.016111069108670117,14.191430587496935,0.8076572255773546,0.46553526523346916,0.6105991209861295,0
1.2399173619903967,2.9353069038736046,0.20913617986427419,42.774016244120205,-0.06135268664449529,9.51942201582641,0.15294883249317676,0.1964186407463068,0.5969959022556526,0
0.7436804481364869,2.7056082544529,0.15241842245942686,47.7629407993124,-0.04028300165710942,10.283703507775893,0.32597529528191954,0.4905145592386902,0.9492568507661172,0
1.6693479496902355,2.38952284636306,-0.12948298133255262,44.71590986820656,-0.019289590012014867,10.928126716980127,0.7927744150110475,0.24991787712588817,0.3700669188434986,0
2.2021046889472737,3.686201414023036,0.24818341395989435,80.30165330349267,1.8020088465053503,21.785083188967477,7.126814460900225,0.409174278133046,0.9320269420318853,2
1.9701641931656968,2.577693877758914,-0.4057525243684354,40.038385694010294,-0.0729690224978514,14.213722662733703,4.086265378618771,8.887559337841369,0.38885631392384934,3
11.729442989070213,6.275666689697449,2.1586524981281605,56.90549376000092,0.10559545546244217,14.448042233573036,3.2069093236181465,0.19646764454667295,4.100335523038492,1
2.285964329277548,3.2057644479657275,-0.23169250147334158,49.924873254285764,0.08325774059304113,13.77324375907713,2.9453088882347114,6.794705316554049,1.0794341142101314,3
1.2355239601373056,3.709122758634279,-0.04821259640076024,35.72716574133748,0.0002903284806371936,13.524364481413864,0.9241935023775633,0.4361881011314589,0.7753489694695923,0
0.744223294849904,2.7085954067724627,-0.21608223740140614,40.21957121210725,0.0687497709008332,11.405678085511974,0.19120783978230144,0.3242216058172226,0.671246707432429,0
1.9241798815013353,3.153106228726222,-0.04928202651548257,43.54486155289539,0.18005734548589455,17.085610459207835,4.746417531383165,7.983780588555167,1.0039512233971233,3
1.661365381047279,3.1140260337589933,0.10298871148768383,40.88137744781164,-0.05939136456742048,14.709296289016052,0.7913769029933607,0.35214846350720014,0.6733425195306538,0
3.2733370348155186,2.503439923900916,-0.24342608139779148,36.155763124289585,0.1668322129208155,12.368567831311282,4.408063945592015,4.887801761011726,1.0544212662754688,3
0.8764378003437143,3.0228866450802396,-0.04182656548579267,30.539436642721938,0.08397577495374055,14.302004547420767,0.9048868121981949,0.27063017100801295,0.3544340208032214,0
3.5009935632267943,4.526711259726087,0.45838440625765653,96.13270628162228,1.8083706226858274,22.10376392350634,5.329228832079958,0.16258022873425212,2.157142439833599,2
2.081321892330074,2.947597444858445,-0.18370422800850064,35.31233186849245,0.035679569372104834,13.637791796682563,0.49181082695216166,0.22879605608818607,0.769848718624427,0
6.691774929248678,11.032846421185099,2.035602055923347,46.662562256323405,0.15092425088568223,16.930923405767068,2.252768783376092,0.34305619052294856,6.385434183025053,1
1.6693708542096222,3.518476102063545,-0.1310715935044304,48.529200002742954,-0.0434667774379545,15.141430804749648,1.085021183531678,0.375416146107829,0.4754994561203553,0
5.10509088125323,7.445746058811157,1.6787216687497488,50.471008933569145,0.24742115172488385,16.66130138277884,2.0555575857096873,0.39314049811473123,7.268064426495375,1
4.1271308560756355,3.5363637335367955,0.40060705248850287,96.5705432986568,2.1436195709297348,22.966149730097428,6.578698715885428,0.11121778926744003,1.803892195740163,2
1.4948145395432388,3.110191006803572,-0.1321454301412217,34.107257390370016,-0.05413786773480542,12.763354320819909,0.4630885277833613,0.37924634977586197,0.9382381960264718,0
1.911475679968819,2.4323602266451574,-0.09548940921624337,28.454315543881012,0.0031195948315220806,11.702602521990343,0.4308966538599416,0.3014542384875045,0.5895119509340717,0
10.833542523990674,8.77331106117765,3.213743440764332,59.50449664905181,0.16807488524608363,14.558352088092223,2.4844351295998757,0.33016217578617835,4.421146298334622,1
1.0319867887455507,2.693217452155952,-0.25375468363284714,50.53698061028353,-0.07418773023809859,11.136515426488227,0.2545745836061296,0.3252284365504951,0.4804837964025944,0
2.401766291902656,4.078476536841841,0.34079270041556625,107.41752966349324,1.7826137514862728,24.75898223762426,7.102893514770751,0.4871479902011165,1.6304443361928849,2
0.5294979062565645,2.893345556594607,-0.1996010355186619,34.742196295757566,-0.042936108195588116,12.668888147146,0.5727397380950301,0.19407218697872777,0.9002902668155757,0
0.9631912282185471,3.431664576667302,0.20446313232388444,41.46146609442752,0.06678908798733803,13.046384495663029,0.9648295563301232,0.28689176056935917,0.28545041232740775,0
1.7340284239645882,2.622876186824919,-0.008479313566199765,43.175088704593534,0.07862167854413812,12.635448757791485,0.5904754038675398,0.20518506140586285,0.22521332301818195,0
0.8783624532799036,2.887397572138105,-0.06068086976829626,31.164163782728394,-0.04466591103385672,12.464669377068208,0.56764435029044,0.31674376643351815,0.42422305422419854,0
0.688658957280615,2.843513652059991,0.02788597677389051,52.80220781398405,-0.08435222983077861,11.641827066252846,0.30246015530111303,0.26899558908715143,0.49193003445033356,0
9.800261293446887,14.514371137642886,1.4938905288703075,55.327342537424165,0.16318137124605125,19.181060836596885,3.2750304943935737,0.48535556478693004,5.931639683917783,1
1.4741039290301283,3.5696245577669474,-0.10857110033366887,41.05081799877913,-0.016251842657020857,9.661512391660422,0.6938899348226512,0.28339421003146403,0.8730564121178797,0
0.8784935182892936,3.6675396561994984,0.1908076634535841,38.95718858296144,-0.027648662980906697,14.081187204888515,0.7893919144211827,0.4150188782184057,0.2541915064195325,0
1.592068282035553,2.9595954885140907,0.013108000982212884,47.36407419808591,-0.0005989904354119865,10.831342627825196,0.8094924418255418,0.4779873473937555,0.9358412456567254,0
1.6185642221455774,3.233495696145982,-0.13686797723828573,28.89812472417231,-0.019732900648837325,11.072289263790891,0.5793065915856821,0.10205359627868227,0.27111337590313467,0
1.0547364261920837,2.805721589537311,0.0031897167365592355,46.833364599877434,-0.02807155532044653,10.44451560177463,0.47613341103138634,0.49867341102322954,0.29164110460048687,0
1.515433377496854,2.980231414027127,0.03351916468360384,32.294060185461326,-0.08316825745854599,13.932516375994489,0.3488701580722643,0.48739878723255237,0.26055448290749733,0
11.718137836710227,7.039083815894111,1.6039227930616378,65.08146671178407,0.27503293339231205,17.671111504026694,1.795324575229329,0.5085477941100383,4.6565141554246665,1
0.7990146369659578,2.8102192316765686,-0.2698910503703113,35.14678260130601,0.03468287612823045,16.008976141517042,0.11823780732741285,0.23296021105691467,0.3644537868749566,0
2.2919756748900553,3.7148458181200326,0.49124117720975913,82.61149479511882,0.5941066705103812,25.529256404196275,3.769885509124152,0.24666169398094867,1.6341148897329294,2
2.827887404185415,3.7068250681463164,0.061225941852144736,78.66311360575874,1.5486890603207466,32.32036664327664,6.606099187653466,0.24662322471666842,1.6076826502293833,2
8.139548595704628,9.161346026401992,3.4866219329837236,65.61298529408796,0.2063722061703956,18.218975415382996,1.7403868861628484,0.44214012793321655,3.5007366587994078,1
1.7513823247481495,2.4349991934921045,-0.2043362631142696,45.87622799547408,0.010432587507950855,12.633613463392502,0.32456718083074576,0.21559832010724925,0.634705390391002,0
1.8964539715079693,3.500097704824769,0.04924986859325234,31.356876264506685,-0.05040845229425701,12.400205510265977,0.7697072140082789,0.42954269660646716,0.49972140946664423,0
0.5810541255530423,2.6157206391632197,-0.27037690868206626,30.610818155155105,0.07579597638464533,10.683701078880349,0.7028785471966965,0.24171778978191755,0.5484384291033702,0
2.873024710784744,2.8307897650657208,0.25952572573908506,46.780307377308624,0.07851563601731822,13.524289233528833,4.168208981006477,9.102968756626288,0.3451795445338834,3
8.71979782159592,8.84353120510615,1.9498490457017728,61.1920549716367,0.16862885837908376,18.768337156497765,2.963843776765583,0.2672870038661506,4.230755193462065,1
0.5442419458906955,2.668697483596959,0.21220232422512308,34.05511301284351,-0.05279537205251841,11.389653209496332,0.4824593969374475,0.3839497717683942,0.5814895899104842,0
0.6440935013968806,2.8406769062362405,0.19294804809278746,28.988221170911764,0.07475713854140466,12.79430830673454,0.6985657990446397,0.4917901079265428,0.9353190507183632,0
1.423953926349389,3.563332205575941,0.07392518192479686,35.22048406865796,-0.0483045764653105,13.938932583260591,0.307664126203624,0.4680796638257747,0.8605525299035268,0
1.688664406260279,2.7110611480322753,0.2260289313846241,30.124425920706255,-0.07150624609448723,13.294716481814948,0.659634664933003,0.29799057147475116,0.37189836038575086,0
0.6347885621372348,2.5390362926877703,-0.18686325657091826,31.015160357535045,-0.004925662759427503,11.20398545458264,0.3337897161705335,0.3576871979106205,0.782043796842575,0
0.5780317003930345,3.177566710770811,0.04957498108815904,43.653863791691194,0.011550895349854824,12.335921723435609,0.7080671937958145,0.33587167929520584,0.6164844731688749,0
1.6215547251397393,2.9766585280544553,0.13554114850743454,41.1215886079158,0.08048523231292136,14.128672499481622,0.8478794823560707,0.28148686584228805,0.33879252747753985,0
1.172336553467454,3.175303308399267,0.23800285941812477,51.23667598937578,-0.05298261800137725,14.723179279612046,0.895501148661514,0.13055634910019845,0.5038974257010735,0
1.2674252575143468,2.263040942107751,-0.11095746464239038,41.542042732274176,-0.04477174341088937,13.10667689883449,0.8708749348436458,0.41272219867415444,0.5002933916550414,0
5.537999672330887,12.416480163296612,3.3507508954581917,49.87678823522129,0.28689489629867526,17.241620446994773,1.9637602585888174,0.4966947222316071,7.726245696018226,1
1.7420358746716682,2.747779140632313,0.0010233719212723396,49.057814153087676,0.04600456886717354,16.521733613215122,2.1628836639349904,7.233917367081167,0.4567682627000938,3
2.0847774384923756,3.9384677249996707,0.3265442643860549,88.63340904930904,0.8379436759579959,20.312110314888585,5.435489675422731,0.13894538674652038,1.7920858748102628,2
9.468013095046349,14.65869922234254,2.851986124518951,43.663064942734536,0.07908372699077228,17.000808966610848,2.223400125163523,0.35912445407288973,6.20764893494446,1
1.6236002518982386,2.9133269877657386,0.41191600866825573,50.8283699826112,0.1270504341527771,12.964385700652777,2.9691537426785923,9.686073312410114,0.4747171793045851,3
1.8683104221576585,2.7320567558409596,0.12948280079966995,31.895760865163556,-0.013535647200191228,11.697449637706141,0.31663425078546104,0.33056078651710186,0.6811073889401814,0
1.4007233703116606,2.6485466916422817,0.22836745895068114,41.18985102713775,0.060755783398039324,13.593103936696787,0.7874725277031089,0.1640586168037436,0.7093165571716612,0
1.3925791489432064,3.229163202612229,0.11775478097342566,50.656419883690354,0.09690538091854532,12.015723235306867,0.23351727185915774,0.3489524799962762,0.8461879891357719,0
0.5717961602662003,2.976736833976405,0.11553269932384412,44.94275139537077,0.015218791795317137,9.928724376222373,0.5728237439784382,0.20488077007498917,0.4326115427253043,0
1.0081742499806943,2.956285150359885,-0.06576883734102415,47.15313598377345,-0.008452433814779364,14.55349821311629,0.49138583977708794,0.4847358894964358,0.6571490056715233,0
2.141517537685253,2.842276755290752,0.16538753736093906,53.35208296093952,-0.07578024362651402,11.436795302442436,0.12147710845579279,0.29578340937530695,0.5021302101355748,0
5.9569092482068635,14.197003623546175,1.7151302880483885,48.75900512819366,0.1641831079550153,18.27719352509941,3.522018057081465,0.15730343518699025,6.347288854631802,1
9.92841897634689,13.135653944513974,2.2158207115028614,57.88779458415663,0.15215574280397381,16.351351232211066,2.407641072815182,0.4785012762684188,4.974089453773111,1
10.184736142935952,8.530812590337243,4.011876085147698,59.21014444804199,0.13069154659155377,17.94066161631308,3.4580551353558815,0.24201324267022406,4.764545460113972,1
1.857757182469384,3.762529534928869,-0.4643887812711741,40.25690222122747,0.046060567329270614,18.358672613702115,4.439752275620998,3.6644256528297463,1.463148198512476,3
1.013552704541943,3.196103857313829,-0.24268032722893243,31.732454814968737,0.09686560997971327,14.642447038357716,0.5248386640852539,0.39149409710697136,0.21284032334856942,0
8.636000295710698,6.394953702126598,3.2212283158965573,50.99309461040161,0.07282364600000622,13.711347539454339,1.7519047418018743,0.29937126747700693,6.48426314440715,1
3.7748328045958073,3.270343703038916,0.10223766186089658,87.65814644047347,1.0213504052007238,24.412462219679078,3.3664827466790115,0.4840378264258876,0.8129817403764652,2
0.8202287993854597,2.645354897363355,0.2625837837703938,53.140100052768304,-0.03873952985491663,13.098445875257275,0.2691136501695701,0.47096676634634865,0.26460516131882883,0
